ISO-10303-21;
HEADER;
/* Generated by software containing ST-Developer
 * from STEP Tools, Inc. (www.steptools.com) 
 */

FILE_DESCRIPTION(
/* description */ (''),
/* implementation_level */ '2;1');

FILE_NAME(
/* name */ 'PE Crocodile.stp',
/* time_stamp */ '2025-03-20T14:26:33+05:00',
/* author */ ('\X2\041C0430043A04410438043C\X0\'),
/* organization */ (''),
/* preprocessor_version */ 'ST-DEVELOPER v20',
/* originating_system */ 'Autodesk Inventor 2025',
/* authorisation */ '');

FILE_SCHEMA (('AUTOMOTIVE_DESIGN { 1 0 10303 214 3 1 1 }'));
ENDSEC;

DATA;
#10=MECHANICAL_DESIGN_GEOMETRIC_PRESENTATION_REPRESENTATION('',(#7986,#7987,
#7988,#7989,#7990,#7991,#7992,#7993,#7994,#7995,#7996,#7997,#7998,#7999,
#8000,#8001,#8002,#8003,#8004,#8005,#8006,#8007,#8008,#8009,#8010,#8011,
#8012,#8013,#8014,#8015,#8016,#8017,#8018,#8019,#8020,#8021,#8022,#8023,
#8024,#8025,#8026,#8027,#8028,#8029,#8030,#8031,#8032,#8033,#8034,#8035,
#8036,#8037,#8038,#8039,#8040,#8041,#8042,#8043,#8044,#8045,#8046,#8047,
#8048,#8049,#8050,#8051,#8052,#8053,#8054,#8055,#8056,#8057,#8058,#8059,
#8060,#8061,#8062,#8063,#8064,#8065,#8066,#8067,#8068,#8069,#8070,#8071,
#8072,#8073,#8074,#8075,#8076,#8077,#8078,#8079,#8080,#8081,#8082,#8083,
#8084,#8085,#8086,#8087,#8088,#8089,#8090,#8091,#8092,#8093,#8094,#8095,
#8096,#8097,#8098,#8099,#8100,#8101,#8102,#8103,#8104,#8105,#8106,#8107,
#8108,#8109,#8110,#8111,#8112,#8113,#8114,#8115,#8116,#8117,#8118,#8119,
#8120,#8121,#8122,#8123,#8124,#8125,#8126,#8127,#8128,#8129,#8130,#8131,
#8132,#8133,#8134,#8135,#8136,#8137,#8138,#8139,#8140,#8141,#8142,#8143,
#8144,#8145,#8146,#8147,#8148,#8149,#8150,#8151,#8152,#8153,#8154,#8155,
#8156,#8157,#8158,#8159,#8160,#8161,#8162,#8163,#8164,#8165,#8166,#8167,
#8168,#8169,#8170,#8171,#8172,#8173,#8174,#8175,#8176,#8177,#8178,#8179,
#8180,#8181,#8182,#8183,#8184,#8185,#8186,#8187,#8188,#8189,#8190,#8191,
#8192,#8193,#8194,#8195,#8196,#8197,#8198,#8199,#8200,#8201,#8202,#8203,
#8204,#8205,#8206,#8207,#8208,#8209,#8210,#8211,#8212,#8213,#8214,#8215,
#8216,#8217,#8218,#8219,#8220,#8221,#8222,#8223,#8224,#8225,#8226,#8227,
#8228,#8229,#8230,#8231,#8232,#8233,#8234,#8235,#8236,#8237,#8238,#8239,
#8240,#8241,#8242,#8243,#8244,#8245,#8246,#8247,#8248,#8249,#8250,#8251,
#8252,#8253,#8254,#8255,#8256,#8257,#8258,#8259,#8260,#8261,#8262,#8263,
#8264,#8265,#8266,#8267,#8268,#8269,#8270,#8271,#8272,#8273,#8274,#8275,
#8276,#8277,#8278,#8279,#8280,#8281,#8282,#8283,#8284,#8285,#8286,#8287,
#8288,#8289,#8290,#8291,#8292,#8293,#8294,#8295,#8296,#8297,#8298,#8299,
#8300,#8301,#8302,#8303,#8304,#8305,#8306,#8307,#8308,#8309,#8310,#8311,
#8312,#8313,#8314,#8315,#8316,#8317,#8318,#8319,#8320,#8321,#8322,#8323,
#8324,#8325,#8326,#8327,#8328,#8329,#8330,#8331,#8332,#8333,#8334,#8335,
#8336,#8337,#8338,#8339,#8340,#8341,#8342,#8343,#8344,#8345,#8346,#8347,
#8348,#8349,#8350,#8351,#8352,#8353,#8354,#8355,#8356,#8357,#8358,#8359,
#8360,#8361,#8362,#8363,#8364,#8365,#8366,#8367,#8368,#8369,#8370,#8371,
#8372,#8373,#8374,#8375,#8376,#8377,#8378,#8379,#8380,#8381,#8382,#8383,
#8384,#8385,#8386,#8387,#8388,#8389,#8390,#8391,#8392,#8393,#8394,#8395,
#8396,#8397,#8398,#8399,#8400,#8401,#8402,#8403,#8404,#8405,#8406,#8407,
#8408,#8409,#8410,#8411,#8412,#8413,#8414,#8415,#8416,#8417,#8418,#8419,
#8420,#8421,#8422,#8423,#8424,#8425,#8426,#8427,#8428,#8429,#8430,#8431,
#8432,#8433,#8434,#8435,#8436,#8437,#8438,#8439,#8440,#8441,#8442,#8443,
#8444,#8445,#8446,#8447,#8448,#8449,#8450,#8451,#8452,#8453,#8454,#8455,
#8456,#8457,#8458,#8459,#8460,#8461,#8462,#8463),#16770);
#11=SHAPE_REPRESENTATION_RELATIONSHIP('SRR','None',#16777,#12);
#12=ADVANCED_BREP_SHAPE_REPRESENTATION('',(#106,#107,#108,#109,#110,#111,
#112,#113),#16769);
#13=(
BOUNDED_CURVE()
B_SPLINE_CURVE(2,(#15740,#15741,#15742),.UNSPECIFIED.,.F.,.F.)
B_SPLINE_CURVE_WITH_KNOTS((3,3),(0.,0.0856357379894205),.UNSPECIFIED.)
CURVE()
GEOMETRIC_REPRESENTATION_ITEM()
RATIONAL_B_SPLINE_CURVE((1.,1.,1.))
REPRESENTATION_ITEM('')
);
#14=(
BOUNDED_CURVE()
B_SPLINE_CURVE(2,(#15746,#15747,#15748),.UNSPECIFIED.,.F.,.F.)
B_SPLINE_CURVE_WITH_KNOTS((3,3),(0.760900978546799,1.5223169569423),
 .UNSPECIFIED.)
CURVE()
GEOMETRIC_REPRESENTATION_ITEM()
RATIONAL_B_SPLINE_CURVE((1.,1.,1.))
REPRESENTATION_ITEM('')
);
#15=(
BOUNDED_CURVE()
B_SPLINE_CURVE(2,(#15760,#15761,#15762),.UNSPECIFIED.,.F.,.F.)
B_SPLINE_CURVE_WITH_KNOTS((3,3),(0.,0.795745901523031),.UNSPECIFIED.)
CURVE()
GEOMETRIC_REPRESENTATION_ITEM()
RATIONAL_B_SPLINE_CURVE((1.,1.,1.))
REPRESENTATION_ITEM('')
);
#16=(
BOUNDED_CURVE()
B_SPLINE_CURVE(2,(#15767,#15768,#15769),.UNSPECIFIED.,.F.,.F.)
B_SPLINE_CURVE_WITH_KNOTS((3,3),(0.555166893272087,0.752503762165036),
 .UNSPECIFIED.)
CURVE()
GEOMETRIC_REPRESENTATION_ITEM()
RATIONAL_B_SPLINE_CURVE((1.,1.,1.))
REPRESENTATION_ITEM('')
);
#17=(
BOUNDED_CURVE()
B_SPLINE_CURVE(2,(#15880,#15881,#15882),.UNSPECIFIED.,.F.,.F.)
B_SPLINE_CURVE_WITH_KNOTS((3,3),(8.99666499902138,9.29524203975783),
 .UNSPECIFIED.)
CURVE()
GEOMETRIC_REPRESENTATION_ITEM()
RATIONAL_B_SPLINE_CURVE((1.00000000070768,1.00000000070844,1.00000000070847))
REPRESENTATION_ITEM('')
);
#18=(
BOUNDED_CURVE()
B_SPLINE_CURVE(2,(#15883,#15884,#15885),.UNSPECIFIED.,.F.,.F.)
B_SPLINE_CURVE_WITH_KNOTS((3,3),(9.29524203975783,13.0028502010307),
 .UNSPECIFIED.)
CURVE()
GEOMETRIC_REPRESENTATION_ITEM()
RATIONAL_B_SPLINE_CURVE((1.00000000070847,1.00000000070886,1.00000000059684))
REPRESENTATION_ITEM('')
);
#19=(
BOUNDED_CURVE()
B_SPLINE_CURVE(2,(#15888,#15889,#15890),.UNSPECIFIED.,.F.,.F.)
B_SPLINE_CURVE_WITH_KNOTS((3,3),(3.4371678488714,4.70457445616878),
 .UNSPECIFIED.)
CURVE()
GEOMETRIC_REPRESENTATION_ITEM()
RATIONAL_B_SPLINE_CURVE((1.,1.,1.))
REPRESENTATION_ITEM('')
);
#20=(
BOUNDED_CURVE()
B_SPLINE_CURVE(2,(#15895,#15896,#15897),.UNSPECIFIED.,.F.,.F.)
B_SPLINE_CURVE_WITH_KNOTS((3,3),(23.6435366616581,25.2913674376545),
 .UNSPECIFIED.)
CURVE()
GEOMETRIC_REPRESENTATION_ITEM()
RATIONAL_B_SPLINE_CURVE((1.,1.,1.))
REPRESENTATION_ITEM('')
);
#21=(
BOUNDED_CURVE()
B_SPLINE_CURVE(2,(#16013,#16014,#16015),.UNSPECIFIED.,.F.,.F.)
B_SPLINE_CURVE_WITH_KNOTS((3,3),(-2.82936970341556,-0.408249879330505),
 .UNSPECIFIED.)
CURVE()
GEOMETRIC_REPRESENTATION_ITEM()
RATIONAL_B_SPLINE_CURVE((1.,1.,1.))
REPRESENTATION_ITEM('')
);
#22=(
BOUNDED_CURVE()
B_SPLINE_CURVE(2,(#16019,#16020,#16021),.UNSPECIFIED.,.F.,.F.)
B_SPLINE_CURVE_WITH_KNOTS((3,3),(0.284541662257191,2.78246494481692),
 .UNSPECIFIED.)
CURVE()
GEOMETRIC_REPRESENTATION_ITEM()
RATIONAL_B_SPLINE_CURVE((0.999999999873117,0.999999999374421,0.999999999898251))
REPRESENTATION_ITEM('')
);
#23=(
BOUNDED_CURVE()
B_SPLINE_CURVE(2,(#16029,#16030,#16031),.UNSPECIFIED.,.F.,.F.)
B_SPLINE_CURVE_WITH_KNOTS((3,3),(-2.72104641901974,-0.223127998409337),
 .UNSPECIFIED.)
CURVE()
GEOMETRIC_REPRESENTATION_ITEM()
RATIONAL_B_SPLINE_CURVE((1.,1.,1.))
REPRESENTATION_ITEM('')
);
#24=(
BOUNDED_CURVE()
B_SPLINE_CURVE(2,(#16305,#16306,#16307),.UNSPECIFIED.,.F.,.F.)
B_SPLINE_CURVE_WITH_KNOTS((3,3),(0.281130778165508,0.297906693431039),
 .UNSPECIFIED.)
CURVE()
GEOMETRIC_REPRESENTATION_ITEM()
RATIONAL_B_SPLINE_CURVE((1.77428976211705,1.41024697526003,1.))
REPRESENTATION_ITEM('')
);
#25=(
BOUNDED_CURVE()
B_SPLINE_CURVE(2,(#16312,#16313,#16314),.UNSPECIFIED.,.F.,.F.)
B_SPLINE_CURVE_WITH_KNOTS((3,3),(0.,0.0167759152655319),.UNSPECIFIED.)
CURVE()
GEOMETRIC_REPRESENTATION_ITEM()
RATIONAL_B_SPLINE_CURVE((1.,1.41024697526003,1.77428976211705))
REPRESENTATION_ITEM('')
);
#26=(
BOUNDED_CURVE()
B_SPLINE_CURVE(2,(#16333,#16334,#16335),.UNSPECIFIED.,.F.,.F.)
B_SPLINE_CURVE_WITH_KNOTS((3,3),(0.281130778165507,0.297906693431039),
 .UNSPECIFIED.)
CURVE()
GEOMETRIC_REPRESENTATION_ITEM()
RATIONAL_B_SPLINE_CURVE((1.77428976211709,1.41024697526005,1.))
REPRESENTATION_ITEM('')
);
#27=(
BOUNDED_CURVE()
B_SPLINE_CURVE(2,(#16339,#16340,#16341),.UNSPECIFIED.,.F.,.F.)
B_SPLINE_CURVE_WITH_KNOTS((3,3),(0.,0.0167759152655313),.UNSPECIFIED.)
CURVE()
GEOMETRIC_REPRESENTATION_ITEM()
RATIONAL_B_SPLINE_CURVE((1.,1.41024697526003,1.77428976211705))
REPRESENTATION_ITEM('')
);
#28=(
BOUNDED_CURVE()
B_SPLINE_CURVE(2,(#16378,#16379,#16380),.UNSPECIFIED.,.F.,.F.)
B_SPLINE_CURVE_WITH_KNOTS((3,3),(0.281130778165508,0.297906693431039),
 .UNSPECIFIED.)
CURVE()
GEOMETRIC_REPRESENTATION_ITEM()
RATIONAL_B_SPLINE_CURVE((1.77428976211702,1.41024697526002,1.))
REPRESENTATION_ITEM('')
);
#29=(
BOUNDED_CURVE()
B_SPLINE_CURVE(2,(#16383,#16384,#16385),.UNSPECIFIED.,.F.,.F.)
B_SPLINE_CURVE_WITH_KNOTS((3,3),(0.281130778165507,0.297906693431038),
 .UNSPECIFIED.)
CURVE()
GEOMETRIC_REPRESENTATION_ITEM()
RATIONAL_B_SPLINE_CURVE((1.77428976211703,1.41024697526002,1.))
REPRESENTATION_ITEM('')
);
#30=(
BOUNDED_CURVE()
B_SPLINE_CURVE(2,(#16389,#16390,#16391),.UNSPECIFIED.,.F.,.F.)
B_SPLINE_CURVE_WITH_KNOTS((3,3),(0.,0.0167759152655312),.UNSPECIFIED.)
CURVE()
GEOMETRIC_REPRESENTATION_ITEM()
RATIONAL_B_SPLINE_CURVE((1.,1.41024697526004,1.77428976211706))
REPRESENTATION_ITEM('')
);
#31=(
BOUNDED_CURVE()
B_SPLINE_CURVE(2,(#16408,#16409,#16410),.UNSPECIFIED.,.F.,.F.)
B_SPLINE_CURVE_WITH_KNOTS((3,3),(0.,0.0167759152655316),.UNSPECIFIED.)
CURVE()
GEOMETRIC_REPRESENTATION_ITEM()
RATIONAL_B_SPLINE_CURVE((1.,1.41024697526004,1.77428976211707))
REPRESENTATION_ITEM('')
);
#32=(
BOUNDED_CURVE()
B_SPLINE_CURVE(2,(#16649,#16650,#16651),.UNSPECIFIED.,.F.,.F.)
B_SPLINE_CURVE_WITH_KNOTS((3,3),(0.281130778165508,0.297906693431039),
 .UNSPECIFIED.)
CURVE()
GEOMETRIC_REPRESENTATION_ITEM()
RATIONAL_B_SPLINE_CURVE((1.77428976211705,1.41024697526003,1.))
REPRESENTATION_ITEM('')
);
#33=(
BOUNDED_CURVE()
B_SPLINE_CURVE(2,(#16656,#16657,#16658),.UNSPECIFIED.,.F.,.F.)
B_SPLINE_CURVE_WITH_KNOTS((3,3),(0.,0.0167759152655319),.UNSPECIFIED.)
CURVE()
GEOMETRIC_REPRESENTATION_ITEM()
RATIONAL_B_SPLINE_CURVE((1.,1.41024697526003,1.77428976211705))
REPRESENTATION_ITEM('')
);
#34=(
BOUNDED_CURVE()
B_SPLINE_CURVE(2,(#16677,#16678,#16679),.UNSPECIFIED.,.F.,.F.)
B_SPLINE_CURVE_WITH_KNOTS((3,3),(0.281130778165507,0.297906693431039),
 .UNSPECIFIED.)
CURVE()
GEOMETRIC_REPRESENTATION_ITEM()
RATIONAL_B_SPLINE_CURVE((1.77428976211709,1.41024697526005,1.))
REPRESENTATION_ITEM('')
);
#35=(
BOUNDED_CURVE()
B_SPLINE_CURVE(2,(#16683,#16684,#16685),.UNSPECIFIED.,.F.,.F.)
B_SPLINE_CURVE_WITH_KNOTS((3,3),(0.,0.0167759152655313),.UNSPECIFIED.)
CURVE()
GEOMETRIC_REPRESENTATION_ITEM()
RATIONAL_B_SPLINE_CURVE((1.,1.41024697526003,1.77428976211705))
REPRESENTATION_ITEM('')
);
#36=(
BOUNDED_CURVE()
B_SPLINE_CURVE(2,(#16722,#16723,#16724),.UNSPECIFIED.,.F.,.F.)
B_SPLINE_CURVE_WITH_KNOTS((3,3),(0.281130778165508,0.297906693431039),
 .UNSPECIFIED.)
CURVE()
GEOMETRIC_REPRESENTATION_ITEM()
RATIONAL_B_SPLINE_CURVE((1.77428976211702,1.41024697526002,1.))
REPRESENTATION_ITEM('')
);
#37=(
BOUNDED_CURVE()
B_SPLINE_CURVE(2,(#16727,#16728,#16729),.UNSPECIFIED.,.F.,.F.)
B_SPLINE_CURVE_WITH_KNOTS((3,3),(0.281130778165507,0.297906693431038),
 .UNSPECIFIED.)
CURVE()
GEOMETRIC_REPRESENTATION_ITEM()
RATIONAL_B_SPLINE_CURVE((1.77428976211703,1.41024697526002,1.))
REPRESENTATION_ITEM('')
);
#38=(
BOUNDED_CURVE()
B_SPLINE_CURVE(2,(#16733,#16734,#16735),.UNSPECIFIED.,.F.,.F.)
B_SPLINE_CURVE_WITH_KNOTS((3,3),(0.,0.0167759152655312),.UNSPECIFIED.)
CURVE()
GEOMETRIC_REPRESENTATION_ITEM()
RATIONAL_B_SPLINE_CURVE((1.,1.41024697526004,1.77428976211706))
REPRESENTATION_ITEM('')
);
#39=(
BOUNDED_CURVE()
B_SPLINE_CURVE(2,(#16752,#16753,#16754),.UNSPECIFIED.,.F.,.F.)
B_SPLINE_CURVE_WITH_KNOTS((3,3),(0.,0.0167759152655316),.UNSPECIFIED.)
CURVE()
GEOMETRIC_REPRESENTATION_ITEM()
RATIONAL_B_SPLINE_CURVE((1.,1.41024697526004,1.77428976211707))
REPRESENTATION_ITEM('')
);
#40=CONICAL_SURFACE('',#9488,0.900670090278993,0.0349065850398866);
#41=CONICAL_SURFACE('',#9490,2.78333715080203,0.0349065850398866);
#42=CONICAL_SURFACE('',#9492,1.30133485765857,0.0349065850398866);
#43=CONICAL_SURFACE('',#9494,6.48400342340679,0.0349065850398866);
#44=CONICAL_SURFACE('',#9496,1.30133485765857,0.0349065850398866);
#45=CONICAL_SURFACE('',#9498,2.78333715080203,0.0349065850398866);
#46=CONICAL_SURFACE('',#9500,0.900670090278996,0.0349065850398866);
#47=CONICAL_SURFACE('',#9503,0.900670090278994,0.0349065850398866);
#48=CONICAL_SURFACE('',#9506,2.60067009026313,0.0349065850398866);
#49=CONICAL_SURFACE('',#9509,2.60067009026313,0.0349065850398866);
#50=CONICAL_SURFACE('',#9512,0.900670090278986,0.0349065850398866);
#51=CONICAL_SURFACE('',#9554,2.,0.0349065850398866);
#52=CONICAL_SURFACE('',#9556,1.68400724108102,0.0349065850398866);
#53=CONICAL_SURFACE('',#9558,2.40066476737957,0.0349065850398866);
#54=CONICAL_SURFACE('',#9560,7.58333333312779,0.0349065850398866);
#55=CONICAL_SURFACE('',#9562,2.40066476737957,0.0349065850398866);
#56=CONICAL_SURFACE('',#9564,1.68400724108102,0.0349065850398866);
#57=CONICAL_SURFACE('',#9566,2.,0.0349065850398866);
#58=CONICAL_SURFACE('',#9569,2.,0.0349065850398866);
#59=CONICAL_SURFACE('',#9572,3.69999999998413,0.0349065850398866);
#60=CONICAL_SURFACE('',#9575,3.69999999998413,0.0349065850398866);
#61=CONICAL_SURFACE('',#9578,1.99999999999999,0.0349065850398866);
#62=CONICAL_SURFACE('',#9634,3.86296287098609,0.0610865238198015);
#63=CONICAL_SURFACE('',#9637,3.86342122895419,0.0610865238198015);
#64=CONICAL_SURFACE('',#9640,0.902051721735949,0.0610865238198015);
#65=CONICAL_SURFACE('',#9641,0.902051721735946,0.0610865238198015);
#66=CONICAL_SURFACE('',#9642,2.60205172171723,0.0610865238198015);
#67=CONICAL_SURFACE('',#9644,2.60205172172517,0.0610865238198015);
#68=CONICAL_SURFACE('',#9646,0.902051721735938,0.0610865238198015);
#69=CONICAL_SURFACE('',#9647,0.902051721735945,0.0610865238198015);
#70=CONICAL_SURFACE('',#9682,2.76501459272204,0.0610865238198015);
#71=CONICAL_SURFACE('',#9685,2.76547295069014,0.0610865238198015);
#72=CONICAL_SURFACE('',#9688,2.,0.0610865238198015);
#73=CONICAL_SURFACE('',#9691,2.,0.0610865238198015);
#74=CONICAL_SURFACE('',#9694,3.69999999998129,0.0610865238198015);
#75=CONICAL_SURFACE('',#9697,3.69999999998923,0.0610865238198015);
#76=CONICAL_SURFACE('',#9700,1.99999999999999,0.0610865238198015);
#77=CONICAL_SURFACE('',#9703,2.,0.0610865238198015);
#78=CONICAL_SURFACE('',#9706,1.7852925,0.785281739475188);
#79=CONICAL_SURFACE('',#9716,1.70107383404816,0.462512251778497);
#80=CONICAL_SURFACE('',#9721,1.70107383404816,0.462512251778497);
#81=CONICAL_SURFACE('',#9726,1.70107383404816,0.462512251778497);
#82=CONICAL_SURFACE('',#9732,1.70107383404816,0.462512251778497);
#83=CONICAL_SURFACE('',#9748,3.96907472454028,0.0349065850398868);
#84=CONICAL_SURFACE('',#9752,0.274514415158678,0.0872664625997165);
#85=CONICAL_SURFACE('',#9755,0.274514415158678,0.0872664625997165);
#86=CONICAL_SURFACE('',#9756,0.274514415158678,0.0872664625997165);
#87=CONICAL_SURFACE('',#9760,0.274514415158678,0.0872664625997165);
#88=CONICAL_SURFACE('',#9762,0.682681237368873,1.08210413623648);
#89=CONICAL_SURFACE('',#9767,1.9052775,0.415486649250661);
#90=CONICAL_SURFACE('',#9768,1.7852925,0.785281739475188);
#91=CONICAL_SURFACE('',#9778,1.70107383404816,0.462512251778497);
#92=CONICAL_SURFACE('',#9783,1.70107383404816,0.462512251778497);
#93=CONICAL_SURFACE('',#9788,1.70107383404816,0.462512251778497);
#94=CONICAL_SURFACE('',#9794,1.70107383404816,0.462512251778497);
#95=CONICAL_SURFACE('',#9810,3.96907472454028,0.0349065850398868);
#96=CONICAL_SURFACE('',#9814,0.274514415158678,0.0872664625997165);
#97=CONICAL_SURFACE('',#9817,0.274514415158678,0.0872664625997165);
#98=CONICAL_SURFACE('',#9818,0.274514415158678,0.0872664625997165);
#99=CONICAL_SURFACE('',#9822,0.274514415158678,0.0872664625997165);
#100=CONICAL_SURFACE('',#9824,0.682681237368873,1.08210413623648);
#101=CONICAL_SURFACE('',#9829,1.9052775,0.415486649250661);
#102=SPHERICAL_SURFACE('',#9210,5.17346938775509);
#103=SPHERICAL_SURFACE('',#9214,5.17346938775509);
#104=SPHERICAL_SURFACE('',#9739,6.5);
#105=SPHERICAL_SURFACE('',#9801,6.5);
#106=MANIFOLD_SOLID_BREP('\X2\04220432043504400434043E0435\X0\ \X2\04420435043B043E\X0\1',
#8934);
#107=MANIFOLD_SOLID_BREP('\X2\04220432043504400434043E0435\X0\ \X2\04420435043B043E\X0\1',
#8935);
#108=MANIFOLD_SOLID_BREP('\X2\04220432043504400434043E0435\X0\ \X2\04420435043B043E\X0\2',
#8936);
#109=MANIFOLD_SOLID_BREP('\X2\04220432043504400434043E0435\X0\ \X2\04420435043B043E\X0\3',
#8937);
#110=MANIFOLD_SOLID_BREP('\X2\04220432043504400434043E0435\X0\ \X2\04420435043B043E\X0\4',
#8938);
#111=MANIFOLD_SOLID_BREP('\X2\04220432043504400434043E0435\X0\ \X2\04420435043B043E\X0\5',
#8939);
#112=MANIFOLD_SOLID_BREP('\X2\04220432043504400434043E0435\X0\ \X2\04420435043B043E\X0\6',
#8940);
#113=MANIFOLD_SOLID_BREP('\X2\04220432043504400434043E0435\X0\ \X2\04420435043B043E\X0\7',
#8941);
#114=(
BOUNDED_SURFACE()
B_SPLINE_SURFACE(2,2,((#12650,#12651,#12652),(#12653,#12654,#12655),(#12656,
#12657,#12658)),.UNSPECIFIED.,.F.,.F.,.F.)
B_SPLINE_SURFACE_WITH_KNOTS((3,3),(3,3),(-1.5707963267949,0.),(-1.88006393542322,
-1.57079632679709),.UNSPECIFIED.)
GEOMETRIC_REPRESENTATION_ITEM()
RATIONAL_B_SPLINE_SURFACE(((1.,0.988067997853668,1.),(0.707106781186514,
0.69866958155571,0.707106781186514),(1.,0.988067997853668,1.)))
REPRESENTATION_ITEM('')
SURFACE()
);
#115=(
BOUNDED_SURFACE()
B_SPLINE_SURFACE(2,2,((#12759,#12760,#12761),(#12762,#12763,#12764),(#12765,
#12766,#12767)),.UNSPECIFIED.,.F.,.F.,.F.)
B_SPLINE_SURFACE_WITH_KNOTS((3,3),(3,3),(-1.5707963267949,0.),(-1.57079632679709,
-1.26152871817095),.UNSPECIFIED.)
GEOMETRIC_REPRESENTATION_ITEM()
RATIONAL_B_SPLINE_SURFACE(((1.,0.988067997853668,1.),(0.707106781186514,
0.698669581555711,0.707106781186514),(1.,0.988067997853668,1.)))
REPRESENTATION_ITEM('')
SURFACE()
);
#116=ELLIPSE('',#8977,2.23606797749979,1.);
#117=ELLIPSE('',#8978,2.23606797749979,1.);
#118=ELLIPSE('',#8989,2.23606797749979,1.);
#119=ELLIPSE('',#8990,2.23606797749979,1.);
#120=ELLIPSE('',#9244,4.12310562561766,0.999999999999999);
#121=ELLIPSE('',#9245,8.24621125123532,2.);
#122=ELLIPSE('',#9267,8.24621125123532,2.);
#123=ELLIPSE('',#9268,4.12310562561766,0.999999999999999);
#124=ELLIPSE('',#9297,1.41421356237309,1.);
#125=ELLIPSE('',#9298,1.41421356237309,1.);
#126=ELLIPSE('',#9300,1.41421356237309,1.);
#127=ELLIPSE('',#9301,1.41421356237309,1.);
#128=ELLIPSE('',#9341,1.41421356237309,1.);
#129=ELLIPSE('',#9343,1.41421356237309,1.);
#130=ELLIPSE('',#9346,1.41421356237309,1.);
#131=ELLIPSE('',#9347,1.41421356237309,1.);
#132=ELLIPSE('',#9349,13.0832134915307,1.99999999999996);
#133=ELLIPSE('',#9353,13.0832134915307,1.99999999999996);
#134=ELLIPSE('',#9355,6.54160674576548,0.999999999999997);
#135=ELLIPSE('',#9362,13.083213491531,2.);
#136=ELLIPSE('',#9364,13.083213491531,2.);
#137=ELLIPSE('',#9366,13.083213491531,2.);
#138=ELLIPSE('',#9368,13.083213491531,2.);
#139=ELLIPSE('',#9383,6.54160674576548,0.999999999999997);
#140=ELLIPSE('',#9385,13.083213491531,2.);
#141=ELLIPSE('',#9387,13.083213491531,2.);
#142=ELLIPSE('',#9389,13.083213491531,2.);
#143=ELLIPSE('',#9394,6.54160674576548,0.999999999999997);
#144=ELLIPSE('',#9405,6.54160674576548,0.999999999999997);
#145=ELLIPSE('',#9406,13.083213491531,2.);
#146=ELLIPSE('',#9416,39.3888118559928,27.8520959662536);
#147=ELLIPSE('',#9418,39.3888118559928,27.8520959662536);
#148=ELLIPSE('',#9421,39.3888118559928,27.8520959662536);
#149=ELLIPSE('',#9423,39.3888118559928,27.8520959662536);
#150=B_SPLINE_SURFACE_WITH_KNOTS('',3,3,((#12331,#12332,#12333,#12334,#12335,
#12336),(#12337,#12338,#12339,#12340,#12341,#12342),(#12343,#12344,#12345,
#12346,#12347,#12348),(#12349,#12350,#12351,#12352,#12353,#12354),(#12355,
#12356,#12357,#12358,#12359,#12360)),.UNSPECIFIED.,.F.,.F.,.F.,(4,1,4),
(4,1,1,4),(0.,0.571428571428571,1.),(-1.5707963267949,-0.897597901025655,
-0.448798950512827,8.06349038577863E-16),.UNSPECIFIED.);
#151=B_SPLINE_SURFACE_WITH_KNOTS('',3,3,((#12380,#12381,#12382,#12383,#12384,
#12385),(#12386,#12387,#12388,#12389,#12390,#12391),(#12392,#12393,#12394,
#12395,#12396,#12397),(#12398,#12399,#12400,#12401,#12402,#12403),(#12404,
#12405,#12406,#12407,#12408,#12409)),.UNSPECIFIED.,.F.,.F.,.F.,(4,1,4),
(4,1,1,4),(0.,0.571428571428571,1.),(0.,0.448798950512828,0.673198425769241,
1.5707963267949),.UNSPECIFIED.);
#152=B_SPLINE_SURFACE_WITH_KNOTS('',3,3,((#12672,#12673,#12674,#12675,#12676,
#12677,#12678,#12679,#12680,#12681,#12682,#12683,#12684,#12685,#12686,#12687,
#12688),(#12689,#12690,#12691,#12692,#12693,#12694,#12695,#12696,#12697,
#12698,#12699,#12700,#12701,#12702,#12703,#12704,#12705),(#12706,#12707,
#12708,#12709,#12710,#12711,#12712,#12713,#12714,#12715,#12716,#12717,#12718,
#12719,#12720,#12721,#12722),(#12723,#12724,#12725,#12726,#12727,#12728,
#12729,#12730,#12731,#12732,#12733,#12734,#12735,#12736,#12737,#12738,#12739)),
 .UNSPECIFIED.,.F.,.F.,.F.,(4,4),(4,1,1,1,1,1,1,1,1,1,1,1,1,1,4),(0.,1.),
(-1.77766291921085E-15,0.053769806830166,0.0806547102452498,0.0940971619527917,
0.107539613660334,0.161309420490501,0.215079227320669,0.241964130735753,
0.255406582443295,0.262127808297066,0.268849034150837,0.282291485858379,
0.322618840981005,0.336061292688547,0.376388647811172),.UNSPECIFIED.);
#153=B_SPLINE_SURFACE_WITH_KNOTS('',3,3,((#12775,#12776,#12777,#12778,#12779,
#12780,#12781),(#12782,#12783,#12784,#12785,#12786,#12787,#12788),(#12789,
#12790,#12791,#12792,#12793,#12794,#12795),(#12796,#12797,#12798,#12799,
#12800,#12801,#12802)),.UNSPECIFIED.,.F.,.F.,.F.,(4,4),(4,1,1,1,4),(0.115829943181156,
1.),(-1.09983983955668,-0.999463773710344,-0.899087707864005,-0.848899674940836,
-0.748523609094498),.UNSPECIFIED.);
#154=B_SPLINE_SURFACE_WITH_KNOTS('',3,3,((#15012,#15013,#15014,#15015,#15016,
#15017,#15018,#15019,#15020,#15021,#15022,#15023,#15024,#15025,#15026,#15027,
#15028,#15029,#15030,#15031,#15032,#15033,#15034,#15035,#15036,#15037,#15038,
#15039,#15040,#15041,#15042,#15043,#15044,#15045,#15046,#15047,#15048,#15049,
#15050,#15051,#15052,#15053,#15054,#15055,#15056,#15057,#15058),(#15059,
#15060,#15061,#15062,#15063,#15064,#15065,#15066,#15067,#15068,#15069,#15070,
#15071,#15072,#15073,#15074,#15075,#15076,#15077,#15078,#15079,#15080,#15081,
#15082,#15083,#15084,#15085,#15086,#15087,#15088,#15089,#15090,#15091,#15092,
#15093,#15094,#15095,#15096,#15097,#15098,#15099,#15100,#15101,#15102,#15103,
#15104,#15105),(#15106,#15107,#15108,#15109,#15110,#15111,#15112,#15113,
#15114,#15115,#15116,#15117,#15118,#15119,#15120,#15121,#15122,#15123,#15124,
#15125,#15126,#15127,#15128,#15129,#15130,#15131,#15132,#15133,#15134,#15135,
#15136,#15137,#15138,#15139,#15140,#15141,#15142,#15143,#15144,#15145,#15146,
#15147,#15148,#15149,#15150,#15151,#15152),(#15153,#15154,#15155,#15156,
#15157,#15158,#15159,#15160,#15161,#15162,#15163,#15164,#15165,#15166,#15167,
#15168,#15169,#15170,#15171,#15172,#15173,#15174,#15175,#15176,#15177,#15178,
#15179,#15180,#15181,#15182,#15183,#15184,#15185,#15186,#15187,#15188,#15189,
#15190,#15191,#15192,#15193,#15194,#15195,#15196,#15197,#15198,#15199),
(#15200,#15201,#15202,#15203,#15204,#15205,#15206,#15207,#15208,#15209,
#15210,#15211,#15212,#15213,#15214,#15215,#15216,#15217,#15218,#15219,#15220,
#15221,#15222,#15223,#15224,#15225,#15226,#15227,#15228,#15229,#15230,#15231,
#15232,#15233,#15234,#15235,#15236,#15237,#15238,#15239,#15240,#15241,#15242,
#15243,#15244,#15245,#15246),(#15247,#15248,#15249,#15250,#15251,#15252,
#15253,#15254,#15255,#15256,#15257,#15258,#15259,#15260,#15261,#15262,#15263,
#15264,#15265,#15266,#15267,#15268,#15269,#15270,#15271,#15272,#15273,#15274,
#15275,#15276,#15277,#15278,#15279,#15280,#15281,#15282,#15283,#15284,#15285,
#15286,#15287,#15288,#15289,#15290,#15291,#15292,#15293),(#15294,#15295,
#15296,#15297,#15298,#15299,#15300,#15301,#15302,#15303,#15304,#15305,#15306,
#15307,#15308,#15309,#15310,#15311,#15312,#15313,#15314,#15315,#15316,#15317,
#15318,#15319,#15320,#15321,#15322,#15323,#15324,#15325,#15326,#15327,#15328,
#15329,#15330,#15331,#15332,#15333,#15334,#15335,#15336,#15337,#15338,#15339,
#15340)),.UNSPECIFIED.,.F.,.F.,.F.,(4,1,1,1,4),(4,1,1,1,1,1,1,1,1,1,1,1,
1,1,1,1,1,1,1,1,1,1,1,1,1,1,1,1,1,1,1,1,1,1,1,1,1,1,1,1,1,1,1,1,4),(0.10004171361155,
0.969056267891048,1.83807082217055,2.48983173788017,3.14159265358979),(0.,
0.480378076667094,0.960756153334188,1.44113423000128,1.92151230666838,2.40189038333547,
2.88226846000256,3.36264653666966,3.84302461333675,4.32340269000384,4.80378076667094,
5.28415884333803,5.76453692000513,6.24491499667222,6.72529307333931,7.20567115000641,
7.6860492266735,8.16642730334059,8.64680538000769,9.12718345667478,9.60756153334188,
10.087939610009,10.5683176866761,11.0486957633432,11.5290738400103,12.0094519166773,
12.4898299933444,12.9702080700115,13.4505861466786,13.9309642233457,14.4113423000128,
14.8917203766799,15.372098453347,15.8524765300141,16.3328546066812,16.8132326833483,
17.2936107600154,17.7739888366825,18.2543669133496,18.7347449900167,19.2151230666838,
19.6955011433508,20.1758792200179,20.656257296685,21.1366353733521),
 .UNSPECIFIED.);
#155=B_SPLINE_SURFACE_WITH_KNOTS('',3,3,((#15397,#15398,#15399,#15400,#15401,
#15402,#15403,#15404,#15405,#15406,#15407,#15408,#15409,#15410,#15411,#15412,
#15413,#15414,#15415,#15416,#15417,#15418,#15419,#15420,#15421,#15422,#15423,
#15424,#15425,#15426,#15427,#15428,#15429,#15430,#15431,#15432,#15433,#15434,
#15435,#15436,#15437,#15438,#15439,#15440,#15441,#15442,#15443),(#15444,
#15445,#15446,#15447,#15448,#15449,#15450,#15451,#15452,#15453,#15454,#15455,
#15456,#15457,#15458,#15459,#15460,#15461,#15462,#15463,#15464,#15465,#15466,
#15467,#15468,#15469,#15470,#15471,#15472,#15473,#15474,#15475,#15476,#15477,
#15478,#15479,#15480,#15481,#15482,#15483,#15484,#15485,#15486,#15487,#15488,
#15489,#15490),(#15491,#15492,#15493,#15494,#15495,#15496,#15497,#15498,
#15499,#15500,#15501,#15502,#15503,#15504,#15505,#15506,#15507,#15508,#15509,
#15510,#15511,#15512,#15513,#15514,#15515,#15516,#15517,#15518,#15519,#15520,
#15521,#15522,#15523,#15524,#15525,#15526,#15527,#15528,#15529,#15530,#15531,
#15532,#15533,#15534,#15535,#15536,#15537),(#15538,#15539,#15540,#15541,
#15542,#15543,#15544,#15545,#15546,#15547,#15548,#15549,#15550,#15551,#15552,
#15553,#15554,#15555,#15556,#15557,#15558,#15559,#15560,#15561,#15562,#15563,
#15564,#15565,#15566,#15567,#15568,#15569,#15570,#15571,#15572,#15573,#15574,
#15575,#15576,#15577,#15578,#15579,#15580,#15581,#15582,#15583,#15584),
(#15585,#15586,#15587,#15588,#15589,#15590,#15591,#15592,#15593,#15594,
#15595,#15596,#15597,#15598,#15599,#15600,#15601,#15602,#15603,#15604,#15605,
#15606,#15607,#15608,#15609,#15610,#15611,#15612,#15613,#15614,#15615,#15616,
#15617,#15618,#15619,#15620,#15621,#15622,#15623,#15624,#15625,#15626,#15627,
#15628,#15629,#15630,#15631),(#15632,#15633,#15634,#15635,#15636,#15637,
#15638,#15639,#15640,#15641,#15642,#15643,#15644,#15645,#15646,#15647,#15648,
#15649,#15650,#15651,#15652,#15653,#15654,#15655,#15656,#15657,#15658,#15659,
#15660,#15661,#15662,#15663,#15664,#15665,#15666,#15667,#15668,#15669,#15670,
#15671,#15672,#15673,#15674,#15675,#15676,#15677,#15678),(#15679,#15680,
#15681,#15682,#15683,#15684,#15685,#15686,#15687,#15688,#15689,#15690,#15691,
#15692,#15693,#15694,#15695,#15696,#15697,#15698,#15699,#15700,#15701,#15702,
#15703,#15704,#15705,#15706,#15707,#15708,#15709,#15710,#15711,#15712,#15713,
#15714,#15715,#15716,#15717,#15718,#15719,#15720,#15721,#15722,#15723,#15724,
#15725)),.UNSPECIFIED.,.F.,.F.,.F.,(4,1,1,1,4),(4,1,1,1,1,1,1,1,1,1,1,1,
1,1,1,1,1,1,1,1,1,1,1,1,1,1,1,1,1,1,1,1,1,1,1,1,1,1,1,1,1,1,1,1,4),(-3.14159265358979,
-2.48983173788017,-1.83807082217055,-0.969056267891048,-0.100041713611549),
(0.,0.480378076667094,0.960756153334188,1.44113423000128,1.92151230666838,
2.40189038333547,2.88226846000256,3.36264653666966,3.84302461333675,4.32340269000384,
4.80378076667094,5.28415884333803,5.76453692000513,6.24491499667222,6.72529307333931,
7.20567115000641,7.6860492266735,8.16642730334059,8.64680538000769,9.12718345667478,
9.60756153334188,10.087939610009,10.5683176866761,11.0486957633432,11.5290738400103,
12.0094519166773,12.4898299933444,12.9702080700115,13.4505861466786,13.9309642233457,
14.4113423000128,14.8917203766799,15.372098453347,15.8524765300141,16.3328546066812,
16.8132326833483,17.2936107600154,17.7739888366825,18.2543669133496,18.7347449900167,
19.2151230666838,19.6955011433508,20.1758792200179,20.656257296685,21.1366353733521),
 .UNSPECIFIED.);
#156=FACE_BOUND('',#1274,.T.);
#157=FACE_BOUND('',#1275,.T.);
#158=FACE_BOUND('',#1309,.T.);
#159=FACE_BOUND('',#1322,.T.);
#160=FACE_BOUND('',#1334,.T.);
#161=FACE_BOUND('',#1335,.T.);
#162=FACE_BOUND('',#1336,.T.);
#163=FACE_BOUND('',#1394,.T.);
#164=FACE_BOUND('',#1396,.T.);
#165=FACE_BOUND('',#1407,.T.);
#166=FACE_BOUND('',#1411,.T.);
#167=FACE_BOUND('',#1414,.T.);
#168=FACE_BOUND('',#1416,.T.);
#169=FACE_BOUND('',#1419,.T.);
#170=FACE_BOUND('',#1434,.T.);
#171=FACE_BOUND('',#1446,.T.);
#172=FACE_BOUND('',#1447,.T.);
#173=FACE_BOUND('',#1448,.T.);
#174=FACE_BOUND('',#1538,.T.);
#175=FACE_BOUND('',#1541,.T.);
#176=FACE_BOUND('',#1549,.T.);
#177=FACE_BOUND('',#1554,.T.);
#178=FACE_BOUND('',#1558,.T.);
#179=FACE_BOUND('',#1609,.T.);
#180=FACE_BOUND('',#1627,.T.);
#181=FACE_BOUND('',#1688,.T.);
#182=FACE_BOUND('',#1706,.T.);
#183=FACE_BOUND('',#1707,.T.);
#184=FACE_BOUND('',#1721,.T.);
#185=FACE_BOUND('',#1737,.T.);
#186=FACE_BOUND('',#1753,.T.);
#187=FACE_BOUND('',#1769,.T.);
#188=PLANE('',#8968);
#189=PLANE('',#8973);
#190=PLANE('',#9000);
#191=PLANE('',#9010);
#192=PLANE('',#9011);
#193=PLANE('',#9018);
#194=PLANE('',#9034);
#195=PLANE('',#9040);
#196=PLANE('',#9041);
#197=PLANE('',#9042);
#198=PLANE('',#9043);
#199=PLANE('',#9044);
#200=PLANE('',#9045);
#201=PLANE('',#9046);
#202=PLANE('',#9047);
#203=PLANE('',#9048);
#204=PLANE('',#9049);
#205=PLANE('',#9056);
#206=PLANE('',#9057);
#207=PLANE('',#9058);
#208=PLANE('',#9059);
#209=PLANE('',#9060);
#210=PLANE('',#9061);
#211=PLANE('',#9062);
#212=PLANE('',#9063);
#213=PLANE('',#9064);
#214=PLANE('',#9065);
#215=PLANE('',#9066);
#216=PLANE('',#9067);
#217=PLANE('',#9152);
#218=PLANE('',#9153);
#219=PLANE('',#9154);
#220=PLANE('',#9155);
#221=PLANE('',#9156);
#222=PLANE('',#9157);
#223=PLANE('',#9158);
#224=PLANE('',#9159);
#225=PLANE('',#9160);
#226=PLANE('',#9161);
#227=PLANE('',#9162);
#228=PLANE('',#9163);
#229=PLANE('',#9164);
#230=PLANE('',#9165);
#231=PLANE('',#9166);
#232=PLANE('',#9167);
#233=PLANE('',#9168);
#234=PLANE('',#9169);
#235=PLANE('',#9170);
#236=PLANE('',#9171);
#237=PLANE('',#9172);
#238=PLANE('',#9173);
#239=PLANE('',#9174);
#240=PLANE('',#9175);
#241=PLANE('',#9176);
#242=PLANE('',#9177);
#243=PLANE('',#9178);
#244=PLANE('',#9179);
#245=PLANE('',#9180);
#246=PLANE('',#9182);
#247=PLANE('',#9184);
#248=PLANE('',#9185);
#249=PLANE('',#9188);
#250=PLANE('',#9189);
#251=PLANE('',#9192);
#252=PLANE('',#9195);
#253=PLANE('',#9201);
#254=PLANE('',#9204);
#255=PLANE('',#9206);
#256=PLANE('',#9207);
#257=PLANE('',#9211);
#258=PLANE('',#9216);
#259=PLANE('',#9217);
#260=PLANE('',#9218);
#261=PLANE('',#9219);
#262=PLANE('',#9220);
#263=PLANE('',#9221);
#264=PLANE('',#9222);
#265=PLANE('',#9223);
#266=PLANE('',#9224);
#267=PLANE('',#9231);
#268=PLANE('',#9232);
#269=PLANE('',#9233);
#270=PLANE('',#9234);
#271=PLANE('',#9235);
#272=PLANE('',#9236);
#273=PLANE('',#9237);
#274=PLANE('',#9238);
#275=PLANE('',#9239);
#276=PLANE('',#9240);
#277=PLANE('',#9241);
#278=PLANE('',#9242);
#279=PLANE('',#9243);
#280=PLANE('',#9246);
#281=PLANE('',#9253);
#282=PLANE('',#9266);
#283=PLANE('',#9269);
#284=PLANE('',#9358);
#285=PLANE('',#9359);
#286=PLANE('',#9360);
#287=PLANE('',#9369);
#288=PLANE('',#9370);
#289=PLANE('',#9371);
#290=PLANE('',#9372);
#291=PLANE('',#9373);
#292=PLANE('',#9374);
#293=PLANE('',#9375);
#294=PLANE('',#9376);
#295=PLANE('',#9377);
#296=PLANE('',#9378);
#297=PLANE('',#9379);
#298=PLANE('',#9380);
#299=PLANE('',#9381);
#300=PLANE('',#9382);
#301=PLANE('',#9390);
#302=PLANE('',#9391);
#303=PLANE('',#9392);
#304=PLANE('',#9393);
#305=PLANE('',#9395);
#306=PLANE('',#9396);
#307=PLANE('',#9397);
#308=PLANE('',#9398);
#309=PLANE('',#9399);
#310=PLANE('',#9400);
#311=PLANE('',#9401);
#312=PLANE('',#9402);
#313=PLANE('',#9403);
#314=PLANE('',#9404);
#315=PLANE('',#9407);
#316=PLANE('',#9408);
#317=PLANE('',#9413);
#318=PLANE('',#9414);
#319=PLANE('',#9425);
#320=PLANE('',#9426);
#321=PLANE('',#9427);
#322=PLANE('',#9428);
#323=PLANE('',#9429);
#324=PLANE('',#9430);
#325=PLANE('',#9431);
#326=PLANE('',#9433);
#327=PLANE('',#9435);
#328=PLANE('',#9438);
#329=PLANE('',#9440);
#330=PLANE('',#9442);
#331=PLANE('',#9443);
#332=PLANE('',#9444);
#333=PLANE('',#9445);
#334=PLANE('',#9447);
#335=PLANE('',#9449);
#336=PLANE('',#9453);
#337=PLANE('',#9457);
#338=PLANE('',#9461);
#339=PLANE('',#9483);
#340=PLANE('',#9487);
#341=PLANE('',#9502);
#342=PLANE('',#9505);
#343=PLANE('',#9508);
#344=PLANE('',#9511);
#345=PLANE('',#9514);
#346=PLANE('',#9518);
#347=PLANE('',#9522);
#348=PLANE('',#9526);
#349=PLANE('',#9548);
#350=PLANE('',#9552);
#351=PLANE('',#9553);
#352=PLANE('',#9568);
#353=PLANE('',#9571);
#354=PLANE('',#9574);
#355=PLANE('',#9577);
#356=PLANE('',#9580);
#357=PLANE('',#9591);
#358=PLANE('',#9595);
#359=PLANE('',#9596);
#360=PLANE('',#9597);
#361=PLANE('',#9598);
#362=PLANE('',#9599);
#363=PLANE('',#9600);
#364=PLANE('',#9604);
#365=PLANE('',#9608);
#366=PLANE('',#9612);
#367=PLANE('',#9616);
#368=PLANE('',#9620);
#369=PLANE('',#9624);
#370=PLANE('',#9628);
#371=PLANE('',#9632);
#372=PLANE('',#9633);
#373=PLANE('',#9636);
#374=PLANE('',#9639);
#375=PLANE('',#9651);
#376=PLANE('',#9655);
#377=PLANE('',#9659);
#378=PLANE('',#9663);
#379=PLANE('',#9667);
#380=PLANE('',#9671);
#381=PLANE('',#9675);
#382=PLANE('',#9679);
#383=PLANE('',#9680);
#384=PLANE('',#9681);
#385=PLANE('',#9684);
#386=PLANE('',#9687);
#387=PLANE('',#9690);
#388=PLANE('',#9693);
#389=PLANE('',#9696);
#390=PLANE('',#9699);
#391=PLANE('',#9702);
#392=PLANE('',#9705);
#393=PLANE('',#9712);
#394=PLANE('',#9750);
#395=PLANE('',#9751);
#396=PLANE('',#9753);
#397=PLANE('',#9754);
#398=PLANE('',#9757);
#399=PLANE('',#9758);
#400=PLANE('',#9759);
#401=PLANE('',#9761);
#402=PLANE('',#9763);
#403=PLANE('',#9774);
#404=PLANE('',#9812);
#405=PLANE('',#9813);
#406=PLANE('',#9815);
#407=PLANE('',#9816);
#408=PLANE('',#9819);
#409=PLANE('',#9820);
#410=PLANE('',#9821);
#411=PLANE('',#9823);
#412=PLANE('',#9825);
#413=CIRCLE('',#8966,3.5);
#414=CIRCLE('',#8967,4.);
#415=CIRCLE('',#8969,4.);
#416=CIRCLE('',#8970,2.);
#417=CIRCLE('',#8971,2.);
#418=CIRCLE('',#8972,4.);
#419=CIRCLE('',#8974,1.621);
#420=CIRCLE('',#8975,1.621);
#421=CIRCLE('',#8976,0.999999999999999);
#422=CIRCLE('',#8980,1.);
#423=CIRCLE('',#8981,1.);
#424=CIRCLE('',#8983,1.);
#425=CIRCLE('',#8984,5.);
#426=CIRCLE('',#8985,5.);
#427=CIRCLE('',#8987,1.);
#428=CIRCLE('',#8988,1.);
#429=CIRCLE('',#8992,1.);
#430=CIRCLE('',#8994,5.);
#431=CIRCLE('',#8995,5.);
#432=CIRCLE('',#8996,5.);
#433=CIRCLE('',#8998,1.);
#434=CIRCLE('',#9002,1.621);
#435=CIRCLE('',#9003,1.621);
#436=CIRCLE('',#9005,1.621);
#437=CIRCLE('',#9006,1.621);
#438=CIRCLE('',#9008,1.);
#439=CIRCLE('',#9013,1.);
#440=CIRCLE('',#9016,6.);
#441=CIRCLE('',#9017,6.);
#442=CIRCLE('',#9019,2.);
#443=CIRCLE('',#9020,1.);
#444=CIRCLE('',#9021,0.500000000000007);
#445=CIRCLE('',#9022,0.5);
#446=CIRCLE('',#9023,0.5);
#447=CIRCLE('',#9025,1.);
#448=CIRCLE('',#9027,0.500000000000007);
#449=CIRCLE('',#9028,4.5);
#450=CIRCLE('',#9029,1.);
#451=CIRCLE('',#9030,0.5);
#452=CIRCLE('',#9031,0.5);
#453=CIRCLE('',#9036,4.);
#454=CIRCLE('',#9037,3.5);
#455=CIRCLE('',#9051,7.19999999999997);
#456=CIRCLE('',#9052,7.19999999999997);
#457=CIRCLE('',#9054,6.52499999999997);
#458=CIRCLE('',#9055,6.52499999999997);
#459=CIRCLE('',#9069,1.);
#460=CIRCLE('',#9070,1.);
#461=CIRCLE('',#9072,1.);
#462=CIRCLE('',#9073,1.);
#463=CIRCLE('',#9075,1.);
#464=CIRCLE('',#9076,1.);
#465=CIRCLE('',#9078,1.);
#466=CIRCLE('',#9079,1.);
#467=CIRCLE('',#9081,1.);
#468=CIRCLE('',#9082,1.);
#469=CIRCLE('',#9084,1.);
#470=CIRCLE('',#9085,1.);
#471=CIRCLE('',#9087,1.);
#472=CIRCLE('',#9088,1.);
#473=CIRCLE('',#9090,1.);
#474=CIRCLE('',#9091,1.);
#475=CIRCLE('',#9093,1.);
#476=CIRCLE('',#9094,1.);
#477=CIRCLE('',#9096,1.);
#478=CIRCLE('',#9097,1.);
#479=CIRCLE('',#9099,1.);
#480=CIRCLE('',#9100,1.);
#481=CIRCLE('',#9102,1.);
#482=CIRCLE('',#9103,1.);
#483=CIRCLE('',#9105,1.);
#484=CIRCLE('',#9106,1.);
#485=CIRCLE('',#9108,1.);
#486=CIRCLE('',#9109,1.);
#487=CIRCLE('',#9111,1.);
#488=CIRCLE('',#9112,1.);
#489=CIRCLE('',#9114,1.);
#490=CIRCLE('',#9115,1.);
#491=CIRCLE('',#9117,1.);
#492=CIRCLE('',#9118,1.);
#493=CIRCLE('',#9120,1.);
#494=CIRCLE('',#9121,1.);
#495=CIRCLE('',#9123,1.);
#496=CIRCLE('',#9124,1.);
#497=CIRCLE('',#9126,1.);
#498=CIRCLE('',#9127,1.);
#499=CIRCLE('',#9129,1.);
#500=CIRCLE('',#9130,1.);
#501=CIRCLE('',#9132,1.);
#502=CIRCLE('',#9133,1.);
#503=CIRCLE('',#9135,1.);
#504=CIRCLE('',#9136,1.);
#505=CIRCLE('',#9138,1.);
#506=CIRCLE('',#9139,1.);
#507=CIRCLE('',#9141,1.);
#508=CIRCLE('',#9142,1.);
#509=CIRCLE('',#9144,1.);
#510=CIRCLE('',#9145,1.);
#511=CIRCLE('',#9147,2.5);
#512=CIRCLE('',#9148,2.5);
#513=CIRCLE('',#9150,2.5);
#514=CIRCLE('',#9151,2.5);
#515=CIRCLE('',#9181,27.8520959662536);
#516=CIRCLE('',#9183,27.8520959662536);
#517=CIRCLE('',#9187,27.8520959662536);
#518=CIRCLE('',#9191,27.8520959662536);
#519=CIRCLE('',#9193,1.);
#520=CIRCLE('',#9194,2.);
#521=CIRCLE('',#9196,1.);
#522=CIRCLE('',#9197,1.);
#523=CIRCLE('',#9198,2.);
#524=CIRCLE('',#9199,2.);
#525=CIRCLE('',#9208,3.64285714285714);
#526=CIRCLE('',#9209,2.3);
#527=CIRCLE('',#9212,3.64285714285714);
#528=CIRCLE('',#9213,2.3);
#529=CIRCLE('',#9226,7.19999999999998);
#530=CIRCLE('',#9227,7.19999999999998);
#531=CIRCLE('',#9229,6.52499999999998);
#532=CIRCLE('',#9230,6.52499999999998);
#533=CIRCLE('',#9247,0.999999999999999);
#534=CIRCLE('',#9248,0.999999999999999);
#535=CIRCLE('',#9249,2.);
#536=CIRCLE('',#9250,2.);
#537=CIRCLE('',#9252,0.999999999999999);
#538=CIRCLE('',#9254,1.);
#539=CIRCLE('',#9255,1.);
#540=CIRCLE('',#9256,1.);
#541=CIRCLE('',#9257,1.);
#542=CIRCLE('',#9258,1.);
#543=CIRCLE('',#9259,1.);
#544=CIRCLE('',#9260,1.);
#545=CIRCLE('',#9261,1.);
#546=CIRCLE('',#9262,1.);
#547=CIRCLE('',#9263,1.);
#548=CIRCLE('',#9264,1.);
#549=CIRCLE('',#9265,1.);
#550=CIRCLE('',#9270,1.);
#551=CIRCLE('',#9271,1.);
#552=CIRCLE('',#9272,1.);
#553=CIRCLE('',#9273,1.);
#554=CIRCLE('',#9274,1.);
#555=CIRCLE('',#9275,1.);
#556=CIRCLE('',#9276,1.);
#557=CIRCLE('',#9277,1.);
#558=CIRCLE('',#9278,1.);
#559=CIRCLE('',#9279,1.);
#560=CIRCLE('',#9280,1.);
#561=CIRCLE('',#9281,1.);
#562=CIRCLE('',#9283,0.999999999999999);
#563=CIRCLE('',#9285,1.);
#564=CIRCLE('',#9287,1.);
#565=CIRCLE('',#9289,1.);
#566=CIRCLE('',#9291,1.);
#567=CIRCLE('',#9293,1.);
#568=CIRCLE('',#9295,1.);
#569=CIRCLE('',#9303,1.);
#570=CIRCLE('',#9305,1.);
#571=CIRCLE('',#9307,1.);
#572=CIRCLE('',#9309,1.);
#573=CIRCLE('',#9311,1.);
#574=CIRCLE('',#9313,1.);
#575=CIRCLE('',#9315,1.);
#576=CIRCLE('',#9317,1.);
#577=CIRCLE('',#9319,1.);
#578=CIRCLE('',#9321,1.);
#579=CIRCLE('',#9323,1.);
#580=CIRCLE('',#9325,1.);
#581=CIRCLE('',#9327,2.5);
#582=CIRCLE('',#9328,2.5);
#583=CIRCLE('',#9330,2.5);
#584=CIRCLE('',#9331,2.5);
#585=CIRCLE('',#9333,1.);
#586=CIRCLE('',#9335,1.);
#587=CIRCLE('',#9337,1.);
#588=CIRCLE('',#9339,1.);
#589=CIRCLE('',#9342,1.);
#590=CIRCLE('',#9345,1.);
#591=CIRCLE('',#9350,1.99999999999996);
#592=CIRCLE('',#9352,1.99999999999996);
#593=CIRCLE('',#9357,0.999999999999997);
#594=CIRCLE('',#9365,2.);
#595=CIRCLE('',#9388,2.);
#596=CIRCLE('',#9411,0.999999999999997);
#597=CIRCLE('',#9417,27.8520959662536);
#598=CIRCLE('',#9419,27.8520959662536);
#599=CIRCLE('',#9422,27.8520959662536);
#600=CIRCLE('',#9424,27.8520959662536);
#601=CIRCLE('',#9436,2.);
#602=CIRCLE('',#9437,2.);
#603=CIRCLE('',#9451,2.59999999998414);
#604=CIRCLE('',#9452,2.59999999998414);
#605=CIRCLE('',#9455,2.59999999998414);
#606=CIRCLE('',#9456,2.59999999998414);
#607=CIRCLE('',#9459,0.899999999999999);
#608=CIRCLE('',#9460,0.899999999999999);
#609=CIRCLE('',#9463,0.900000000000002);
#610=CIRCLE('',#9464,0.900000000000002);
#611=CIRCLE('',#9466,2.78400724108102);
#612=CIRCLE('',#9467,2.78400724108102);
#613=CIRCLE('',#9469,1.30066476737957);
#614=CIRCLE('',#9470,1.30066476737957);
#615=CIRCLE('',#9472,6.48333333312779);
#616=CIRCLE('',#9473,6.48333333312779);
#617=CIRCLE('',#9475,1.30066476737957);
#618=CIRCLE('',#9476,1.30066476737957);
#619=CIRCLE('',#9478,2.78400724108102);
#620=CIRCLE('',#9479,2.78400724108102);
#621=CIRCLE('',#9481,0.899999999999999);
#622=CIRCLE('',#9482,0.899999999999999);
#623=CIRCLE('',#9485,0.899999999999992);
#624=CIRCLE('',#9486,0.899999999999992);
#625=CIRCLE('',#9489,0.20091411143634);
#626=CIRCLE('',#9491,3.48309312964468);
#627=CIRCLE('',#9493,0.601578878815913);
#628=CIRCLE('',#9495,5.78424744456413);
#629=CIRCLE('',#9497,0.601578878815913);
#630=CIRCLE('',#9499,3.48309312964468);
#631=CIRCLE('',#9501,0.200914111436343);
#632=CIRCLE('',#9504,0.200914111436341);
#633=CIRCLE('',#9507,1.90091411142048);
#634=CIRCLE('',#9510,1.90091411142048);
#635=CIRCLE('',#9513,0.200914111436333);
#636=CIRCLE('',#9516,3.69999999998413);
#637=CIRCLE('',#9517,3.69999999998413);
#638=CIRCLE('',#9520,3.69999999998413);
#639=CIRCLE('',#9521,3.69999999998413);
#640=CIRCLE('',#9524,2.);
#641=CIRCLE('',#9525,2.);
#642=CIRCLE('',#9528,2.);
#643=CIRCLE('',#9529,2.);
#644=CIRCLE('',#9531,1.68400724108102);
#645=CIRCLE('',#9532,1.68400724108102);
#646=CIRCLE('',#9534,2.40066476737957);
#647=CIRCLE('',#9535,2.40066476737957);
#648=CIRCLE('',#9537,7.58333333312779);
#649=CIRCLE('',#9538,7.58333333312779);
#650=CIRCLE('',#9540,2.40066476737957);
#651=CIRCLE('',#9541,2.40066476737957);
#652=CIRCLE('',#9543,1.68400724108102);
#653=CIRCLE('',#9544,1.68400724108102);
#654=CIRCLE('',#9546,2.);
#655=CIRCLE('',#9547,2.);
#656=CIRCLE('',#9550,1.99999999999999);
#657=CIRCLE('',#9551,1.99999999999999);
#658=CIRCLE('',#9555,1.30158461016504);
#659=CIRCLE('',#9557,2.38242263091598);
#660=CIRCLE('',#9559,1.70224937754462);
#661=CIRCLE('',#9561,6.88491794329284);
#662=CIRCLE('',#9563,1.70224937754462);
#663=CIRCLE('',#9565,2.38242263091598);
#664=CIRCLE('',#9567,1.30158461016505);
#665=CIRCLE('',#9570,1.30158461016505);
#666=CIRCLE('',#9573,3.00158461014918);
#667=CIRCLE('',#9576,3.00158461014918);
#668=CIRCLE('',#9579,1.30158461016504);
#669=CIRCLE('',#9587,1.);
#670=CIRCLE('',#9588,1.);
#671=CIRCLE('',#9589,1.);
#672=CIRCLE('',#9590,1.);
#673=CIRCLE('',#9593,1.);
#674=CIRCLE('',#9594,1.);
#675=CIRCLE('',#9602,0.899999999999998);
#676=CIRCLE('',#9603,0.899999999999998);
#677=CIRCLE('',#9606,0.899999999999992);
#678=CIRCLE('',#9607,0.899999999999992);
#679=CIRCLE('',#9610,2.59999999998923);
#680=CIRCLE('',#9611,2.59999999998923);
#681=CIRCLE('',#9614,2.59999999998129);
#682=CIRCLE('',#9615,2.59999999998129);
#683=CIRCLE('',#9618,0.899999999999999);
#684=CIRCLE('',#9619,0.899999999999999);
#685=CIRCLE('',#9622,0.900000000000002);
#686=CIRCLE('',#9623,0.900000000000002);
#687=CIRCLE('',#9626,3.86547295069014);
#688=CIRCLE('',#9627,3.86547295069014);
#689=CIRCLE('',#9630,3.86501459272204);
#690=CIRCLE('',#9631,3.86501459272204);
#691=CIRCLE('',#9635,5.39613565224594);
#692=CIRCLE('',#9638,5.39659401021405);
#693=CIRCLE('',#9643,1.06887894045738);
#694=CIRCLE('',#9645,1.06887894046532);
#695=CIRCLE('',#9649,2.);
#696=CIRCLE('',#9650,2.);
#697=CIRCLE('',#9653,1.99999999999999);
#698=CIRCLE('',#9654,1.99999999999999);
#699=CIRCLE('',#9657,3.69999999998923);
#700=CIRCLE('',#9658,3.69999999998923);
#701=CIRCLE('',#9661,3.69999999998129);
#702=CIRCLE('',#9662,3.69999999998129);
#703=CIRCLE('',#9665,2.);
#704=CIRCLE('',#9666,2.);
#705=CIRCLE('',#9669,2.);
#706=CIRCLE('',#9670,2.);
#707=CIRCLE('',#9673,2.76547295069014);
#708=CIRCLE('',#9674,2.76547295069014);
#709=CIRCLE('',#9677,2.76501459272204);
#710=CIRCLE('',#9678,2.76501459272204);
#711=CIRCLE('',#9683,4.29408009648415);
#712=CIRCLE('',#9686,4.29453845445225);
#713=CIRCLE('',#9689,0.470934496237895);
#714=CIRCLE('',#9692,0.470934496237892);
#715=CIRCLE('',#9695,2.17093449621918);
#716=CIRCLE('',#9698,2.17093449622712);
#717=CIRCLE('',#9701,0.470934496237884);
#718=CIRCLE('',#9704,0.470934496237891);
#719=CIRCLE('',#9707,1.570585);
#720=CIRCLE('',#9708,2.);
#721=CIRCLE('',#9709,2.);
#722=CIRCLE('',#9711,2.);
#723=CIRCLE('',#9714,1.97193593145989);
#724=CIRCLE('',#9715,2.17606847658003);
#725=CIRCLE('',#9717,1.36536247473775);
#726=CIRCLE('',#9719,1.97193593145989);
#727=CIRCLE('',#9720,2.17606847658003);
#728=CIRCLE('',#9722,1.36536247473775);
#729=CIRCLE('',#9724,1.97193593145989);
#730=CIRCLE('',#9725,2.17606847658003);
#731=CIRCLE('',#9727,1.36536247473775);
#732=CIRCLE('',#9728,1.36536247473775);
#733=CIRCLE('',#9730,1.97193593145989);
#734=CIRCLE('',#9731,2.17606847658003);
#735=CIRCLE('',#9733,1.36536247473775);
#736=CIRCLE('',#9735,3.96115541218791);
#737=CIRCLE('',#9736,3.96115541218791);
#738=CIRCLE('',#9737,1.3);
#739=CIRCLE('',#9738,3.32743417132886);
#740=CIRCLE('',#9740,6.49709114033476);
#741=CIRCLE('',#9741,6.49709114033476);
#742=CIRCLE('',#9742,6.49709114033476);
#743=CIRCLE('',#9743,6.49709114033476);
#744=CIRCLE('',#9744,6.49709114033476);
#745=CIRCLE('',#9745,6.49709114033476);
#746=CIRCLE('',#9746,6.49709114033476);
#747=CIRCLE('',#9747,6.49709114033476);
#748=CIRCLE('',#9749,4.);
#749=CIRCLE('',#9764,1.810555);
#750=CIRCLE('',#9766,1.810555);
#751=CIRCLE('',#9769,1.570585);
#752=CIRCLE('',#9770,2.);
#753=CIRCLE('',#9771,2.);
#754=CIRCLE('',#9773,2.);
#755=CIRCLE('',#9776,1.97193593145989);
#756=CIRCLE('',#9777,2.17606847658003);
#757=CIRCLE('',#9779,1.36536247473775);
#758=CIRCLE('',#9781,1.97193593145989);
#759=CIRCLE('',#9782,2.17606847658003);
#760=CIRCLE('',#9784,1.36536247473775);
#761=CIRCLE('',#9786,1.97193593145989);
#762=CIRCLE('',#9787,2.17606847658003);
#763=CIRCLE('',#9789,1.36536247473775);
#764=CIRCLE('',#9790,1.36536247473775);
#765=CIRCLE('',#9792,1.97193593145989);
#766=CIRCLE('',#9793,2.17606847658003);
#767=CIRCLE('',#9795,1.36536247473775);
#768=CIRCLE('',#9797,3.96115541218791);
#769=CIRCLE('',#9798,3.96115541218791);
#770=CIRCLE('',#9799,1.3);
#771=CIRCLE('',#9800,3.32743417132886);
#772=CIRCLE('',#9802,6.49709114033476);
#773=CIRCLE('',#9803,6.49709114033476);
#774=CIRCLE('',#9804,6.49709114033476);
#775=CIRCLE('',#9805,6.49709114033476);
#776=CIRCLE('',#9806,6.49709114033476);
#777=CIRCLE('',#9807,6.49709114033476);
#778=CIRCLE('',#9808,6.49709114033476);
#779=CIRCLE('',#9809,6.49709114033476);
#780=CIRCLE('',#9811,4.);
#781=CIRCLE('',#9826,1.810555);
#782=CIRCLE('',#9828,1.810555);
#783=TOROIDAL_SURFACE('',#8965,4.,0.5);
#784=TOROIDAL_SURFACE('',#8979,2.,1.);
#785=TOROIDAL_SURFACE('',#8982,4.,1.);
#786=TOROIDAL_SURFACE('',#8986,2.,1.);
#787=TOROIDAL_SURFACE('',#9015,6.,1.);
#788=TOROIDAL_SURFACE('',#9026,4.5,0.5);
#789=TOROIDAL_SURFACE('',#9035,4.,0.5);
#790=TOROIDAL_SURFACE('',#9713,2.12049503548584,0.166);
#791=TOROIDAL_SURFACE('',#9718,2.12049503548584,0.166);
#792=TOROIDAL_SURFACE('',#9723,2.12049503548584,0.166);
#793=TOROIDAL_SURFACE('',#9729,2.12049503548584,0.166);
#794=TOROIDAL_SURFACE('',#9734,2.66194733706308,1.3);
#795=TOROIDAL_SURFACE('',#9775,2.12049503548584,0.166);
#796=TOROIDAL_SURFACE('',#9780,2.12049503548584,0.166);
#797=TOROIDAL_SURFACE('',#9785,2.12049503548584,0.166);
#798=TOROIDAL_SURFACE('',#9791,2.12049503548584,0.166);
#799=TOROIDAL_SURFACE('',#9796,2.66194733706308,1.3);
#800=FACE_OUTER_BOUND('',#1270,.T.);
#801=FACE_OUTER_BOUND('',#1271,.T.);
#802=FACE_OUTER_BOUND('',#1272,.T.);
#803=FACE_OUTER_BOUND('',#1273,.T.);
#804=FACE_OUTER_BOUND('',#1276,.T.);
#805=FACE_OUTER_BOUND('',#1277,.T.);
#806=FACE_OUTER_BOUND('',#1278,.T.);
#807=FACE_OUTER_BOUND('',#1279,.T.);
#808=FACE_OUTER_BOUND('',#1280,.T.);
#809=FACE_OUTER_BOUND('',#1281,.T.);
#810=FACE_OUTER_BOUND('',#1282,.T.);
#811=FACE_OUTER_BOUND('',#1283,.T.);
#812=FACE_OUTER_BOUND('',#1284,.T.);
#813=FACE_OUTER_BOUND('',#1285,.T.);
#814=FACE_OUTER_BOUND('',#1286,.T.);
#815=FACE_OUTER_BOUND('',#1287,.T.);
#816=FACE_OUTER_BOUND('',#1288,.T.);
#817=FACE_OUTER_BOUND('',#1289,.T.);
#818=FACE_OUTER_BOUND('',#1290,.T.);
#819=FACE_OUTER_BOUND('',#1291,.T.);
#820=FACE_OUTER_BOUND('',#1292,.T.);
#821=FACE_OUTER_BOUND('',#1293,.T.);
#822=FACE_OUTER_BOUND('',#1294,.T.);
#823=FACE_OUTER_BOUND('',#1295,.T.);
#824=FACE_OUTER_BOUND('',#1296,.T.);
#825=FACE_OUTER_BOUND('',#1297,.T.);
#826=FACE_OUTER_BOUND('',#1298,.T.);
#827=FACE_OUTER_BOUND('',#1299,.T.);
#828=FACE_OUTER_BOUND('',#1300,.T.);
#829=FACE_OUTER_BOUND('',#1301,.T.);
#830=FACE_OUTER_BOUND('',#1302,.T.);
#831=FACE_OUTER_BOUND('',#1303,.T.);
#832=FACE_OUTER_BOUND('',#1304,.T.);
#833=FACE_OUTER_BOUND('',#1305,.T.);
#834=FACE_OUTER_BOUND('',#1306,.T.);
#835=FACE_OUTER_BOUND('',#1307,.T.);
#836=FACE_OUTER_BOUND('',#1308,.T.);
#837=FACE_OUTER_BOUND('',#1310,.T.);
#838=FACE_OUTER_BOUND('',#1311,.T.);
#839=FACE_OUTER_BOUND('',#1312,.T.);
#840=FACE_OUTER_BOUND('',#1313,.T.);
#841=FACE_OUTER_BOUND('',#1314,.T.);
#842=FACE_OUTER_BOUND('',#1315,.T.);
#843=FACE_OUTER_BOUND('',#1316,.T.);
#844=FACE_OUTER_BOUND('',#1317,.T.);
#845=FACE_OUTER_BOUND('',#1318,.T.);
#846=FACE_OUTER_BOUND('',#1319,.T.);
#847=FACE_OUTER_BOUND('',#1320,.T.);
#848=FACE_OUTER_BOUND('',#1321,.T.);
#849=FACE_OUTER_BOUND('',#1323,.T.);
#850=FACE_OUTER_BOUND('',#1324,.T.);
#851=FACE_OUTER_BOUND('',#1325,.T.);
#852=FACE_OUTER_BOUND('',#1326,.T.);
#853=FACE_OUTER_BOUND('',#1327,.T.);
#854=FACE_OUTER_BOUND('',#1328,.T.);
#855=FACE_OUTER_BOUND('',#1329,.T.);
#856=FACE_OUTER_BOUND('',#1330,.T.);
#857=FACE_OUTER_BOUND('',#1331,.T.);
#858=FACE_OUTER_BOUND('',#1332,.T.);
#859=FACE_OUTER_BOUND('',#1333,.T.);
#860=FACE_OUTER_BOUND('',#1337,.T.);
#861=FACE_OUTER_BOUND('',#1338,.T.);
#862=FACE_OUTER_BOUND('',#1339,.T.);
#863=FACE_OUTER_BOUND('',#1340,.T.);
#864=FACE_OUTER_BOUND('',#1341,.T.);
#865=FACE_OUTER_BOUND('',#1342,.T.);
#866=FACE_OUTER_BOUND('',#1343,.T.);
#867=FACE_OUTER_BOUND('',#1344,.T.);
#868=FACE_OUTER_BOUND('',#1345,.T.);
#869=FACE_OUTER_BOUND('',#1346,.T.);
#870=FACE_OUTER_BOUND('',#1347,.T.);
#871=FACE_OUTER_BOUND('',#1348,.T.);
#872=FACE_OUTER_BOUND('',#1349,.T.);
#873=FACE_OUTER_BOUND('',#1350,.T.);
#874=FACE_OUTER_BOUND('',#1351,.T.);
#875=FACE_OUTER_BOUND('',#1352,.T.);
#876=FACE_OUTER_BOUND('',#1353,.T.);
#877=FACE_OUTER_BOUND('',#1354,.T.);
#878=FACE_OUTER_BOUND('',#1355,.T.);
#879=FACE_OUTER_BOUND('',#1356,.T.);
#880=FACE_OUTER_BOUND('',#1357,.T.);
#881=FACE_OUTER_BOUND('',#1358,.T.);
#882=FACE_OUTER_BOUND('',#1359,.T.);
#883=FACE_OUTER_BOUND('',#1360,.T.);
#884=FACE_OUTER_BOUND('',#1361,.T.);
#885=FACE_OUTER_BOUND('',#1362,.T.);
#886=FACE_OUTER_BOUND('',#1363,.T.);
#887=FACE_OUTER_BOUND('',#1364,.T.);
#888=FACE_OUTER_BOUND('',#1365,.T.);
#889=FACE_OUTER_BOUND('',#1366,.T.);
#890=FACE_OUTER_BOUND('',#1367,.T.);
#891=FACE_OUTER_BOUND('',#1368,.T.);
#892=FACE_OUTER_BOUND('',#1369,.T.);
#893=FACE_OUTER_BOUND('',#1370,.T.);
#894=FACE_OUTER_BOUND('',#1371,.T.);
#895=FACE_OUTER_BOUND('',#1372,.T.);
#896=FACE_OUTER_BOUND('',#1373,.T.);
#897=FACE_OUTER_BOUND('',#1374,.T.);
#898=FACE_OUTER_BOUND('',#1375,.T.);
#899=FACE_OUTER_BOUND('',#1376,.T.);
#900=FACE_OUTER_BOUND('',#1377,.T.);
#901=FACE_OUTER_BOUND('',#1378,.T.);
#902=FACE_OUTER_BOUND('',#1379,.T.);
#903=FACE_OUTER_BOUND('',#1380,.T.);
#904=FACE_OUTER_BOUND('',#1381,.T.);
#905=FACE_OUTER_BOUND('',#1382,.T.);
#906=FACE_OUTER_BOUND('',#1383,.T.);
#907=FACE_OUTER_BOUND('',#1384,.T.);
#908=FACE_OUTER_BOUND('',#1385,.T.);
#909=FACE_OUTER_BOUND('',#1386,.T.);
#910=FACE_OUTER_BOUND('',#1387,.T.);
#911=FACE_OUTER_BOUND('',#1388,.T.);
#912=FACE_OUTER_BOUND('',#1389,.T.);
#913=FACE_OUTER_BOUND('',#1390,.T.);
#914=FACE_OUTER_BOUND('',#1391,.T.);
#915=FACE_OUTER_BOUND('',#1392,.T.);
#916=FACE_OUTER_BOUND('',#1393,.T.);
#917=FACE_OUTER_BOUND('',#1395,.T.);
#918=FACE_OUTER_BOUND('',#1397,.T.);
#919=FACE_OUTER_BOUND('',#1398,.T.);
#920=FACE_OUTER_BOUND('',#1399,.T.);
#921=FACE_OUTER_BOUND('',#1400,.T.);
#922=FACE_OUTER_BOUND('',#1401,.T.);
#923=FACE_OUTER_BOUND('',#1402,.T.);
#924=FACE_OUTER_BOUND('',#1403,.T.);
#925=FACE_OUTER_BOUND('',#1404,.T.);
#926=FACE_OUTER_BOUND('',#1405,.T.);
#927=FACE_OUTER_BOUND('',#1406,.T.);
#928=FACE_OUTER_BOUND('',#1408,.T.);
#929=FACE_OUTER_BOUND('',#1409,.T.);
#930=FACE_OUTER_BOUND('',#1410,.T.);
#931=FACE_OUTER_BOUND('',#1412,.T.);
#932=FACE_OUTER_BOUND('',#1413,.T.);
#933=FACE_OUTER_BOUND('',#1415,.T.);
#934=FACE_OUTER_BOUND('',#1417,.T.);
#935=FACE_OUTER_BOUND('',#1418,.T.);
#936=FACE_OUTER_BOUND('',#1420,.T.);
#937=FACE_OUTER_BOUND('',#1421,.T.);
#938=FACE_OUTER_BOUND('',#1422,.T.);
#939=FACE_OUTER_BOUND('',#1423,.T.);
#940=FACE_OUTER_BOUND('',#1424,.T.);
#941=FACE_OUTER_BOUND('',#1425,.T.);
#942=FACE_OUTER_BOUND('',#1426,.T.);
#943=FACE_OUTER_BOUND('',#1427,.T.);
#944=FACE_OUTER_BOUND('',#1428,.T.);
#945=FACE_OUTER_BOUND('',#1429,.T.);
#946=FACE_OUTER_BOUND('',#1430,.T.);
#947=FACE_OUTER_BOUND('',#1431,.T.);
#948=FACE_OUTER_BOUND('',#1432,.T.);
#949=FACE_OUTER_BOUND('',#1433,.T.);
#950=FACE_OUTER_BOUND('',#1435,.T.);
#951=FACE_OUTER_BOUND('',#1436,.T.);
#952=FACE_OUTER_BOUND('',#1437,.T.);
#953=FACE_OUTER_BOUND('',#1438,.T.);
#954=FACE_OUTER_BOUND('',#1439,.T.);
#955=FACE_OUTER_BOUND('',#1440,.T.);
#956=FACE_OUTER_BOUND('',#1441,.T.);
#957=FACE_OUTER_BOUND('',#1442,.T.);
#958=FACE_OUTER_BOUND('',#1443,.T.);
#959=FACE_OUTER_BOUND('',#1444,.T.);
#960=FACE_OUTER_BOUND('',#1445,.T.);
#961=FACE_OUTER_BOUND('',#1449,.T.);
#962=FACE_OUTER_BOUND('',#1450,.T.);
#963=FACE_OUTER_BOUND('',#1451,.T.);
#964=FACE_OUTER_BOUND('',#1452,.T.);
#965=FACE_OUTER_BOUND('',#1453,.T.);
#966=FACE_OUTER_BOUND('',#1454,.T.);
#967=FACE_OUTER_BOUND('',#1455,.T.);
#968=FACE_OUTER_BOUND('',#1456,.T.);
#969=FACE_OUTER_BOUND('',#1457,.T.);
#970=FACE_OUTER_BOUND('',#1458,.T.);
#971=FACE_OUTER_BOUND('',#1459,.T.);
#972=FACE_OUTER_BOUND('',#1460,.T.);
#973=FACE_OUTER_BOUND('',#1461,.T.);
#974=FACE_OUTER_BOUND('',#1462,.T.);
#975=FACE_OUTER_BOUND('',#1463,.T.);
#976=FACE_OUTER_BOUND('',#1464,.T.);
#977=FACE_OUTER_BOUND('',#1465,.T.);
#978=FACE_OUTER_BOUND('',#1466,.T.);
#979=FACE_OUTER_BOUND('',#1467,.T.);
#980=FACE_OUTER_BOUND('',#1468,.T.);
#981=FACE_OUTER_BOUND('',#1469,.T.);
#982=FACE_OUTER_BOUND('',#1470,.T.);
#983=FACE_OUTER_BOUND('',#1471,.T.);
#984=FACE_OUTER_BOUND('',#1472,.T.);
#985=FACE_OUTER_BOUND('',#1473,.T.);
#986=FACE_OUTER_BOUND('',#1474,.T.);
#987=FACE_OUTER_BOUND('',#1475,.T.);
#988=FACE_OUTER_BOUND('',#1476,.T.);
#989=FACE_OUTER_BOUND('',#1477,.T.);
#990=FACE_OUTER_BOUND('',#1478,.T.);
#991=FACE_OUTER_BOUND('',#1479,.T.);
#992=FACE_OUTER_BOUND('',#1480,.T.);
#993=FACE_OUTER_BOUND('',#1481,.T.);
#994=FACE_OUTER_BOUND('',#1482,.T.);
#995=FACE_OUTER_BOUND('',#1483,.T.);
#996=FACE_OUTER_BOUND('',#1484,.T.);
#997=FACE_OUTER_BOUND('',#1485,.T.);
#998=FACE_OUTER_BOUND('',#1486,.T.);
#999=FACE_OUTER_BOUND('',#1487,.T.);
#1000=FACE_OUTER_BOUND('',#1488,.T.);
#1001=FACE_OUTER_BOUND('',#1489,.T.);
#1002=FACE_OUTER_BOUND('',#1490,.T.);
#1003=FACE_OUTER_BOUND('',#1491,.T.);
#1004=FACE_OUTER_BOUND('',#1492,.T.);
#1005=FACE_OUTER_BOUND('',#1493,.T.);
#1006=FACE_OUTER_BOUND('',#1494,.T.);
#1007=FACE_OUTER_BOUND('',#1495,.T.);
#1008=FACE_OUTER_BOUND('',#1496,.T.);
#1009=FACE_OUTER_BOUND('',#1497,.T.);
#1010=FACE_OUTER_BOUND('',#1498,.T.);
#1011=FACE_OUTER_BOUND('',#1499,.T.);
#1012=FACE_OUTER_BOUND('',#1500,.T.);
#1013=FACE_OUTER_BOUND('',#1501,.T.);
#1014=FACE_OUTER_BOUND('',#1502,.T.);
#1015=FACE_OUTER_BOUND('',#1503,.T.);
#1016=FACE_OUTER_BOUND('',#1504,.T.);
#1017=FACE_OUTER_BOUND('',#1505,.T.);
#1018=FACE_OUTER_BOUND('',#1506,.T.);
#1019=FACE_OUTER_BOUND('',#1507,.T.);
#1020=FACE_OUTER_BOUND('',#1508,.T.);
#1021=FACE_OUTER_BOUND('',#1509,.T.);
#1022=FACE_OUTER_BOUND('',#1510,.T.);
#1023=FACE_OUTER_BOUND('',#1511,.T.);
#1024=FACE_OUTER_BOUND('',#1512,.T.);
#1025=FACE_OUTER_BOUND('',#1513,.T.);
#1026=FACE_OUTER_BOUND('',#1514,.T.);
#1027=FACE_OUTER_BOUND('',#1515,.T.);
#1028=FACE_OUTER_BOUND('',#1516,.T.);
#1029=FACE_OUTER_BOUND('',#1517,.T.);
#1030=FACE_OUTER_BOUND('',#1518,.T.);
#1031=FACE_OUTER_BOUND('',#1519,.T.);
#1032=FACE_OUTER_BOUND('',#1520,.T.);
#1033=FACE_OUTER_BOUND('',#1521,.T.);
#1034=FACE_OUTER_BOUND('',#1522,.T.);
#1035=FACE_OUTER_BOUND('',#1523,.T.);
#1036=FACE_OUTER_BOUND('',#1524,.T.);
#1037=FACE_OUTER_BOUND('',#1525,.T.);
#1038=FACE_OUTER_BOUND('',#1526,.T.);
#1039=FACE_OUTER_BOUND('',#1527,.T.);
#1040=FACE_OUTER_BOUND('',#1528,.T.);
#1041=FACE_OUTER_BOUND('',#1529,.T.);
#1042=FACE_OUTER_BOUND('',#1530,.T.);
#1043=FACE_OUTER_BOUND('',#1531,.T.);
#1044=FACE_OUTER_BOUND('',#1532,.T.);
#1045=FACE_OUTER_BOUND('',#1533,.T.);
#1046=FACE_OUTER_BOUND('',#1534,.T.);
#1047=FACE_OUTER_BOUND('',#1535,.T.);
#1048=FACE_OUTER_BOUND('',#1536,.T.);
#1049=FACE_OUTER_BOUND('',#1537,.T.);
#1050=FACE_OUTER_BOUND('',#1539,.T.);
#1051=FACE_OUTER_BOUND('',#1540,.T.);
#1052=FACE_OUTER_BOUND('',#1542,.T.);
#1053=FACE_OUTER_BOUND('',#1543,.T.);
#1054=FACE_OUTER_BOUND('',#1544,.T.);
#1055=FACE_OUTER_BOUND('',#1545,.T.);
#1056=FACE_OUTER_BOUND('',#1546,.T.);
#1057=FACE_OUTER_BOUND('',#1547,.T.);
#1058=FACE_OUTER_BOUND('',#1548,.T.);
#1059=FACE_OUTER_BOUND('',#1550,.T.);
#1060=FACE_OUTER_BOUND('',#1551,.T.);
#1061=FACE_OUTER_BOUND('',#1552,.T.);
#1062=FACE_OUTER_BOUND('',#1553,.T.);
#1063=FACE_OUTER_BOUND('',#1555,.T.);
#1064=FACE_OUTER_BOUND('',#1556,.T.);
#1065=FACE_OUTER_BOUND('',#1557,.T.);
#1066=FACE_OUTER_BOUND('',#1559,.T.);
#1067=FACE_OUTER_BOUND('',#1560,.T.);
#1068=FACE_OUTER_BOUND('',#1561,.T.);
#1069=FACE_OUTER_BOUND('',#1562,.T.);
#1070=FACE_OUTER_BOUND('',#1563,.T.);
#1071=FACE_OUTER_BOUND('',#1564,.T.);
#1072=FACE_OUTER_BOUND('',#1565,.T.);
#1073=FACE_OUTER_BOUND('',#1566,.T.);
#1074=FACE_OUTER_BOUND('',#1567,.T.);
#1075=FACE_OUTER_BOUND('',#1568,.T.);
#1076=FACE_OUTER_BOUND('',#1569,.T.);
#1077=FACE_OUTER_BOUND('',#1570,.T.);
#1078=FACE_OUTER_BOUND('',#1571,.T.);
#1079=FACE_OUTER_BOUND('',#1572,.T.);
#1080=FACE_OUTER_BOUND('',#1573,.T.);
#1081=FACE_OUTER_BOUND('',#1574,.T.);
#1082=FACE_OUTER_BOUND('',#1575,.T.);
#1083=FACE_OUTER_BOUND('',#1576,.T.);
#1084=FACE_OUTER_BOUND('',#1577,.T.);
#1085=FACE_OUTER_BOUND('',#1578,.T.);
#1086=FACE_OUTER_BOUND('',#1579,.T.);
#1087=FACE_OUTER_BOUND('',#1580,.T.);
#1088=FACE_OUTER_BOUND('',#1581,.T.);
#1089=FACE_OUTER_BOUND('',#1582,.T.);
#1090=FACE_OUTER_BOUND('',#1583,.T.);
#1091=FACE_OUTER_BOUND('',#1584,.T.);
#1092=FACE_OUTER_BOUND('',#1585,.T.);
#1093=FACE_OUTER_BOUND('',#1586,.T.);
#1094=FACE_OUTER_BOUND('',#1587,.T.);
#1095=FACE_OUTER_BOUND('',#1588,.T.);
#1096=FACE_OUTER_BOUND('',#1589,.T.);
#1097=FACE_OUTER_BOUND('',#1590,.T.);
#1098=FACE_OUTER_BOUND('',#1591,.T.);
#1099=FACE_OUTER_BOUND('',#1592,.T.);
#1100=FACE_OUTER_BOUND('',#1593,.T.);
#1101=FACE_OUTER_BOUND('',#1594,.T.);
#1102=FACE_OUTER_BOUND('',#1595,.T.);
#1103=FACE_OUTER_BOUND('',#1596,.T.);
#1104=FACE_OUTER_BOUND('',#1597,.T.);
#1105=FACE_OUTER_BOUND('',#1598,.T.);
#1106=FACE_OUTER_BOUND('',#1599,.T.);
#1107=FACE_OUTER_BOUND('',#1600,.T.);
#1108=FACE_OUTER_BOUND('',#1601,.T.);
#1109=FACE_OUTER_BOUND('',#1602,.T.);
#1110=FACE_OUTER_BOUND('',#1603,.T.);
#1111=FACE_OUTER_BOUND('',#1604,.T.);
#1112=FACE_OUTER_BOUND('',#1605,.T.);
#1113=FACE_OUTER_BOUND('',#1606,.T.);
#1114=FACE_OUTER_BOUND('',#1607,.T.);
#1115=FACE_OUTER_BOUND('',#1608,.T.);
#1116=FACE_OUTER_BOUND('',#1610,.T.);
#1117=FACE_OUTER_BOUND('',#1611,.T.);
#1118=FACE_OUTER_BOUND('',#1612,.T.);
#1119=FACE_OUTER_BOUND('',#1613,.T.);
#1120=FACE_OUTER_BOUND('',#1614,.T.);
#1121=FACE_OUTER_BOUND('',#1615,.T.);
#1122=FACE_OUTER_BOUND('',#1616,.T.);
#1123=FACE_OUTER_BOUND('',#1617,.T.);
#1124=FACE_OUTER_BOUND('',#1618,.T.);
#1125=FACE_OUTER_BOUND('',#1619,.T.);
#1126=FACE_OUTER_BOUND('',#1620,.T.);
#1127=FACE_OUTER_BOUND('',#1621,.T.);
#1128=FACE_OUTER_BOUND('',#1622,.T.);
#1129=FACE_OUTER_BOUND('',#1623,.T.);
#1130=FACE_OUTER_BOUND('',#1624,.T.);
#1131=FACE_OUTER_BOUND('',#1625,.T.);
#1132=FACE_OUTER_BOUND('',#1626,.T.);
#1133=FACE_OUTER_BOUND('',#1628,.T.);
#1134=FACE_OUTER_BOUND('',#1629,.T.);
#1135=FACE_OUTER_BOUND('',#1630,.T.);
#1136=FACE_OUTER_BOUND('',#1631,.T.);
#1137=FACE_OUTER_BOUND('',#1632,.T.);
#1138=FACE_OUTER_BOUND('',#1633,.T.);
#1139=FACE_OUTER_BOUND('',#1634,.T.);
#1140=FACE_OUTER_BOUND('',#1635,.T.);
#1141=FACE_OUTER_BOUND('',#1636,.T.);
#1142=FACE_OUTER_BOUND('',#1637,.T.);
#1143=FACE_OUTER_BOUND('',#1638,.T.);
#1144=FACE_OUTER_BOUND('',#1639,.T.);
#1145=FACE_OUTER_BOUND('',#1640,.T.);
#1146=FACE_OUTER_BOUND('',#1641,.T.);
#1147=FACE_OUTER_BOUND('',#1642,.T.);
#1148=FACE_OUTER_BOUND('',#1643,.T.);
#1149=FACE_OUTER_BOUND('',#1644,.T.);
#1150=FACE_OUTER_BOUND('',#1645,.T.);
#1151=FACE_OUTER_BOUND('',#1646,.T.);
#1152=FACE_OUTER_BOUND('',#1647,.T.);
#1153=FACE_OUTER_BOUND('',#1648,.T.);
#1154=FACE_OUTER_BOUND('',#1649,.T.);
#1155=FACE_OUTER_BOUND('',#1650,.T.);
#1156=FACE_OUTER_BOUND('',#1651,.T.);
#1157=FACE_OUTER_BOUND('',#1652,.T.);
#1158=FACE_OUTER_BOUND('',#1653,.T.);
#1159=FACE_OUTER_BOUND('',#1654,.T.);
#1160=FACE_OUTER_BOUND('',#1655,.T.);
#1161=FACE_OUTER_BOUND('',#1656,.T.);
#1162=FACE_OUTER_BOUND('',#1657,.T.);
#1163=FACE_OUTER_BOUND('',#1658,.T.);
#1164=FACE_OUTER_BOUND('',#1659,.T.);
#1165=FACE_OUTER_BOUND('',#1660,.T.);
#1166=FACE_OUTER_BOUND('',#1661,.T.);
#1167=FACE_OUTER_BOUND('',#1662,.T.);
#1168=FACE_OUTER_BOUND('',#1663,.T.);
#1169=FACE_OUTER_BOUND('',#1664,.T.);
#1170=FACE_OUTER_BOUND('',#1665,.T.);
#1171=FACE_OUTER_BOUND('',#1666,.T.);
#1172=FACE_OUTER_BOUND('',#1667,.T.);
#1173=FACE_OUTER_BOUND('',#1668,.T.);
#1174=FACE_OUTER_BOUND('',#1669,.T.);
#1175=FACE_OUTER_BOUND('',#1670,.T.);
#1176=FACE_OUTER_BOUND('',#1671,.T.);
#1177=FACE_OUTER_BOUND('',#1672,.T.);
#1178=FACE_OUTER_BOUND('',#1673,.T.);
#1179=FACE_OUTER_BOUND('',#1674,.T.);
#1180=FACE_OUTER_BOUND('',#1675,.T.);
#1181=FACE_OUTER_BOUND('',#1676,.T.);
#1182=FACE_OUTER_BOUND('',#1677,.T.);
#1183=FACE_OUTER_BOUND('',#1678,.T.);
#1184=FACE_OUTER_BOUND('',#1679,.T.);
#1185=FACE_OUTER_BOUND('',#1680,.T.);
#1186=FACE_OUTER_BOUND('',#1681,.T.);
#1187=FACE_OUTER_BOUND('',#1682,.T.);
#1188=FACE_OUTER_BOUND('',#1683,.T.);
#1189=FACE_OUTER_BOUND('',#1684,.T.);
#1190=FACE_OUTER_BOUND('',#1685,.T.);
#1191=FACE_OUTER_BOUND('',#1686,.T.);
#1192=FACE_OUTER_BOUND('',#1687,.T.);
#1193=FACE_OUTER_BOUND('',#1689,.T.);
#1194=FACE_OUTER_BOUND('',#1690,.T.);
#1195=FACE_OUTER_BOUND('',#1691,.T.);
#1196=FACE_OUTER_BOUND('',#1692,.T.);
#1197=FACE_OUTER_BOUND('',#1693,.T.);
#1198=FACE_OUTER_BOUND('',#1694,.T.);
#1199=FACE_OUTER_BOUND('',#1695,.T.);
#1200=FACE_OUTER_BOUND('',#1696,.T.);
#1201=FACE_OUTER_BOUND('',#1697,.T.);
#1202=FACE_OUTER_BOUND('',#1698,.T.);
#1203=FACE_OUTER_BOUND('',#1699,.T.);
#1204=FACE_OUTER_BOUND('',#1700,.T.);
#1205=FACE_OUTER_BOUND('',#1701,.T.);
#1206=FACE_OUTER_BOUND('',#1702,.T.);
#1207=FACE_OUTER_BOUND('',#1703,.T.);
#1208=FACE_OUTER_BOUND('',#1704,.T.);
#1209=FACE_OUTER_BOUND('',#1705,.T.);
#1210=FACE_OUTER_BOUND('',#1708,.T.);
#1211=FACE_OUTER_BOUND('',#1709,.T.);
#1212=FACE_OUTER_BOUND('',#1710,.T.);
#1213=FACE_OUTER_BOUND('',#1711,.T.);
#1214=FACE_OUTER_BOUND('',#1712,.T.);
#1215=FACE_OUTER_BOUND('',#1713,.T.);
#1216=FACE_OUTER_BOUND('',#1714,.T.);
#1217=FACE_OUTER_BOUND('',#1715,.T.);
#1218=FACE_OUTER_BOUND('',#1716,.T.);
#1219=FACE_OUTER_BOUND('',#1717,.T.);
#1220=FACE_OUTER_BOUND('',#1718,.T.);
#1221=FACE_OUTER_BOUND('',#1719,.T.);
#1222=FACE_OUTER_BOUND('',#1720,.T.);
#1223=FACE_OUTER_BOUND('',#1722,.T.);
#1224=FACE_OUTER_BOUND('',#1723,.T.);
#1225=FACE_OUTER_BOUND('',#1724,.T.);
#1226=FACE_OUTER_BOUND('',#1725,.T.);
#1227=FACE_OUTER_BOUND('',#1726,.T.);
#1228=FACE_OUTER_BOUND('',#1727,.T.);
#1229=FACE_OUTER_BOUND('',#1728,.T.);
#1230=FACE_OUTER_BOUND('',#1729,.T.);
#1231=FACE_OUTER_BOUND('',#1730,.T.);
#1232=FACE_OUTER_BOUND('',#1731,.T.);
#1233=FACE_OUTER_BOUND('',#1732,.T.);
#1234=FACE_OUTER_BOUND('',#1733,.T.);
#1235=FACE_OUTER_BOUND('',#1734,.T.);
#1236=FACE_OUTER_BOUND('',#1735,.T.);
#1237=FACE_OUTER_BOUND('',#1736,.T.);
#1238=FACE_OUTER_BOUND('',#1738,.T.);
#1239=FACE_OUTER_BOUND('',#1739,.T.);
#1240=FACE_OUTER_BOUND('',#1740,.T.);
#1241=FACE_OUTER_BOUND('',#1741,.T.);
#1242=FACE_OUTER_BOUND('',#1742,.T.);
#1243=FACE_OUTER_BOUND('',#1743,.T.);
#1244=FACE_OUTER_BOUND('',#1744,.T.);
#1245=FACE_OUTER_BOUND('',#1745,.T.);
#1246=FACE_OUTER_BOUND('',#1746,.T.);
#1247=FACE_OUTER_BOUND('',#1747,.T.);
#1248=FACE_OUTER_BOUND('',#1748,.T.);
#1249=FACE_OUTER_BOUND('',#1749,.T.);
#1250=FACE_OUTER_BOUND('',#1750,.T.);
#1251=FACE_OUTER_BOUND('',#1751,.T.);
#1252=FACE_OUTER_BOUND('',#1752,.T.);
#1253=FACE_OUTER_BOUND('',#1754,.T.);
#1254=FACE_OUTER_BOUND('',#1755,.T.);
#1255=FACE_OUTER_BOUND('',#1756,.T.);
#1256=FACE_OUTER_BOUND('',#1757,.T.);
#1257=FACE_OUTER_BOUND('',#1758,.T.);
#1258=FACE_OUTER_BOUND('',#1759,.T.);
#1259=FACE_OUTER_BOUND('',#1760,.T.);
#1260=FACE_OUTER_BOUND('',#1761,.T.);
#1261=FACE_OUTER_BOUND('',#1762,.T.);
#1262=FACE_OUTER_BOUND('',#1763,.T.);
#1263=FACE_OUTER_BOUND('',#1764,.T.);
#1264=FACE_OUTER_BOUND('',#1765,.T.);
#1265=FACE_OUTER_BOUND('',#1766,.T.);
#1266=FACE_OUTER_BOUND('',#1767,.T.);
#1267=FACE_OUTER_BOUND('',#1768,.T.);
#1268=FACE_OUTER_BOUND('',#1770,.T.);
#1269=FACE_OUTER_BOUND('',#1771,.T.);
#1270=EDGE_LOOP('',(#5342,#5343,#5344,#5345));
#1271=EDGE_LOOP('',(#5346,#5347,#5348,#5349));
#1272=EDGE_LOOP('',(#5350,#5351,#5352,#5353,#5354,#5355));
#1273=EDGE_LOOP('',(#5356,#5357,#5358,#5359));
#1274=EDGE_LOOP('',(#5360));
#1275=EDGE_LOOP('',(#5361));
#1276=EDGE_LOOP('',(#5362,#5363,#5364));
#1277=EDGE_LOOP('',(#5365,#5366,#5367,#5368));
#1278=EDGE_LOOP('',(#5369,#5370,#5371,#5372,#5373,#5374,#5375));
#1279=EDGE_LOOP('',(#5376,#5377,#5378,#5379));
#1280=EDGE_LOOP('',(#5380,#5381,#5382));
#1281=EDGE_LOOP('',(#5383,#5384,#5385,#5386,#5387,#5388));
#1282=EDGE_LOOP('',(#5389,#5390,#5391,#5392,#5393,#5394,#5395,#5396,#5397,
#5398,#5399,#5400,#5401,#5402,#5403,#5404,#5405,#5406,#5407,#5408,#5409,
#5410));
#1283=EDGE_LOOP('',(#5411,#5412,#5413,#5414,#5415,#5416));
#1284=EDGE_LOOP('',(#5417,#5418,#5419,#5420));
#1285=EDGE_LOOP('',(#5421,#5422,#5423,#5424,#5425,#5426,#5427,#5428));
#1286=EDGE_LOOP('',(#5429,#5430,#5431,#5432,#5433,#5434,#5435,#5436,#5437,
#5438,#5439,#5440));
#1287=EDGE_LOOP('',(#5441,#5442,#5443,#5444,#5445,#5446,#5447,#5448,#5449,
#5450,#5451,#5452));
#1288=EDGE_LOOP('',(#5453,#5454,#5455,#5456));
#1289=EDGE_LOOP('',(#5457,#5458,#5459,#5460));
#1290=EDGE_LOOP('',(#5461,#5462,#5463,#5464));
#1291=EDGE_LOOP('',(#5465,#5466,#5467,#5468));
#1292=EDGE_LOOP('',(#5469,#5470,#5471,#5472));
#1293=EDGE_LOOP('',(#5473,#5474,#5475,#5476));
#1294=EDGE_LOOP('',(#5477,#5478,#5479,#5480,#5481,#5482));
#1295=EDGE_LOOP('',(#5483,#5484,#5485,#5486,#5487,#5488,#5489,#5490,#5491));
#1296=EDGE_LOOP('',(#5492,#5493,#5494,#5495));
#1297=EDGE_LOOP('',(#5496,#5497,#5498,#5499));
#1298=EDGE_LOOP('',(#5500,#5501,#5502,#5503,#5504));
#1299=EDGE_LOOP('',(#5505,#5506,#5507,#5508));
#1300=EDGE_LOOP('',(#5509,#5510,#5511,#5512));
#1301=EDGE_LOOP('',(#5513,#5514,#5515,#5516));
#1302=EDGE_LOOP('',(#5517,#5518,#5519,#5520));
#1303=EDGE_LOOP('',(#5521,#5522));
#1304=EDGE_LOOP('',(#5523,#5524,#5525,#5526));
#1305=EDGE_LOOP('',(#5527,#5528,#5529,#5530));
#1306=EDGE_LOOP('',(#5531,#5532,#5533,#5534));
#1307=EDGE_LOOP('',(#5535,#5536,#5537,#5538));
#1308=EDGE_LOOP('',(#5539,#5540,#5541,#5542));
#1309=EDGE_LOOP('',(#5543,#5544));
#1310=EDGE_LOOP('',(#5545,#5546,#5547,#5548,#5549,#5550,#5551,#5552));
#1311=EDGE_LOOP('',(#5553,#5554,#5555,#5556));
#1312=EDGE_LOOP('',(#5557,#5558,#5559,#5560));
#1313=EDGE_LOOP('',(#5561,#5562,#5563,#5564));
#1314=EDGE_LOOP('',(#5565,#5566,#5567,#5568));
#1315=EDGE_LOOP('',(#5569,#5570,#5571,#5572));
#1316=EDGE_LOOP('',(#5573,#5574,#5575,#5576));
#1317=EDGE_LOOP('',(#5577,#5578,#5579,#5580));
#1318=EDGE_LOOP('',(#5581,#5582,#5583,#5584));
#1319=EDGE_LOOP('',(#5585,#5586,#5587,#5588));
#1320=EDGE_LOOP('',(#5589,#5590,#5591,#5592));
#1321=EDGE_LOOP('',(#5593));
#1322=EDGE_LOOP('',(#5594));
#1323=EDGE_LOOP('',(#5595,#5596,#5597,#5598));
#1324=EDGE_LOOP('',(#5599,#5600,#5601,#5602));
#1325=EDGE_LOOP('',(#5603,#5604,#5605,#5606));
#1326=EDGE_LOOP('',(#5607,#5608,#5609,#5610));
#1327=EDGE_LOOP('',(#5611,#5612,#5613,#5614));
#1328=EDGE_LOOP('',(#5615,#5616,#5617,#5618));
#1329=EDGE_LOOP('',(#5619,#5620,#5621,#5622));
#1330=EDGE_LOOP('',(#5623,#5624,#5625,#5626));
#1331=EDGE_LOOP('',(#5627,#5628,#5629,#5630));
#1332=EDGE_LOOP('',(#5631,#5632,#5633,#5634));
#1333=EDGE_LOOP('',(#5635));
#1334=EDGE_LOOP('',(#5636,#5637,#5638,#5639));
#1335=EDGE_LOOP('',(#5640,#5641,#5642,#5643));
#1336=EDGE_LOOP('',(#5644,#5645,#5646,#5647,#5648,#5649,#5650,#5651));
#1337=EDGE_LOOP('',(#5652,#5653,#5654,#5655));
#1338=EDGE_LOOP('',(#5656,#5657,#5658,#5659));
#1339=EDGE_LOOP('',(#5660,#5661,#5662,#5663));
#1340=EDGE_LOOP('',(#5664,#5665,#5666,#5667));
#1341=EDGE_LOOP('',(#5668,#5669,#5670,#5671));
#1342=EDGE_LOOP('',(#5672,#5673,#5674,#5675));
#1343=EDGE_LOOP('',(#5676,#5677,#5678,#5679));
#1344=EDGE_LOOP('',(#5680,#5681,#5682,#5683));
#1345=EDGE_LOOP('',(#5684,#5685,#5686,#5687));
#1346=EDGE_LOOP('',(#5688,#5689,#5690,#5691));
#1347=EDGE_LOOP('',(#5692,#5693,#5694,#5695));
#1348=EDGE_LOOP('',(#5696,#5697,#5698,#5699));
#1349=EDGE_LOOP('',(#5700,#5701,#5702,#5703));
#1350=EDGE_LOOP('',(#5704,#5705,#5706,#5707));
#1351=EDGE_LOOP('',(#5708,#5709,#5710,#5711));
#1352=EDGE_LOOP('',(#5712,#5713,#5714,#5715));
#1353=EDGE_LOOP('',(#5716,#5717,#5718,#5719));
#1354=EDGE_LOOP('',(#5720,#5721,#5722,#5723));
#1355=EDGE_LOOP('',(#5724,#5725,#5726,#5727));
#1356=EDGE_LOOP('',(#5728,#5729,#5730,#5731));
#1357=EDGE_LOOP('',(#5732,#5733,#5734,#5735));
#1358=EDGE_LOOP('',(#5736,#5737,#5738,#5739));
#1359=EDGE_LOOP('',(#5740,#5741,#5742,#5743));
#1360=EDGE_LOOP('',(#5744,#5745,#5746,#5747));
#1361=EDGE_LOOP('',(#5748,#5749,#5750,#5751));
#1362=EDGE_LOOP('',(#5752,#5753,#5754,#5755));
#1363=EDGE_LOOP('',(#5756,#5757,#5758,#5759));
#1364=EDGE_LOOP('',(#5760,#5761,#5762,#5763));
#1365=EDGE_LOOP('',(#5764,#5765,#5766,#5767));
#1366=EDGE_LOOP('',(#5768,#5769,#5770,#5771));
#1367=EDGE_LOOP('',(#5772,#5773,#5774,#5775));
#1368=EDGE_LOOP('',(#5776,#5777,#5778,#5779));
#1369=EDGE_LOOP('',(#5780,#5781,#5782,#5783));
#1370=EDGE_LOOP('',(#5784,#5785,#5786,#5787));
#1371=EDGE_LOOP('',(#5788,#5789,#5790,#5791));
#1372=EDGE_LOOP('',(#5792,#5793,#5794,#5795));
#1373=EDGE_LOOP('',(#5796,#5797,#5798,#5799));
#1374=EDGE_LOOP('',(#5800,#5801,#5802,#5803));
#1375=EDGE_LOOP('',(#5804,#5805,#5806,#5807));
#1376=EDGE_LOOP('',(#5808,#5809,#5810,#5811));
#1377=EDGE_LOOP('',(#5812,#5813,#5814,#5815));
#1378=EDGE_LOOP('',(#5816,#5817,#5818,#5819));
#1379=EDGE_LOOP('',(#5820,#5821,#5822,#5823));
#1380=EDGE_LOOP('',(#5824,#5825,#5826,#5827));
#1381=EDGE_LOOP('',(#5828,#5829,#5830,#5831));
#1382=EDGE_LOOP('',(#5832,#5833,#5834,#5835));
#1383=EDGE_LOOP('',(#5836,#5837,#5838,#5839));
#1384=EDGE_LOOP('',(#5840,#5841,#5842,#5843));
#1385=EDGE_LOOP('',(#5844,#5845,#5846,#5847));
#1386=EDGE_LOOP('',(#5848,#5849,#5850,#5851));
#1387=EDGE_LOOP('',(#5852,#5853,#5854,#5855));
#1388=EDGE_LOOP('',(#5856,#5857,#5858,#5859));
#1389=EDGE_LOOP('',(#5860,#5861,#5862,#5863));
#1390=EDGE_LOOP('',(#5864,#5865,#5866,#5867));
#1391=EDGE_LOOP('',(#5868,#5869,#5870,#5871));
#1392=EDGE_LOOP('',(#5872,#5873,#5874,#5875));
#1393=EDGE_LOOP('',(#5876,#5877,#5878,#5879,#5880,#5881,#5882,#5883,#5884,
#5885,#5886,#5887,#5888,#5889,#5890,#5891,#5892,#5893,#5894,#5895,#5896,
#5897,#5898,#5899,#5900,#5901,#5902,#5903,#5904,#5905,#5906,#5907,#5908));
#1394=EDGE_LOOP('',(#5909));
#1395=EDGE_LOOP('',(#5910,#5911,#5912,#5913,#5914,#5915,#5916,#5917,#5918,
#5919,#5920,#5921,#5922,#5923,#5924,#5925,#5926,#5927,#5928,#5929,#5930,
#5931,#5932,#5933,#5934,#5935,#5936,#5937,#5938,#5939,#5940,#5941,#5942));
#1396=EDGE_LOOP('',(#5943));
#1397=EDGE_LOOP('',(#5944,#5945,#5946,#5947));
#1398=EDGE_LOOP('',(#5948,#5949,#5950,#5951));
#1399=EDGE_LOOP('',(#5952,#5953,#5954,#5955));
#1400=EDGE_LOOP('',(#5956,#5957,#5958,#5959));
#1401=EDGE_LOOP('',(#5960,#5961,#5962,#5963));
#1402=EDGE_LOOP('',(#5964,#5965,#5966,#5967));
#1403=EDGE_LOOP('',(#5968,#5969,#5970,#5971,#5972,#5973,#5974,#5975,#5976));
#1404=EDGE_LOOP('',(#5977,#5978,#5979,#5980,#5981,#5982,#5983,#5984,#5985,
#5986,#5987,#5988));
#1405=EDGE_LOOP('',(#5989,#5990,#5991,#5992));
#1406=EDGE_LOOP('',(#5993,#5994,#5995,#5996,#5997,#5998,#5999,#6000,#6001,
#6002,#6003,#6004,#6005,#6006,#6007,#6008,#6009,#6010,#6011,#6012,#6013,
#6014,#6015,#6016,#6017,#6018,#6019,#6020,#6021,#6022,#6023,#6024,#6025));
#1407=EDGE_LOOP('',(#6026));
#1408=EDGE_LOOP('',(#6027,#6028,#6029,#6030));
#1409=EDGE_LOOP('',(#6031,#6032,#6033,#6034));
#1410=EDGE_LOOP('',(#6035,#6036,#6037,#6038,#6039,#6040,#6041,#6042,#6043,
#6044,#6045,#6046,#6047,#6048,#6049,#6050,#6051,#6052,#6053,#6054,#6055,
#6056,#6057,#6058,#6059,#6060,#6061,#6062,#6063,#6064,#6065,#6066,#6067));
#1411=EDGE_LOOP('',(#6068));
#1412=EDGE_LOOP('',(#6069,#6070,#6071,#6072));
#1413=EDGE_LOOP('',(#6073,#6074,#6075,#6076,#6077,#6078));
#1414=EDGE_LOOP('',(#6079));
#1415=EDGE_LOOP('',(#6080));
#1416=EDGE_LOOP('',(#6081));
#1417=EDGE_LOOP('',(#6082));
#1418=EDGE_LOOP('',(#6083));
#1419=EDGE_LOOP('',(#6084));
#1420=EDGE_LOOP('',(#6085));
#1421=EDGE_LOOP('',(#6086,#6087,#6088,#6089));
#1422=EDGE_LOOP('',(#6090,#6091,#6092,#6093,#6094,#6095,#6096,#6097));
#1423=EDGE_LOOP('',(#6098,#6099,#6100,#6101));
#1424=EDGE_LOOP('',(#6102,#6103,#6104,#6105));
#1425=EDGE_LOOP('',(#6106,#6107,#6108,#6109));
#1426=EDGE_LOOP('',(#6110,#6111,#6112,#6113));
#1427=EDGE_LOOP('',(#6114,#6115,#6116,#6117));
#1428=EDGE_LOOP('',(#6118,#6119,#6120,#6121));
#1429=EDGE_LOOP('',(#6122,#6123,#6124,#6125));
#1430=EDGE_LOOP('',(#6126,#6127,#6128,#6129));
#1431=EDGE_LOOP('',(#6130,#6131,#6132,#6133));
#1432=EDGE_LOOP('',(#6134,#6135,#6136,#6137));
#1433=EDGE_LOOP('',(#6138));
#1434=EDGE_LOOP('',(#6139));
#1435=EDGE_LOOP('',(#6140,#6141,#6142,#6143));
#1436=EDGE_LOOP('',(#6144,#6145,#6146,#6147));
#1437=EDGE_LOOP('',(#6148,#6149,#6150,#6151));
#1438=EDGE_LOOP('',(#6152,#6153,#6154,#6155));
#1439=EDGE_LOOP('',(#6156,#6157,#6158,#6159));
#1440=EDGE_LOOP('',(#6160,#6161,#6162,#6163));
#1441=EDGE_LOOP('',(#6164,#6165,#6166,#6167));
#1442=EDGE_LOOP('',(#6168,#6169,#6170,#6171));
#1443=EDGE_LOOP('',(#6172,#6173,#6174,#6175));
#1444=EDGE_LOOP('',(#6176,#6177,#6178,#6179));
#1445=EDGE_LOOP('',(#6180));
#1446=EDGE_LOOP('',(#6181,#6182,#6183,#6184));
#1447=EDGE_LOOP('',(#6185,#6186,#6187,#6188));
#1448=EDGE_LOOP('',(#6189,#6190,#6191,#6192,#6193,#6194,#6195,#6196));
#1449=EDGE_LOOP('',(#6197,#6198,#6199,#6200,#6201,#6202));
#1450=EDGE_LOOP('',(#6203,#6204,#6205,#6206,#6207,#6208,#6209,#6210));
#1451=EDGE_LOOP('',(#6211,#6212,#6213,#6214,#6215));
#1452=EDGE_LOOP('',(#6216,#6217,#6218,#6219,#6220,#6221,#6222,#6223,#6224,
#6225,#6226,#6227,#6228,#6229,#6230,#6231,#6232,#6233,#6234,#6235,#6236,
#6237,#6238,#6239,#6240,#6241,#6242,#6243,#6244,#6245));
#1453=EDGE_LOOP('',(#6246,#6247,#6248,#6249,#6250,#6251));
#1454=EDGE_LOOP('',(#6252,#6253,#6254,#6255,#6256,#6257,#6258,#6259,#6260,
#6261,#6262,#6263,#6264,#6265,#6266,#6267,#6268,#6269,#6270,#6271,#6272,
#6273,#6274,#6275,#6276,#6277,#6278,#6279,#6280,#6281));
#1455=EDGE_LOOP('',(#6282,#6283,#6284,#6285,#6286));
#1456=EDGE_LOOP('',(#6287,#6288,#6289,#6290,#6291,#6292));
#1457=EDGE_LOOP('',(#6293,#6294,#6295,#6296,#6297,#6298));
#1458=EDGE_LOOP('',(#6299,#6300,#6301,#6302));
#1459=EDGE_LOOP('',(#6303,#6304,#6305,#6306));
#1460=EDGE_LOOP('',(#6307,#6308,#6309,#6310));
#1461=EDGE_LOOP('',(#6311,#6312,#6313,#6314));
#1462=EDGE_LOOP('',(#6315,#6316,#6317,#6318,#6319,#6320,#6321));
#1463=EDGE_LOOP('',(#6322,#6323,#6324,#6325,#6326,#6327,#6328));
#1464=EDGE_LOOP('',(#6329,#6330,#6331,#6332));
#1465=EDGE_LOOP('',(#6333,#6334,#6335,#6336));
#1466=EDGE_LOOP('',(#6337,#6338,#6339,#6340));
#1467=EDGE_LOOP('',(#6341,#6342,#6343,#6344));
#1468=EDGE_LOOP('',(#6345,#6346,#6347,#6348,#6349,#6350,#6351,#6352));
#1469=EDGE_LOOP('',(#6353,#6354,#6355,#6356,#6357,#6358,#6359,#6360));
#1470=EDGE_LOOP('',(#6361,#6362,#6363,#6364));
#1471=EDGE_LOOP('',(#6365,#6366,#6367,#6368));
#1472=EDGE_LOOP('',(#6369,#6370,#6371,#6372));
#1473=EDGE_LOOP('',(#6373,#6374,#6375,#6376));
#1474=EDGE_LOOP('',(#6377,#6378,#6379,#6380));
#1475=EDGE_LOOP('',(#6381,#6382,#6383,#6384));
#1476=EDGE_LOOP('',(#6385,#6386,#6387,#6388));
#1477=EDGE_LOOP('',(#6389,#6390,#6391,#6392));
#1478=EDGE_LOOP('',(#6393,#6394,#6395,#6396));
#1479=EDGE_LOOP('',(#6397,#6398,#6399,#6400));
#1480=EDGE_LOOP('',(#6401,#6402,#6403,#6404));
#1481=EDGE_LOOP('',(#6405,#6406,#6407,#6408));
#1482=EDGE_LOOP('',(#6409,#6410,#6411,#6412,#6413,#6414,#6415,#6416,#6417,
#6418));
#1483=EDGE_LOOP('',(#6419,#6420,#6421,#6422,#6423,#6424,#6425,#6426,#6427,
#6428));
#1484=EDGE_LOOP('',(#6429,#6430,#6431,#6432,#6433,#6434,#6435,#6436));
#1485=EDGE_LOOP('',(#6437,#6438,#6439,#6440,#6441,#6442,#6443,#6444));
#1486=EDGE_LOOP('',(#6445,#6446,#6447,#6448,#6449));
#1487=EDGE_LOOP('',(#6450,#6451,#6452,#6453,#6454,#6455));
#1488=EDGE_LOOP('',(#6456,#6457,#6458,#6459,#6460,#6461,#6462,#6463,#6464,
#6465,#6466,#6467,#6468,#6469,#6470,#6471,#6472,#6473,#6474,#6475,#6476,
#6477,#6478,#6479,#6480,#6481,#6482,#6483,#6484,#6485));
#1489=EDGE_LOOP('',(#6486,#6487,#6488));
#1490=EDGE_LOOP('',(#6489,#6490,#6491,#6492));
#1491=EDGE_LOOP('',(#6493,#6494,#6495,#6496));
#1492=EDGE_LOOP('',(#6497,#6498,#6499,#6500,#6501,#6502,#6503));
#1493=EDGE_LOOP('',(#6504,#6505,#6506,#6507));
#1494=EDGE_LOOP('',(#6508,#6509,#6510,#6511));
#1495=EDGE_LOOP('',(#6512,#6513,#6514,#6515));
#1496=EDGE_LOOP('',(#6516,#6517,#6518,#6519));
#1497=EDGE_LOOP('',(#6520,#6521,#6522,#6523,#6524));
#1498=EDGE_LOOP('',(#6525,#6526,#6527,#6528));
#1499=EDGE_LOOP('',(#6529,#6530,#6531,#6532));
#1500=EDGE_LOOP('',(#6533,#6534,#6535,#6536));
#1501=EDGE_LOOP('',(#6537,#6538,#6539,#6540,#6541));
#1502=EDGE_LOOP('',(#6542,#6543,#6544,#6545));
#1503=EDGE_LOOP('',(#6546,#6547,#6548,#6549));
#1504=EDGE_LOOP('',(#6550,#6551,#6552,#6553));
#1505=EDGE_LOOP('',(#6554,#6555,#6556,#6557));
#1506=EDGE_LOOP('',(#6558,#6559,#6560,#6561));
#1507=EDGE_LOOP('',(#6562,#6563,#6564,#6565));
#1508=EDGE_LOOP('',(#6566,#6567,#6568,#6569));
#1509=EDGE_LOOP('',(#6570,#6571,#6572,#6573,#6574,#6575,#6576));
#1510=EDGE_LOOP('',(#6577,#6578,#6579,#6580));
#1511=EDGE_LOOP('',(#6581,#6582,#6583,#6584));
#1512=EDGE_LOOP('',(#6585,#6586,#6587,#6588));
#1513=EDGE_LOOP('',(#6589,#6590,#6591,#6592,#6593));
#1514=EDGE_LOOP('',(#6594,#6595,#6596,#6597));
#1515=EDGE_LOOP('',(#6598,#6599,#6600,#6601));
#1516=EDGE_LOOP('',(#6602,#6603,#6604,#6605));
#1517=EDGE_LOOP('',(#6606,#6607,#6608,#6609,#6610));
#1518=EDGE_LOOP('',(#6611,#6612,#6613,#6614));
#1519=EDGE_LOOP('',(#6615,#6616,#6617,#6618));
#1520=EDGE_LOOP('',(#6619,#6620,#6621,#6622));
#1521=EDGE_LOOP('',(#6623,#6624,#6625,#6626));
#1522=EDGE_LOOP('',(#6627,#6628,#6629,#6630));
#1523=EDGE_LOOP('',(#6631,#6632,#6633,#6634));
#1524=EDGE_LOOP('',(#6635,#6636,#6637,#6638));
#1525=EDGE_LOOP('',(#6639,#6640,#6641));
#1526=EDGE_LOOP('',(#6642,#6643,#6644,#6645,#6646));
#1527=EDGE_LOOP('',(#6647,#6648,#6649,#6650,#6651,#6652));
#1528=EDGE_LOOP('',(#6653,#6654,#6655,#6656));
#1529=EDGE_LOOP('',(#6657,#6658,#6659,#6660));
#1530=EDGE_LOOP('',(#6661,#6662,#6663,#6664));
#1531=EDGE_LOOP('',(#6665,#6666,#6667,#6668,#6669,#6670,#6671,#6672,#6673,
#6674));
#1532=EDGE_LOOP('',(#6675,#6676,#6677,#6678,#6679,#6680,#6681,#6682,#6683,
#6684));
#1533=EDGE_LOOP('',(#6685,#6686,#6687,#6688,#6689,#6690,#6691,#6692,#6693));
#1534=EDGE_LOOP('',(#6694,#6695,#6696,#6697,#6698,#6699,#6700,#6701,#6702));
#1535=EDGE_LOOP('',(#6703,#6704,#6705,#6706));
#1536=EDGE_LOOP('',(#6707,#6708,#6709,#6710));
#1537=EDGE_LOOP('',(#6711,#6712));
#1538=EDGE_LOOP('',(#6713));
#1539=EDGE_LOOP('',(#6714,#6715,#6716,#6717));
#1540=EDGE_LOOP('',(#6718,#6719));
#1541=EDGE_LOOP('',(#6720));
#1542=EDGE_LOOP('',(#6721,#6722,#6723,#6724));
#1543=EDGE_LOOP('',(#6725,#6726,#6727,#6728,#6729,#6730,#6731));
#1544=EDGE_LOOP('',(#6732,#6733,#6734,#6735));
#1545=EDGE_LOOP('',(#6736,#6737,#6738,#6739,#6740,#6741,#6742,#6743,#6744,
#6745,#6746,#6747));
#1546=EDGE_LOOP('',(#6748,#6749,#6750,#6751,#6752,#6753,#6754));
#1547=EDGE_LOOP('',(#6755,#6756,#6757,#6758));
#1548=EDGE_LOOP('',(#6759,#6760));
#1549=EDGE_LOOP('',(#6761));
#1550=EDGE_LOOP('',(#6762,#6763,#6764,#6765));
#1551=EDGE_LOOP('',(#6766,#6767,#6768,#6769));
#1552=EDGE_LOOP('',(#6770,#6771,#6772,#6773));
#1553=EDGE_LOOP('',(#6774,#6775));
#1554=EDGE_LOOP('',(#6776));
#1555=EDGE_LOOP('',(#6777,#6778,#6779,#6780,#6781,#6782,#6783,#6784,#6785,
#6786,#6787,#6788,#6789,#6790,#6791,#6792,#6793,#6794,#6795,#6796,#6797,
#6798,#6799,#6800,#6801,#6802,#6803,#6804,#6805,#6806));
#1556=EDGE_LOOP('',(#6807,#6808,#6809,#6810,#6811));
#1557=EDGE_LOOP('',(#6812,#6813,#6814,#6815));
#1558=EDGE_LOOP('',(#6816));
#1559=EDGE_LOOP('',(#6817,#6818,#6819,#6820,#6821));
#1560=EDGE_LOOP('',(#6822,#6823,#6824,#6825));
#1561=EDGE_LOOP('',(#6826,#6827,#6828,#6829));
#1562=EDGE_LOOP('',(#6830,#6831,#6832,#6833));
#1563=EDGE_LOOP('',(#6834,#6835,#6836,#6837));
#1564=EDGE_LOOP('',(#6838,#6839,#6840,#6841));
#1565=EDGE_LOOP('',(#6842,#6843,#6844,#6845));
#1566=EDGE_LOOP('',(#6846,#6847,#6848,#6849));
#1567=EDGE_LOOP('',(#6850,#6851,#6852,#6853));
#1568=EDGE_LOOP('',(#6854,#6855,#6856,#6857));
#1569=EDGE_LOOP('',(#6858,#6859,#6860,#6861));
#1570=EDGE_LOOP('',(#6862,#6863,#6864,#6865));
#1571=EDGE_LOOP('',(#6866,#6867,#6868,#6869));
#1572=EDGE_LOOP('',(#6870,#6871,#6872,#6873));
#1573=EDGE_LOOP('',(#6874,#6875,#6876,#6877));
#1574=EDGE_LOOP('',(#6878,#6879,#6880,#6881));
#1575=EDGE_LOOP('',(#6882,#6883,#6884,#6885));
#1576=EDGE_LOOP('',(#6886,#6887,#6888,#6889));
#1577=EDGE_LOOP('',(#6890,#6891,#6892,#6893));
#1578=EDGE_LOOP('',(#6894,#6895,#6896,#6897));
#1579=EDGE_LOOP('',(#6898,#6899,#6900,#6901));
#1580=EDGE_LOOP('',(#6902,#6903,#6904,#6905));
#1581=EDGE_LOOP('',(#6906,#6907,#6908,#6909));
#1582=EDGE_LOOP('',(#6910,#6911,#6912,#6913));
#1583=EDGE_LOOP('',(#6914,#6915,#6916,#6917));
#1584=EDGE_LOOP('',(#6918,#6919,#6920,#6921));
#1585=EDGE_LOOP('',(#6922,#6923,#6924,#6925));
#1586=EDGE_LOOP('',(#6926,#6927,#6928,#6929));
#1587=EDGE_LOOP('',(#6930,#6931,#6932,#6933));
#1588=EDGE_LOOP('',(#6934,#6935,#6936,#6937));
#1589=EDGE_LOOP('',(#6938,#6939,#6940,#6941));
#1590=EDGE_LOOP('',(#6942,#6943,#6944,#6945));
#1591=EDGE_LOOP('',(#6946,#6947,#6948,#6949));
#1592=EDGE_LOOP('',(#6950,#6951,#6952,#6953));
#1593=EDGE_LOOP('',(#6954,#6955,#6956,#6957));
#1594=EDGE_LOOP('',(#6958,#6959,#6960,#6961));
#1595=EDGE_LOOP('',(#6962,#6963,#6964,#6965));
#1596=EDGE_LOOP('',(#6966,#6967,#6968,#6969));
#1597=EDGE_LOOP('',(#6970,#6971,#6972,#6973));
#1598=EDGE_LOOP('',(#6974,#6975,#6976,#6977));
#1599=EDGE_LOOP('',(#6978,#6979,#6980,#6981));
#1600=EDGE_LOOP('',(#6982,#6983,#6984,#6985));
#1601=EDGE_LOOP('',(#6986,#6987,#6988,#6989));
#1602=EDGE_LOOP('',(#6990,#6991,#6992,#6993));
#1603=EDGE_LOOP('',(#6994,#6995,#6996,#6997));
#1604=EDGE_LOOP('',(#6998,#6999,#7000,#7001));
#1605=EDGE_LOOP('',(#7002,#7003,#7004,#7005));
#1606=EDGE_LOOP('',(#7006,#7007,#7008,#7009));
#1607=EDGE_LOOP('',(#7010,#7011,#7012,#7013));
#1608=EDGE_LOOP('',(#7014,#7015,#7016,#7017,#7018,#7019,#7020,#7021,#7022,
#7023,#7024,#7025,#7026,#7027,#7028,#7029));
#1609=EDGE_LOOP('',(#7030,#7031,#7032,#7033,#7034,#7035,#7036,#7037,#7038,
#7039,#7040,#7041,#7042,#7043,#7044,#7045));
#1610=EDGE_LOOP('',(#7046,#7047,#7048,#7049));
#1611=EDGE_LOOP('',(#7050,#7051,#7052,#7053));
#1612=EDGE_LOOP('',(#7054,#7055,#7056,#7057));
#1613=EDGE_LOOP('',(#7058,#7059,#7060,#7061));
#1614=EDGE_LOOP('',(#7062,#7063,#7064,#7065));
#1615=EDGE_LOOP('',(#7066,#7067,#7068,#7069));
#1616=EDGE_LOOP('',(#7070,#7071,#7072,#7073));
#1617=EDGE_LOOP('',(#7074,#7075,#7076,#7077));
#1618=EDGE_LOOP('',(#7078,#7079,#7080,#7081));
#1619=EDGE_LOOP('',(#7082,#7083,#7084,#7085));
#1620=EDGE_LOOP('',(#7086,#7087,#7088,#7089));
#1621=EDGE_LOOP('',(#7090,#7091,#7092,#7093));
#1622=EDGE_LOOP('',(#7094,#7095,#7096,#7097));
#1623=EDGE_LOOP('',(#7098,#7099,#7100,#7101));
#1624=EDGE_LOOP('',(#7102,#7103,#7104,#7105));
#1625=EDGE_LOOP('',(#7106,#7107,#7108,#7109));
#1626=EDGE_LOOP('',(#7110,#7111,#7112,#7113,#7114,#7115,#7116,#7117,#7118,
#7119,#7120,#7121,#7122,#7123,#7124,#7125));
#1627=EDGE_LOOP('',(#7126,#7127,#7128,#7129,#7130,#7131,#7132,#7133,#7134,
#7135,#7136,#7137,#7138,#7139,#7140,#7141));
#1628=EDGE_LOOP('',(#7142,#7143));
#1629=EDGE_LOOP('',(#7144,#7145,#7146,#7147));
#1630=EDGE_LOOP('',(#7148,#7149,#7150,#7151));
#1631=EDGE_LOOP('',(#7152,#7153,#7154,#7155,#7156));
#1632=EDGE_LOOP('',(#7157,#7158,#7159,#7160));
#1633=EDGE_LOOP('',(#7161,#7162,#7163,#7164,#7165,#7166,#7167));
#1634=EDGE_LOOP('',(#7168,#7169,#7170,#7171,#7172,#7173,#7174));
#1635=EDGE_LOOP('',(#7175));
#1636=EDGE_LOOP('',(#7176,#7177,#7178,#7179,#7180,#7181));
#1637=EDGE_LOOP('',(#7182));
#1638=EDGE_LOOP('',(#7183,#7184,#7185,#7186,#7187,#7188,#7189));
#1639=EDGE_LOOP('',(#7190,#7191,#7192,#7193,#7194,#7195,#7196));
#1640=EDGE_LOOP('',(#7197,#7198,#7199,#7200,#7201,#7202,#7203,#7204));
#1641=EDGE_LOOP('',(#7205,#7206,#7207,#7208,#7209,#7210,#7211));
#1642=EDGE_LOOP('',(#7212,#7213,#7214,#7215,#7216));
#1643=EDGE_LOOP('',(#7217,#7218,#7219,#7220,#7221));
#1644=EDGE_LOOP('',(#7222,#7223,#7224,#7225));
#1645=EDGE_LOOP('',(#7226,#7227,#7228,#7229));
#1646=EDGE_LOOP('',(#7230,#7231,#7232,#7233));
#1647=EDGE_LOOP('',(#7234,#7235,#7236,#7237));
#1648=EDGE_LOOP('',(#7238,#7239,#7240,#7241));
#1649=EDGE_LOOP('',(#7242,#7243,#7244,#7245));
#1650=EDGE_LOOP('',(#7246,#7247,#7248,#7249));
#1651=EDGE_LOOP('',(#7250,#7251,#7252,#7253));
#1652=EDGE_LOOP('',(#7254,#7255,#7256,#7257));
#1653=EDGE_LOOP('',(#7258,#7259,#7260,#7261));
#1654=EDGE_LOOP('',(#7262,#7263,#7264,#7265));
#1655=EDGE_LOOP('',(#7266,#7267,#7268,#7269));
#1656=EDGE_LOOP('',(#7270,#7271,#7272,#7273));
#1657=EDGE_LOOP('',(#7274,#7275,#7276,#7277));
#1658=EDGE_LOOP('',(#7278,#7279,#7280,#7281));
#1659=EDGE_LOOP('',(#7282,#7283,#7284,#7285));
#1660=EDGE_LOOP('',(#7286,#7287,#7288,#7289,#7290,#7291));
#1661=EDGE_LOOP('',(#7292,#7293,#7294,#7295,#7296,#7297));
#1662=EDGE_LOOP('',(#7298,#7299,#7300,#7301));
#1663=EDGE_LOOP('',(#7302,#7303,#7304,#7305,#7306,#7307));
#1664=EDGE_LOOP('',(#7308,#7309,#7310,#7311,#7312));
#1665=EDGE_LOOP('',(#7313,#7314,#7315));
#1666=EDGE_LOOP('',(#7316,#7317,#7318));
#1667=EDGE_LOOP('',(#7319,#7320,#7321,#7322));
#1668=EDGE_LOOP('',(#7323,#7324,#7325,#7326));
#1669=EDGE_LOOP('',(#7327,#7328,#7329));
#1670=EDGE_LOOP('',(#7330,#7331,#7332,#7333,#7334,#7335));
#1671=EDGE_LOOP('',(#7336,#7337,#7338,#7339));
#1672=EDGE_LOOP('',(#7340,#7341,#7342,#7343));
#1673=EDGE_LOOP('',(#7344,#7345,#7346,#7347));
#1674=EDGE_LOOP('',(#7348,#7349,#7350,#7351));
#1675=EDGE_LOOP('',(#7352,#7353,#7354,#7355));
#1676=EDGE_LOOP('',(#7356,#7357,#7358,#7359));
#1677=EDGE_LOOP('',(#7360,#7361,#7362,#7363));
#1678=EDGE_LOOP('',(#7364,#7365,#7366,#7367));
#1679=EDGE_LOOP('',(#7368,#7369,#7370,#7371));
#1680=EDGE_LOOP('',(#7372,#7373,#7374,#7375));
#1681=EDGE_LOOP('',(#7376,#7377,#7378,#7379));
#1682=EDGE_LOOP('',(#7380,#7381,#7382,#7383));
#1683=EDGE_LOOP('',(#7384,#7385,#7386,#7387));
#1684=EDGE_LOOP('',(#7388,#7389,#7390,#7391));
#1685=EDGE_LOOP('',(#7392,#7393,#7394,#7395));
#1686=EDGE_LOOP('',(#7396,#7397,#7398,#7399));
#1687=EDGE_LOOP('',(#7400,#7401,#7402,#7403,#7404,#7405,#7406,#7407,#7408,
#7409,#7410,#7411,#7412,#7413,#7414,#7415));
#1688=EDGE_LOOP('',(#7416,#7417,#7418,#7419,#7420,#7421,#7422,#7423,#7424,
#7425,#7426,#7427,#7428,#7429,#7430,#7431));
#1689=EDGE_LOOP('',(#7432,#7433,#7434,#7435));
#1690=EDGE_LOOP('',(#7436,#7437,#7438,#7439));
#1691=EDGE_LOOP('',(#7440,#7441,#7442,#7443));
#1692=EDGE_LOOP('',(#7444,#7445,#7446,#7447));
#1693=EDGE_LOOP('',(#7448,#7449,#7450,#7451));
#1694=EDGE_LOOP('',(#7452,#7453,#7454,#7455));
#1695=EDGE_LOOP('',(#7456,#7457,#7458,#7459));
#1696=EDGE_LOOP('',(#7460,#7461,#7462,#7463));
#1697=EDGE_LOOP('',(#7464,#7465,#7466,#7467));
#1698=EDGE_LOOP('',(#7468,#7469,#7470,#7471));
#1699=EDGE_LOOP('',(#7472,#7473,#7474,#7475));
#1700=EDGE_LOOP('',(#7476,#7477,#7478,#7479));
#1701=EDGE_LOOP('',(#7480,#7481,#7482,#7483));
#1702=EDGE_LOOP('',(#7484,#7485,#7486,#7487));
#1703=EDGE_LOOP('',(#7488,#7489,#7490,#7491));
#1704=EDGE_LOOP('',(#7492,#7493,#7494,#7495));
#1705=EDGE_LOOP('',(#7496,#7497,#7498,#7499,#7500,#7501,#7502,#7503,#7504,
#7505,#7506,#7507,#7508,#7509,#7510,#7511));
#1706=EDGE_LOOP('',(#7512,#7513,#7514,#7515));
#1707=EDGE_LOOP('',(#7516,#7517,#7518,#7519));
#1708=EDGE_LOOP('',(#7520,#7521,#7522,#7523,#7524));
#1709=EDGE_LOOP('',(#7525,#7526,#7527,#7528,#7529));
#1710=EDGE_LOOP('',(#7530));
#1711=EDGE_LOOP('',(#7531,#7532,#7533,#7534));
#1712=EDGE_LOOP('',(#7535,#7536,#7537,#7538));
#1713=EDGE_LOOP('',(#7539,#7540,#7541,#7542));
#1714=EDGE_LOOP('',(#7543,#7544,#7545,#7546));
#1715=EDGE_LOOP('',(#7547,#7548,#7549,#7550));
#1716=EDGE_LOOP('',(#7551,#7552,#7553,#7554,#7555));
#1717=EDGE_LOOP('',(#7556,#7557,#7558,#7559));
#1718=EDGE_LOOP('',(#7560,#7561,#7562,#7563));
#1719=EDGE_LOOP('',(#7564,#7565,#7566,#7567,#7568));
#1720=EDGE_LOOP('',(#7569));
#1721=EDGE_LOOP('',(#7570,#7571,#7572,#7573,#7574,#7575,#7576,#7577,#7578,
#7579,#7580,#7581,#7582,#7583,#7584,#7585));
#1722=EDGE_LOOP('',(#7586,#7587,#7588,#7589,#7590));
#1723=EDGE_LOOP('',(#7591,#7592,#7593,#7594,#7595));
#1724=EDGE_LOOP('',(#7596,#7597,#7598,#7599,#7600));
#1725=EDGE_LOOP('',(#7601,#7602,#7603,#7604));
#1726=EDGE_LOOP('',(#7605,#7606,#7607,#7608,#7609));
#1727=EDGE_LOOP('',(#7610,#7611,#7612,#7613,#7614));
#1728=EDGE_LOOP('',(#7615,#7616,#7617,#7618));
#1729=EDGE_LOOP('',(#7619,#7620,#7621,#7622));
#1730=EDGE_LOOP('',(#7623,#7624,#7625,#7626,#7627));
#1731=EDGE_LOOP('',(#7628,#7629,#7630,#7631,#7632));
#1732=EDGE_LOOP('',(#7633,#7634,#7635,#7636,#7637));
#1733=EDGE_LOOP('',(#7638,#7639,#7640,#7641));
#1734=EDGE_LOOP('',(#7642,#7643,#7644,#7645,#7646));
#1735=EDGE_LOOP('',(#7647,#7648,#7649,#7650,#7651,#7652,#7653,#7654,#7655,
#7656,#7657,#7658,#7659,#7660,#7661,#7662,#7663,#7664,#7665));
#1736=EDGE_LOOP('',(#7666));
#1737=EDGE_LOOP('',(#7667));
#1738=EDGE_LOOP('',(#7668,#7669,#7670,#7671));
#1739=EDGE_LOOP('',(#7672,#7673,#7674,#7675));
#1740=EDGE_LOOP('',(#7676,#7677,#7678,#7679,#7680));
#1741=EDGE_LOOP('',(#7681,#7682,#7683,#7684,#7685));
#1742=EDGE_LOOP('',(#7686));
#1743=EDGE_LOOP('',(#7687,#7688,#7689,#7690));
#1744=EDGE_LOOP('',(#7691,#7692,#7693,#7694));
#1745=EDGE_LOOP('',(#7695,#7696,#7697,#7698));
#1746=EDGE_LOOP('',(#7699,#7700,#7701,#7702));
#1747=EDGE_LOOP('',(#7703,#7704,#7705,#7706));
#1748=EDGE_LOOP('',(#7707,#7708,#7709,#7710,#7711));
#1749=EDGE_LOOP('',(#7712,#7713,#7714,#7715));
#1750=EDGE_LOOP('',(#7716,#7717,#7718,#7719));
#1751=EDGE_LOOP('',(#7720,#7721,#7722,#7723,#7724));
#1752=EDGE_LOOP('',(#7725));
#1753=EDGE_LOOP('',(#7726,#7727,#7728,#7729,#7730,#7731,#7732,#7733,#7734,
#7735,#7736,#7737,#7738,#7739,#7740,#7741));
#1754=EDGE_LOOP('',(#7742,#7743,#7744,#7745,#7746));
#1755=EDGE_LOOP('',(#7747,#7748,#7749,#7750,#7751));
#1756=EDGE_LOOP('',(#7752,#7753,#7754,#7755,#7756));
#1757=EDGE_LOOP('',(#7757,#7758,#7759,#7760));
#1758=EDGE_LOOP('',(#7761,#7762,#7763,#7764,#7765));
#1759=EDGE_LOOP('',(#7766,#7767,#7768,#7769,#7770));
#1760=EDGE_LOOP('',(#7771,#7772,#7773,#7774));
#1761=EDGE_LOOP('',(#7775,#7776,#7777,#7778));
#1762=EDGE_LOOP('',(#7779,#7780,#7781,#7782,#7783));
#1763=EDGE_LOOP('',(#7784,#7785,#7786,#7787,#7788));
#1764=EDGE_LOOP('',(#7789,#7790,#7791,#7792,#7793));
#1765=EDGE_LOOP('',(#7794,#7795,#7796,#7797));
#1766=EDGE_LOOP('',(#7798,#7799,#7800,#7801,#7802));
#1767=EDGE_LOOP('',(#7803,#7804,#7805,#7806,#7807,#7808,#7809,#7810,#7811,
#7812,#7813,#7814,#7815,#7816,#7817,#7818,#7819,#7820,#7821));
#1768=EDGE_LOOP('',(#7822));
#1769=EDGE_LOOP('',(#7823));
#1770=EDGE_LOOP('',(#7824,#7825,#7826,#7827));
#1771=EDGE_LOOP('',(#7828,#7829,#7830,#7831));
#1772=B_SPLINE_CURVE_WITH_KNOTS('',3,(#12278,#12279,#12280,#12281,#12282,
#12283,#12284,#12285,#12286,#12287,#12288,#12289,#12290,#12291),
 .UNSPECIFIED.,.F.,.F.,(4,2,2,2,2,2,4),(-0.176347055628486,-0.175983992069269,
-0.155973893472274,-0.130278475318911,-0.109903147297974,-0.0934040099084975,
-0.0893164772402919),.UNSPECIFIED.);
#1773=B_SPLINE_CURVE_WITH_KNOTS('',3,(#12294,#12295,#12296,#12297,#12298,
#12299,#12300,#12301,#12302,#12303,#12304,#12305,#12306,#12307),
 .UNSPECIFIED.,.F.,.F.,(4,2,2,2,2,2,4),(-0.000392408167892303,0.,0.0216274146233403,
0.049399664701397,0.0714218284133008,0.0892545084233041,0.0936724158800307),
 .UNSPECIFIED.);
#1774=B_SPLINE_CURVE_WITH_KNOTS('',3,(#12417,#12418,#12419,#12420,#12421,
#12422,#12423,#12424,#12425,#12426,#12427,#12428),.UNSPECIFIED.,.F.,.F.,
(4,2,2,2,2,4),(-0.368582152209435,-0.368165936647617,-0.30406234244625,
-0.259074121662643,-0.224834695846589,-0.198058325355515),.UNSPECIFIED.);
#1775=B_SPLINE_CURVE_WITH_KNOTS('',3,(#12435,#12436,#12437,#12438),
 .UNSPECIFIED.,.F.,.F.,(4,4),(0.437329835009329,0.492355534638692),
 .UNSPECIFIED.);
#1776=B_SPLINE_CURVE_WITH_KNOTS('',3,(#12440,#12441,#12442,#12443),
 .UNSPECIFIED.,.F.,.F.,(4,4),(0.492355534638692,0.547381234268057),
 .UNSPECIFIED.);
#1777=B_SPLINE_CURVE_WITH_KNOTS('',3,(#12447,#12448,#12449,#12450),
 .UNSPECIFIED.,.F.,.F.,(4,4),(0.437329835009332,0.492355534638692),
 .UNSPECIFIED.);
#1778=B_SPLINE_CURVE_WITH_KNOTS('',3,(#12452,#12453,#12454,#12455),
 .UNSPECIFIED.,.F.,.F.,(4,4),(0.492355534638692,0.547381234268051),
 .UNSPECIFIED.);
#1779=B_SPLINE_CURVE_WITH_KNOTS('',3,(#12469,#12470,#12471,#12472,#12473,
#12474,#12475),.UNSPECIFIED.,.F.,.F.,(4,3,4),(-0.0550256996293616,0.,0.0550256996293632),
 .UNSPECIFIED.);
#1780=B_SPLINE_CURVE_WITH_KNOTS('',3,(#12479,#12480,#12481,#12482,#12483,
#12484,#12485),.UNSPECIFIED.,.F.,.F.,(4,3,4),(-0.0550256996293649,0.,0.0550256996293648),
 .UNSPECIFIED.);
#1781=B_SPLINE_CURVE_WITH_KNOTS('',3,(#12489,#12490,#12491,#12492,#12493,
#12494,#12495,#12496,#12497,#12498,#12499,#12500,#12501,#12502,#12503,#12504,
#12505),.UNSPECIFIED.,.F.,.F.,(4,1,1,1,1,1,1,1,1,1,1,1,1,1,4),(-0.376388647811172,
-0.336061292688547,-0.322618840981005,-0.282291485858379,-0.268849034150837,
-0.262127808297066,-0.255406582443295,-0.241964130735753,-0.215079227320669,
-0.161309420490501,-0.107539613660334,-0.0940971619527917,-0.0806547102452498,
-0.053769806830166,1.77766291921085E-15),.UNSPECIFIED.);
#1782=B_SPLINE_CURVE_WITH_KNOTS('',3,(#12512,#12513,#12514,#12515,#12516,
#12517,#12518,#12519,#12520,#12521,#12522,#12523),.UNSPECIFIED.,.F.,.F.,
(4,2,2,2,2,4),(-0.206716821582879,-0.174177853104585,-0.132569689760673,
-0.0778994610880704,0.,0.000505790172689849),.UNSPECIFIED.);
#1783=B_SPLINE_CURVE_WITH_KNOTS('',3,(#12538,#12539,#12540,#12541,#12542,
#12543),.UNSPECIFIED.,.F.,.F.,(4,2,4),(0.718124823698445,0.76888646355125,
0.775836154137617),.UNSPECIFIED.);
#1784=B_SPLINE_CURVE_WITH_KNOTS('',3,(#12546,#12547,#12548,#12549,#12550,
#12551),.UNSPECIFIED.,.F.,.F.,(4,2,4),(0.886343009150914,0.893292699737279,
0.944054339590087),.UNSPECIFIED.);
#1785=B_SPLINE_CURVE_WITH_KNOTS('',3,(#12553,#12554,#12555,#12556,#12557,
#12558),.UNSPECIFIED.,.F.,.F.,(4,2,4),(0.718124823698445,0.768886463551251,
0.775836154137616),.UNSPECIFIED.);
#1786=B_SPLINE_CURVE_WITH_KNOTS('',3,(#12561,#12562,#12563,#12564,#12565,
#12566),.UNSPECIFIED.,.F.,.F.,(4,2,4),(0.886343009150913,0.893292699737278,
0.944054339590085),.UNSPECIFIED.);
#1787=B_SPLINE_CURVE_WITH_KNOTS('',3,(#12570,#12571,#12572,#12573,#12574,
#12575),.UNSPECIFIED.,.F.,.F.,(4,2,4),(0.718124823698445,0.76888646355125,
0.775836154137615),.UNSPECIFIED.);
#1788=B_SPLINE_CURVE_WITH_KNOTS('',3,(#12578,#12579,#12580,#12581,#12582,
#12583),.UNSPECIFIED.,.F.,.F.,(4,2,4),(0.886343009150911,0.893292699737279,
0.944054339590088),.UNSPECIFIED.);
#1789=B_SPLINE_CURVE_WITH_KNOTS('',3,(#12585,#12586,#12587,#12588,#12589,
#12590),.UNSPECIFIED.,.F.,.F.,(4,2,4),(0.718124823698441,0.76888646355125,
0.775836154137619),.UNSPECIFIED.);
#1790=B_SPLINE_CURVE_WITH_KNOTS('',3,(#12593,#12594,#12595,#12596,#12597,
#12598),.UNSPECIFIED.,.F.,.F.,(4,2,4),(0.886343009150914,0.893292699737279,
0.944054339590085),.UNSPECIFIED.);
#1791=B_SPLINE_CURVE_WITH_KNOTS('',3,(#12618,#12619,#12620,#12621,#12622,
#12623,#12624,#12625,#12626,#12627,#12628,#12629,#12630,#12631,#12632,#12633,
#12634,#12635),.UNSPECIFIED.,.F.,.F.,(4,2,2,2,2,2,2,2,4),(0.715300820067598,
0.853668013871236,0.933002410655834,0.986393380092586,1.03978434952934,
1.09317531896609,1.14656628840284,1.22590068518744,1.36426787899108),
 .UNSPECIFIED.);
#1792=B_SPLINE_CURVE_WITH_KNOTS('',3,(#12741,#12742,#12743,#12744,#12745,
#12746,#12747,#12748,#12749,#12750,#12751,#12752,#12753,#12754,#12755,#12756,
#12757),.UNSPECIFIED.,.F.,.F.,(4,1,1,1,1,1,1,1,1,1,1,1,1,1,4),(-1.77766291921085E-15,
0.053769806830166,0.0806547102452498,0.0940971619527917,0.107539613660334,
0.161309420490501,0.215079227320669,0.241964130735753,0.255406582443295,
0.262127808297066,0.268849034150837,0.282291485858379,0.322618840981005,
0.336061292688547,0.376388647811172),.UNSPECIFIED.);
#1793=B_SPLINE_CURVE_WITH_KNOTS('',3,(#12803,#12804,#12805,#12806,#12807,
#12808,#12809),.UNSPECIFIED.,.F.,.F.,(4,1,1,1,4),(-1.05006402427606,-0.999463773710344,
-0.899087707864005,-0.848899674940836,-0.798386587397292),.UNSPECIFIED.);
#1794=B_SPLINE_CURVE_WITH_KNOTS('',3,(#12815,#12816,#12817,#12818,#12819,
#12820,#12821,#12822,#12823,#12824,#12825,#12826,#12827,#12828),
 .UNSPECIFIED.,.F.,.F.,(4,2,2,2,2,2,4),(-0.176347057224243,-0.175983993659755,
-0.155973894891014,-0.130278476498758,-0.109903148288536,-0.0934040107457812,
-0.0893164780396051),.UNSPECIFIED.);
#1795=B_SPLINE_CURVE_WITH_KNOTS('',3,(#12830,#12831,#12832,#12833,#12834,
#12835,#12836,#12837,#12838,#12839,#12840,#12841,#12842,#12843),
 .UNSPECIFIED.,.F.,.F.,(4,2,2,2,2,2,4),(-0.000392408171753202,0.,0.0216274147079593,
0.0493996649145435,0.0714218287282524,0.0892545088206909,0.0936724162978359),
 .UNSPECIFIED.);
#1796=B_SPLINE_CURVE_WITH_KNOTS('',3,(#13670,#13671,#13672,#13673,#13674,
#13675),.UNSPECIFIED.,.F.,.F.,(4,2,4),(0.138472447837644,0.154843913182977,
0.164145125821442),.UNSPECIFIED.);
#1797=B_SPLINE_CURVE_WITH_KNOTS('',3,(#13678,#13679,#13680,#13681,#13682,
#13683),.UNSPECIFIED.,.F.,.F.,(4,2,4),(0.475176197885719,0.495902879629398,
0.50039083302685),.UNSPECIFIED.);
#1798=B_SPLINE_CURVE_WITH_KNOTS('',3,(#13688,#13689,#13690,#13691,#13692,
#13693),.UNSPECIFIED.,.F.,.F.,(4,2,4),(0.77676212303691,0.781250076434361,
0.801976758178041),.UNSPECIFIED.);
#1799=B_SPLINE_CURVE_WITH_KNOTS('',3,(#13697,#13698,#13699,#13700,#13701,
#13702),.UNSPECIFIED.,.F.,.F.,(4,2,4),(-0.164145125858468,-0.154843913182977,
-0.138472447837644),.UNSPECIFIED.);
#1800=B_SPLINE_CURVE_WITH_KNOTS('',3,(#13731,#13732,#13733,#13734,#13735,
#13736,#13737,#13738,#13739,#13740,#13741,#13742,#13743,#13744,#13745,#13746,
#13747,#13748),.UNSPECIFIED.,.F.,.F.,(4,2,2,2,2,2,2,2,4),(0.435649101950476,
0.438053728622141,0.472935180813335,0.505039714386052,0.537144247958768,
0.569248781531484,0.601353315104201,0.636234767295396,0.63863939396706),
 .UNSPECIFIED.);
#1801=B_SPLINE_CURVE_WITH_KNOTS('',3,(#13752,#13753,#13754,#13755),
 .UNSPECIFIED.,.F.,.F.,(4,4),(0.448439033437039,0.458620225700617),
 .UNSPECIFIED.);
#1802=B_SPLINE_CURVE_WITH_KNOTS('',3,(#13759,#13760,#13761,#13762,#13763,
#13764,#13765,#13766,#13767,#13768,#13769,#13770,#13771,#13772,#13773,#13774,
#13775,#13776,#13777,#13778,#13779,#13780,#13781,#13782),.UNSPECIFIED.,
 .F.,.F.,(4,2,2,2,2,2,2,2,2,2,2,4),(0.867618374552186,0.891151204110608,
0.921245198667179,0.95133919322375,0.980397971818024,1.0094567504123,1.03851552900657,
1.06757430760085,1.09766830215742,1.12776229671399,1.16156166057692,1.1883011958106),
 .UNSPECIFIED.);
#1803=B_SPLINE_CURVE_WITH_KNOTS('',3,(#13791,#13792,#13793,#13794,#13795,
#13796,#13797,#13798,#13799,#13800,#13801,#13802,#13803,#13804,#13805,#13806,
#13807,#13808,#13809,#13810,#13811,#13812,#13813,#13814),.UNSPECIFIED.,
 .F.,.F.,(4,2,2,2,2,2,2,2,2,2,2,4),(0.157641138072466,0.184380673306146,
0.218180037169076,0.248274031725647,0.278368026282218,0.307426804876492,
0.336485583470766,0.36554436206504,0.394603140659314,0.424697135215885,
0.454791129772456,0.478323959330877),.UNSPECIFIED.);
#1804=B_SPLINE_CURVE_WITH_KNOTS('',3,(#13818,#13819,#13820,#13821),
 .UNSPECIFIED.,.F.,.F.,(4,4),(0.763316585855445,0.773497778119023),
 .UNSPECIFIED.);
#1805=B_SPLINE_CURVE_WITH_KNOTS('',3,(#13825,#13826,#13827,#13828,#13829,
#13830,#13831,#13832,#13833,#13834,#13835,#13836,#13837,#13838,#13839,#13840,
#13841,#13842),.UNSPECIFIED.,.F.,.F.,(4,2,2,2,2,2,2,2,4),(0.0775529366446301,
0.0799575633162951,0.11483901550749,0.146943549080206,0.179048082652923,
0.211152616225639,0.243257149798355,0.27813860198955,0.280543228661215),
 .UNSPECIFIED.);
#1806=B_SPLINE_CURVE_WITH_KNOTS('',3,(#13870,#13871,#13872,#13873,#13874,
#13875,#13876,#13877),.UNSPECIFIED.,.F.,.F.,(4,2,2,4),(0.596932449842978,
0.615526619360165,0.640972109803178,0.665080624048238),.UNSPECIFIED.);
#1807=B_SPLINE_CURVE_WITH_KNOTS('',3,(#13881,#13882,#13883,#13884,#13885,
#13886,#13887,#13888),.UNSPECIFIED.,.F.,.F.,(4,2,2,4),(0.41838176401386,
0.428717548636811,0.466443170061927,0.483444180116278),.UNSPECIFIED.);
#1808=B_SPLINE_CURVE_WITH_KNOTS('',3,(#13892,#13893,#13894,#13895,#13896,
#13897),.UNSPECIFIED.,.F.,.F.,(4,2,4),(0.177120223601546,0.200761036244249,
0.2110968208672),.UNSPECIFIED.);
#1809=B_SPLINE_CURVE_WITH_KNOTS('',3,(#13900,#13901,#13902,#13903,#13904,
#13905),.UNSPECIFIED.,.F.,.F.,(4,2,4),(0.871514714583837,0.895623228828898,
0.905861769024263),.UNSPECIFIED.);
#1810=B_SPLINE_CURVE_WITH_KNOTS('',3,(#13911,#13912,#13913,#13914,#13915,
#13916),.UNSPECIFIED.,.F.,.F.,(4,2,4),(0.41838176401386,0.428717548636811,
0.452358361279514),.UNSPECIFIED.);
#1811=B_SPLINE_CURVE_WITH_KNOTS('',3,(#13920,#13921,#13922,#13923,#13924,
#13925,#13926,#13927),.UNSPECIFIED.,.F.,.F.,(4,2,2,4),(0.146034404764782,
0.163035414819133,0.200761036244249,0.211096820867199),.UNSPECIFIED.);
#1812=B_SPLINE_CURVE_WITH_KNOTS('',3,(#13930,#13931,#13932,#13933,#13934,
#13935,#13936,#13937),.UNSPECIFIED.,.F.,.F.,(4,2,2,4),(0.359316268373145,
0.383424782618206,0.408870273061219,0.427464442578405),.UNSPECIFIED.);
#1813=B_SPLINE_CURVE_WITH_KNOTS('',3,(#13938,#13939,#13940,#13941,#13942,
#13943),.UNSPECIFIED.,.F.,.F.,(4,2,4),(0.11853512339712,0.128773663592486,
0.152882177837546),.UNSPECIFIED.);
#1814=B_SPLINE_CURVE_WITH_KNOTS('',3,(#14018,#14019,#14020,#14021,#14022,
#14023,#14024,#14025,#14026,#14027),.UNSPECIFIED.,.F.,.F.,(4,2,2,2,4),(0.518367779163948,
0.537089376283235,0.558300612533731,0.579511848784228,0.610565656873224),
 .UNSPECIFIED.);
#1815=B_SPLINE_CURVE_WITH_KNOTS('',3,(#14033,#14034,#14035,#14036,#14037,
#14038,#14039,#14040,#14041,#14042),.UNSPECIFIED.,.F.,.F.,(4,2,2,2,4),(0.393166669673757,
0.417384487590559,0.45637279624715,0.49536110490374,0.513900281070171),
 .UNSPECIFIED.);
#1816=B_SPLINE_CURVE_WITH_KNOTS('',3,(#14046,#14047,#14048,#14049,#14050,
#14051,#14052,#14053),.UNSPECIFIED.,.F.,.F.,(4,2,2,4),(0.202965527544648,
0.226979280272464,0.265967588929054,0.290185406845858),.UNSPECIFIED.);
#1817=B_SPLINE_CURVE_WITH_KNOTS('',3,(#14058,#14059,#14060,#14061,#14062,
#14063,#14064,#14065,#14066,#14067),.UNSPECIFIED.,.F.,.F.,(4,2,2,2,4),(0.714407230507547,
0.745461038596543,0.76667227484704,0.787883511097536,0.806605108216823),
 .UNSPECIFIED.);
#1818=B_SPLINE_CURVE_WITH_KNOTS('',3,(#14073,#14074,#14075,#14076,#14077,
#14078,#14079,#14080),.UNSPECIFIED.,.F.,.F.,(4,2,2,4),(0.393166669673756,
0.41738448759056,0.45637279624715,0.480386548974966),.UNSPECIFIED.);
#1819=B_SPLINE_CURVE_WITH_KNOTS('',3,(#14084,#14085,#14086,#14087,#14088,
#14089,#14090,#14091,#14092,#14093),.UNSPECIFIED.,.F.,.F.,(4,2,2,2,4),(0.169451795449443,
0.187990971615874,0.226979280272464,0.265967588929055,0.290185406845857),
 .UNSPECIFIED.);
#1820=B_SPLINE_CURVE_WITH_KNOTS('',3,(#14098,#14099,#14100,#14101,#14102,
#14103,#14104,#14105,#14106,#14107),.UNSPECIFIED.,.F.,.F.,(4,2,2,2,4),(0.272749601380623,
0.303803409469619,0.325014645720116,0.346225881970612,0.364947479089899),
 .UNSPECIFIED.);
#1821=B_SPLINE_CURVE_WITH_KNOTS('',3,(#14109,#14110,#14111,#14112,#14113,
#14114,#14115,#14116,#14117,#14118),.UNSPECIFIED.,.F.,.F.,(4,2,2,2,4),(0.0767101500370241,
0.0954317471563112,0.116642983406807,0.137854219657304,0.168908027746301),
 .UNSPECIFIED.);
#1822=B_SPLINE_CURVE_WITH_KNOTS('',3,(#14126,#14127,#14128,#14129,#14130,
#14131),.UNSPECIFIED.,.F.,.F.,(4,2,4),(0.24904449541065,0.269543650968717,
0.374137084778542),.UNSPECIFIED.);
#1823=B_SPLINE_CURVE_WITH_KNOTS('',3,(#14135,#14136,#14137,#14138,#14139,
#14140),.UNSPECIFIED.,.F.,.F.,(4,2,4),(1.18442460379034,1.28901803760016,
1.30951719315823),.UNSPECIFIED.);
#1824=B_SPLINE_CURVE_WITH_KNOTS('',3,(#14150,#14151,#14152,#14153,#14154,
#14155),.UNSPECIFIED.,.F.,.F.,(4,2,4),(0.249044495410648,0.269543650968717,
0.374137084778542),.UNSPECIFIED.);
#1825=B_SPLINE_CURVE_WITH_KNOTS('',3,(#14159,#14160,#14161,#14162,#14163,
#14164),.UNSPECIFIED.,.F.,.F.,(4,2,4),(1.18299983947116,1.28759327328098,
1.30809242883905),.UNSPECIFIED.);
#1826=B_SPLINE_CURVE_WITH_KNOTS('',3,(#14308,#14309,#14310,#14311,#14312,
#14313),.UNSPECIFIED.,.F.,.F.,(4,2,4),(0.585000146184429,0.638167948974657,
0.691335751764885),.UNSPECIFIED.);
#1827=B_SPLINE_CURVE_WITH_KNOTS('',3,(#14316,#14317,#14318,#14319,#14320,
#14321),.UNSPECIFIED.,.F.,.F.,(4,2,4),(0.0837261338818242,0.136893936672052,
0.19006173946228),.UNSPECIFIED.);
#1828=B_SPLINE_CURVE_WITH_KNOTS('',3,(#14326,#14327,#14328,#14329,#14330,
#14331),.UNSPECIFIED.,.F.,.F.,(4,2,4),(0.585000146184427,0.638167948974655,
0.691335751764883),.UNSPECIFIED.);
#1829=B_SPLINE_CURVE_WITH_KNOTS('',3,(#14335,#14336,#14337,#14338,#14339,
#14340),.UNSPECIFIED.,.F.,.F.,(4,2,4),(0.0837261338818243,0.136893936672052,
0.19006173946228),.UNSPECIFIED.);
#1830=B_SPLINE_CURVE_WITH_KNOTS('',3,(#14504,#14505,#14506,#14507,#14508,
#14509,#14510,#14511),.UNSPECIFIED.,.F.,.F.,(4,2,2,4),(12.9726882708559,
13.4869024006478,14.1880702989808,14.8468154453535),.UNSPECIFIED.);
#1831=B_SPLINE_CURVE_WITH_KNOTS('',3,(#14515,#14516,#14517,#14518,#14519,
#14520,#14521,#14522,#14523,#14524),.UNSPECIFIED.,.F.,.F.,(4,2,2,2,4),(12.9650209354764,
13.0654435271616,13.7466134527339,14.4277833783061,14.8485115185614),
 .UNSPECIFIED.);
#1832=B_SPLINE_CURVE_WITH_KNOTS('',3,(#14681,#14682,#14683,#14684),
 .UNSPECIFIED.,.F.,.F.,(4,4),(1.14866033752948,2.97885561577387),
 .UNSPECIFIED.);
#1833=B_SPLINE_CURVE_WITH_KNOTS('',3,(#14688,#14689,#14690,#14691),
 .UNSPECIFIED.,.F.,.F.,(4,4),(1.14866033752966,2.97885561577442),
 .UNSPECIFIED.);
#1834=B_SPLINE_CURVE_WITH_KNOTS('',3,(#14739,#14740,#14741,#14742,#14743,
#14744,#14745,#14746,#14747,#14748,#14749,#14750,#14751,#14752,#14753,#14754,
#14755,#14756,#14757,#14758,#14759,#14760),.UNSPECIFIED.,.F.,.F.,(4,2,2,
2,2,2,2,2,2,2,4),(0.0207764069353829,0.0302475125882492,0.0347327056769212,
0.0381427597738435,0.0398477868223046,0.0415528138707657,0.0432578409192269,
0.044962867967688,0.0483729220646102,0.0528581151532823,0.0623292208061486),
 .UNSPECIFIED.);
#1835=B_SPLINE_CURVE_WITH_KNOTS('',3,(#14765,#14766,#14767,#14768,#14769,
#14770,#14771,#14772,#14773,#14774,#14775,#14776,#14777,#14778,#14779,#14780,
#14781),.UNSPECIFIED.,.F.,.F.,(4,1,1,1,1,1,1,1,1,1,1,1,1,1,4),(0.,0.480378076667094,
0.960756153334188,1.44113423000128,1.92151230666838,2.40189038333547,2.88226846000256,
3.36264653666966,3.84302461333675,4.32340269000384,4.80378076667094,5.28415884333803,
5.76453692000513,6.24491499667222,6.28318530717959),.UNSPECIFIED.);
#1836=B_SPLINE_CURVE_WITH_KNOTS('',3,(#14782,#14783,#14784,#14785,#14786,
#14787,#14788,#14789,#14790,#14791,#14792,#14793,#14794,#14795,#14796,#14797,
#14798,#14799,#14800,#14801,#14802,#14803,#14804,#14805,#14806,#14807,#14808,
#14809,#14810,#14811,#14812,#14813,#14814,#14815,#14816,#14817,#14818,#14819,
#14820,#14821,#14822,#14823,#14824),.UNSPECIFIED.,.F.,.F.,(4,3,3,3,3,3,
3,3,3,3,3,3,3,3,4),(-6.28318530717959,-6.24491499667222,-5.76453692000513,
-5.28415884333803,-4.80378076667094,-4.32340269000384,-3.84302461333675,
-3.36264653666966,-2.88226846000256,-2.40189038333547,-1.92151230666838,
-1.44113423000128,-0.960756153334188,-0.480378076667094,0.),
 .UNSPECIFIED.);
#1837=B_SPLINE_CURVE_WITH_KNOTS('',3,(#14829,#14830,#14831,#14832,#14833,
#14834,#14835,#14836,#14837,#14838,#14839,#14840,#14841,#14842,#14843,#14844,
#14845),.UNSPECIFIED.,.F.,.F.,(4,1,1,1,1,1,1,1,1,1,1,1,1,1,4),(6.28318530717959,
6.72529307333931,7.20567115000641,7.6860492266735,8.16642730334059,8.64680538000769,
9.12718345667478,9.60756153334188,10.087939610009,10.5683176866761,11.0486957633432,
11.5290738400103,12.0094519166773,12.4898299933444,12.5663706143592),
 .UNSPECIFIED.);
#1838=B_SPLINE_CURVE_WITH_KNOTS('',3,(#14846,#14847,#14848,#14849,#14850,
#14851,#14852,#14853,#14854,#14855,#14856,#14857,#14858,#14859,#14860,#14861,
#14862,#14863,#14864,#14865,#14866,#14867,#14868,#14869,#14870,#14871,#14872,
#14873,#14874,#14875,#14876,#14877,#14878,#14879,#14880,#14881,#14882,#14883,
#14884,#14885,#14886,#14887,#14888),.UNSPECIFIED.,.F.,.F.,(4,3,3,3,3,3,
3,3,3,3,3,3,3,3,4),(-12.5663706143592,-12.4898299933444,-12.0094519166773,
-11.5290738400103,-11.0486957633432,-10.5683176866761,-10.087939610009,
-9.60756153334188,-9.12718345667478,-8.64680538000769,-8.16642730334059,
-7.6860492266735,-7.20567115000641,-6.72529307333931,-6.28318530717959),
 .UNSPECIFIED.);
#1839=B_SPLINE_CURVE_WITH_KNOTS('',3,(#14894,#14895,#14896,#14897,#14898,
#14899,#14900,#14901,#14902,#14903,#14904,#14905,#14906,#14907,#14908,#14909),
 .UNSPECIFIED.,.F.,.F.,(4,3,3,3,3,4),(-21.1366353733521,-20.656257296685,
-20.1758792200179,-19.6955011433508,-19.2151230666838,-18.8495559215388),
 .UNSPECIFIED.);
#1840=B_SPLINE_CURVE_WITH_KNOTS('',3,(#14911,#14912,#14913,#14914,#14915,
#14916,#14917,#14918,#14919,#14920,#14921,#14922),.UNSPECIFIED.,.F.,.F.,
(4,2,2,2,2,4),(0.,0.00170502704846101,0.00341005409692202,0.00682010819384405,
0.0113053012825164,0.0207764069353833),.UNSPECIFIED.);
#1841=B_SPLINE_CURVE_WITH_KNOTS('',3,(#14924,#14925,#14926,#14927,#14928,
#14929,#14930,#14931,#14932,#14933,#14934,#14935),.UNSPECIFIED.,.F.,.F.,
(4,2,2,2,2,4),(-0.0207764069353833,-0.0113053012825164,-0.00682010819384404,
-0.00341005409692202,-0.00170502704846101,0.),.UNSPECIFIED.);
#1842=B_SPLINE_CURVE_WITH_KNOTS('',3,(#14936,#14937,#14938,#14939,#14940,
#14941,#14942,#14943),.UNSPECIFIED.,.F.,.F.,(4,1,1,1,1,4),(18.8495559215388,
19.2151230666838,19.6955011433508,20.1758792200179,20.656257296685,21.1366353733521),
 .UNSPECIFIED.);
#1843=B_SPLINE_CURVE_WITH_KNOTS('',3,(#14945,#14946,#14947,#14948,#14949,
#14950,#14951,#14952,#14953,#14954,#14955,#14956,#14957,#14958,#14959,#14960,
#14961),.UNSPECIFIED.,.F.,.F.,(4,1,1,1,1,1,1,1,1,1,1,1,1,1,4),(12.5663706143592,
12.9702080700115,13.4505861466786,13.9309642233457,14.4113423000128,14.8917203766799,
15.372098453347,15.8524765300141,16.3328546066812,16.8132326833483,17.2936107600154,
17.7739888366825,18.2543669133496,18.7347449900167,18.8495559215388),
 .UNSPECIFIED.);
#1844=B_SPLINE_CURVE_WITH_KNOTS('',3,(#14962,#14963,#14964,#14965,#14966,
#14967,#14968,#14969,#14970,#14971,#14972,#14973,#14974,#14975,#14976,#14977,
#14978,#14979,#14980,#14981,#14982,#14983,#14984,#14985,#14986,#14987,#14988,
#14989,#14990,#14991,#14992,#14993,#14994,#14995,#14996,#14997,#14998,#14999,
#15000,#15001,#15002,#15003,#15004),.UNSPECIFIED.,.F.,.F.,(4,3,3,3,3,3,
3,3,3,3,3,3,3,3,4),(-18.8495559215388,-18.7347449900167,-18.2543669133496,
-17.7739888366825,-17.2936107600154,-16.8132326833483,-16.3328546066812,
-15.8524765300141,-15.372098453347,-14.8917203766799,-14.4113423000128,
-13.9309642233457,-13.4505861466786,-12.9702080700115,-12.5663706143592),
 .UNSPECIFIED.);
#1845=B_SPLINE_CURVE_WITH_KNOTS('',3,(#15343,#15344,#15345,#15346,#15347,
#15348,#15349,#15350,#15351,#15352,#15353,#15354,#15355,#15356,#15357,#15358,
#15359,#15360,#15361,#15362,#15363,#15364,#15365,#15366,#15367,#15368,#15369,
#15370,#15371,#15372,#15373,#15374,#15375,#15376,#15377,#15378,#15379,#15380,
#15381,#15382,#15383,#15384,#15385,#15386,#15387,#15388,#15389),
 .UNSPECIFIED.,.F.,.F.,(4,1,1,1,1,1,1,1,1,1,1,1,1,1,1,1,1,1,1,1,1,1,1,1,
1,1,1,1,1,1,1,1,1,1,1,1,1,1,1,1,1,1,1,1,4),(0.,0.480378076667094,0.960756153334188,
1.44113423000128,1.92151230666838,2.40189038333547,2.88226846000256,3.36264653666966,
3.84302461333675,4.32340269000384,4.80378076667094,5.28415884333803,5.76453692000513,
6.24491499667222,6.72529307333931,7.20567115000641,7.6860492266735,8.16642730334059,
8.64680538000769,9.12718345667478,9.60756153334188,10.087939610009,10.5683176866761,
11.0486957633432,11.5290738400103,12.0094519166773,12.4898299933444,12.9702080700115,
13.4505861466786,13.9309642233457,14.4113423000128,14.8917203766799,15.372098453347,
15.8524765300141,16.3328546066812,16.8132326833483,17.2936107600154,17.7739888366825,
18.2543669133496,18.7347449900167,19.2151230666838,19.6955011433508,20.1758792200179,
20.656257296685,21.1366353733521),.UNSPECIFIED.);
#1846=B_SPLINE_CURVE_WITH_KNOTS('',3,(#16095,#16096,#16097,#16098,#16099,
#16100,#16101,#16102,#16103,#16104),.UNSPECIFIED.,.F.,.F.,(4,2,2,2,4),(0.0568347116886076,
0.0618271985046639,0.0679970958148392,0.07424112738385,0.0796313326425982),
 .UNSPECIFIED.);
#1847=B_SPLINE_CURVE_WITH_KNOTS('',3,(#16108,#16109,#16110,#16111,#16112,
#16113,#16114,#16115,#16116,#16117),.UNSPECIFIED.,.F.,.F.,(4,2,2,2,4),(0.0194947064472938,
0.0248849117060769,0.0311289432750876,0.0372988405852629,0.0422913274013193),
 .UNSPECIFIED.);
#1848=B_SPLINE_CURVE_WITH_KNOTS('',3,(#16128,#16129,#16130,#16131,#16132,
#16133,#16134,#16135,#16136,#16137),.UNSPECIFIED.,.F.,.F.,(4,2,2,2,4),(0.056834711688608,
0.0618271985046639,0.0679970958148393,0.0742411273838499,0.0796313326425981),
 .UNSPECIFIED.);
#1849=B_SPLINE_CURVE_WITH_KNOTS('',3,(#16141,#16142,#16143,#16144,#16145,
#16146,#16147,#16148,#16149,#16150),.UNSPECIFIED.,.F.,.F.,(4,2,2,2,4),(0.0194947064472937,
0.0248849117060768,0.0311289432750876,0.0372988405852629,0.0422913274013189),
 .UNSPECIFIED.);
#1850=B_SPLINE_CURVE_WITH_KNOTS('',3,(#16161,#16162,#16163,#16164,#16165,
#16166,#16167,#16168,#16169,#16170),.UNSPECIFIED.,.F.,.F.,(4,2,2,2,4),(0.0568347142383596,
0.0618272010544151,0.0679970983645904,0.0742411299336011,0.0796313351923494),
 .UNSPECIFIED.);
#1851=B_SPLINE_CURVE_WITH_KNOTS('',3,(#16174,#16175,#16176,#16177,#16178,
#16179,#16180,#16181,#16182,#16183),.UNSPECIFIED.,.F.,.F.,(4,2,2,2,4),(0.0194947064472937,
0.0248849117060769,0.0311289432750876,0.0372988405852629,0.0422913274013184),
 .UNSPECIFIED.);
#1852=B_SPLINE_CURVE_WITH_KNOTS('',3,(#16196,#16197,#16198,#16199,#16200,
#16201,#16202,#16203,#16204,#16205),.UNSPECIFIED.,.F.,.F.,(4,2,2,2,4),(0.0568347132745455,
0.0618272000906014,0.0679970974007767,0.0742411289697875,0.0796313342285356),
 .UNSPECIFIED.);
#1853=B_SPLINE_CURVE_WITH_KNOTS('',3,(#16209,#16210,#16211,#16212,#16213,
#16214,#16215,#16216,#16217,#16218),.UNSPECIFIED.,.F.,.F.,(4,2,2,2,4),(0.0194947064472938,
0.0248849117060769,0.0311289432750877,0.0372988405852629,0.0422913274013188),
 .UNSPECIFIED.);
#1854=B_SPLINE_CURVE_WITH_KNOTS('',3,(#16238,#16239,#16240,#16241,#16242,
#16243,#16244,#16245,#16246,#16247,#16248,#16249),.UNSPECIFIED.,.F.,.F.,
(4,2,2,2,2,4),(0.,0.0104840169348722,0.0209680338697445,0.0314454540534142,
0.0419228742370839,0.0429895050263779),.UNSPECIFIED.);
#1855=B_SPLINE_CURVE_WITH_KNOTS('',3,(#16254,#16255,#16256,#16257,#16258,
#16259,#16260,#16261,#16262,#16263,#16264,#16265),.UNSPECIFIED.,.F.,.F.,
(4,2,2,2,2,4),(0.,0.0104840169348722,0.0209680338697445,0.0314454540534142,
0.0419228742370839,0.0429895025464105),.UNSPECIFIED.);
#1856=B_SPLINE_CURVE_WITH_KNOTS('',3,(#16270,#16271,#16272,#16273,#16274,
#16275,#16276,#16277,#16278,#16279,#16280,#16281),.UNSPECIFIED.,.F.,.F.,
(4,2,2,2,2,4),(0.,0.0104840169348722,0.0209680338697445,0.0314454540534142,
0.0419228742370839,0.0429895050263779),.UNSPECIFIED.);
#1857=B_SPLINE_CURVE_WITH_KNOTS('',3,(#16286,#16287,#16288,#16289,#16290,
#16291,#16292,#16293,#16294,#16295,#16296,#16297),.UNSPECIFIED.,.F.,.F.,
(4,2,2,2,2,4),(0.,0.0104840169348722,0.0209680338697445,0.0314454540534142,
0.0419228742370839,0.0429895025464105),.UNSPECIFIED.);
#1858=B_SPLINE_CURVE_WITH_KNOTS('',3,(#16318,#16319,#16320,#16321,#16322,
#16323,#16324,#16325,#16326,#16327,#16328,#16329,#16330,#16331),
 .UNSPECIFIED.,.F.,.F.,(4,2,2,2,2,2,4),(0.196638680220755,0.212003001091185,
0.222939020652682,0.233875040214179,0.244811059775676,0.255747079337173,
0.271111400207603),.UNSPECIFIED.);
#1859=B_SPLINE_CURVE_WITH_KNOTS('',3,(#16345,#16346,#16347,#16348,#16349,
#16350,#16351,#16352,#16353,#16354,#16355,#16356,#16357,#16358),
 .UNSPECIFIED.,.F.,.F.,(4,2,2,2,2,2,4),(0.196638680220755,0.212003001091185,
0.222939020652682,0.233875040214179,0.244811059775676,0.255747079337173,
0.271111400207603),.UNSPECIFIED.);
#1860=B_SPLINE_CURVE_WITH_KNOTS('',3,(#16361,#16362,#16363,#16364,#16365,
#16366,#16367,#16368,#16369,#16370,#16371,#16372,#16373,#16374),
 .UNSPECIFIED.,.F.,.F.,(4,2,2,2,2,2,4),(0.196638680220756,0.212003001091186,
0.222939020652683,0.233875040214179,0.244811059775676,0.255747079337173,
0.271111400207604),.UNSPECIFIED.);
#1861=B_SPLINE_CURVE_WITH_KNOTS('',3,(#16393,#16394,#16395,#16396,#16397,
#16398,#16399,#16400,#16401,#16402,#16403,#16404,#16405,#16406),
 .UNSPECIFIED.,.F.,.F.,(4,2,2,2,2,2,4),(0.196638680220755,0.212003001091186,
0.222939020652682,0.233875040214179,0.244811059775676,0.255747079337173,
0.271111400207603),.UNSPECIFIED.);
#1862=B_SPLINE_CURVE_WITH_KNOTS('',3,(#16439,#16440,#16441,#16442,#16443,
#16444,#16445,#16446,#16447,#16448),.UNSPECIFIED.,.F.,.F.,(4,2,2,2,4),(0.0568347116886076,
0.0618271985046639,0.0679970958148392,0.07424112738385,0.0796313326425982),
 .UNSPECIFIED.);
#1863=B_SPLINE_CURVE_WITH_KNOTS('',3,(#16452,#16453,#16454,#16455,#16456,
#16457,#16458,#16459,#16460,#16461),.UNSPECIFIED.,.F.,.F.,(4,2,2,2,4),(0.0194947064472938,
0.0248849117060769,0.0311289432750876,0.0372988405852629,0.0422913274013193),
 .UNSPECIFIED.);
#1864=B_SPLINE_CURVE_WITH_KNOTS('',3,(#16472,#16473,#16474,#16475,#16476,
#16477,#16478,#16479,#16480,#16481),.UNSPECIFIED.,.F.,.F.,(4,2,2,2,4),(0.056834711688608,
0.0618271985046639,0.0679970958148393,0.0742411273838499,0.0796313326425981),
 .UNSPECIFIED.);
#1865=B_SPLINE_CURVE_WITH_KNOTS('',3,(#16485,#16486,#16487,#16488,#16489,
#16490,#16491,#16492,#16493,#16494),.UNSPECIFIED.,.F.,.F.,(4,2,2,2,4),(0.0194947064472937,
0.0248849117060768,0.0311289432750876,0.0372988405852629,0.0422913274013189),
 .UNSPECIFIED.);
#1866=B_SPLINE_CURVE_WITH_KNOTS('',3,(#16505,#16506,#16507,#16508,#16509,
#16510,#16511,#16512,#16513,#16514),.UNSPECIFIED.,.F.,.F.,(4,2,2,2,4),(0.0568347142383596,
0.0618272010544151,0.0679970983645904,0.0742411299336011,0.0796313351923494),
 .UNSPECIFIED.);
#1867=B_SPLINE_CURVE_WITH_KNOTS('',3,(#16518,#16519,#16520,#16521,#16522,
#16523,#16524,#16525,#16526,#16527),.UNSPECIFIED.,.F.,.F.,(4,2,2,2,4),(0.0194947064472937,
0.0248849117060769,0.0311289432750876,0.0372988405852629,0.0422913274013184),
 .UNSPECIFIED.);
#1868=B_SPLINE_CURVE_WITH_KNOTS('',3,(#16540,#16541,#16542,#16543,#16544,
#16545,#16546,#16547,#16548,#16549),.UNSPECIFIED.,.F.,.F.,(4,2,2,2,4),(0.0568347132745455,
0.0618272000906014,0.0679970974007767,0.0742411289697875,0.0796313342285356),
 .UNSPECIFIED.);
#1869=B_SPLINE_CURVE_WITH_KNOTS('',3,(#16553,#16554,#16555,#16556,#16557,
#16558,#16559,#16560,#16561,#16562),.UNSPECIFIED.,.F.,.F.,(4,2,2,2,4),(0.0194947064472938,
0.0248849117060769,0.0311289432750877,0.0372988405852629,0.0422913274013188),
 .UNSPECIFIED.);
#1870=B_SPLINE_CURVE_WITH_KNOTS('',3,(#16582,#16583,#16584,#16585,#16586,
#16587,#16588,#16589,#16590,#16591,#16592,#16593),.UNSPECIFIED.,.F.,.F.,
(4,2,2,2,2,4),(0.,0.0104840169348722,0.0209680338697445,0.0314454540534142,
0.0419228742370839,0.0429895050263779),.UNSPECIFIED.);
#1871=B_SPLINE_CURVE_WITH_KNOTS('',3,(#16598,#16599,#16600,#16601,#16602,
#16603,#16604,#16605,#16606,#16607,#16608,#16609),.UNSPECIFIED.,.F.,.F.,
(4,2,2,2,2,4),(0.,0.0104840169348722,0.0209680338697445,0.0314454540534142,
0.0419228742370839,0.0429895025464105),.UNSPECIFIED.);
#1872=B_SPLINE_CURVE_WITH_KNOTS('',3,(#16614,#16615,#16616,#16617,#16618,
#16619,#16620,#16621,#16622,#16623,#16624,#16625),.UNSPECIFIED.,.F.,.F.,
(4,2,2,2,2,4),(0.,0.0104840169348722,0.0209680338697445,0.0314454540534142,
0.0419228742370839,0.0429895050263779),.UNSPECIFIED.);
#1873=B_SPLINE_CURVE_WITH_KNOTS('',3,(#16630,#16631,#16632,#16633,#16634,
#16635,#16636,#16637,#16638,#16639,#16640,#16641),.UNSPECIFIED.,.F.,.F.,
(4,2,2,2,2,4),(0.,0.0104840169348722,0.0209680338697445,0.0314454540534142,
0.0419228742370839,0.0429895025464105),.UNSPECIFIED.);
#1874=B_SPLINE_CURVE_WITH_KNOTS('',3,(#16662,#16663,#16664,#16665,#16666,
#16667,#16668,#16669,#16670,#16671,#16672,#16673,#16674,#16675),
 .UNSPECIFIED.,.F.,.F.,(4,2,2,2,2,2,4),(0.196638680220755,0.212003001091185,
0.222939020652682,0.233875040214179,0.244811059775676,0.255747079337173,
0.271111400207603),.UNSPECIFIED.);
#1875=B_SPLINE_CURVE_WITH_KNOTS('',3,(#16689,#16690,#16691,#16692,#16693,
#16694,#16695,#16696,#16697,#16698,#16699,#16700,#16701,#16702),
 .UNSPECIFIED.,.F.,.F.,(4,2,2,2,2,2,4),(0.196638680220755,0.212003001091185,
0.222939020652682,0.233875040214179,0.244811059775676,0.255747079337173,
0.271111400207603),.UNSPECIFIED.);
#1876=B_SPLINE_CURVE_WITH_KNOTS('',3,(#16705,#16706,#16707,#16708,#16709,
#16710,#16711,#16712,#16713,#16714,#16715,#16716,#16717,#16718),
 .UNSPECIFIED.,.F.,.F.,(4,2,2,2,2,2,4),(0.196638680220756,0.212003001091186,
0.222939020652683,0.233875040214179,0.244811059775676,0.255747079337173,
0.271111400207604),.UNSPECIFIED.);
#1877=B_SPLINE_CURVE_WITH_KNOTS('',3,(#16737,#16738,#16739,#16740,#16741,
#16742,#16743,#16744,#16745,#16746,#16747,#16748,#16749,#16750),
 .UNSPECIFIED.,.F.,.F.,(4,2,2,2,2,2,4),(0.196638680220755,0.212003001091186,
0.222939020652682,0.233875040214179,0.244811059775676,0.255747079337173,
0.271111400207603),.UNSPECIFIED.);
#1878=LINE('',#12276,#2586);
#1879=LINE('',#12293,#2587);
#1880=LINE('',#12317,#2588);
#1881=LINE('',#12323,#2589);
#1882=LINE('',#12325,#2590);
#1883=LINE('',#12326,#2591);
#1884=LINE('',#12415,#2592);
#1885=LINE('',#12431,#2593);
#1886=LINE('',#12445,#2594);
#1887=LINE('',#12457,#2595);
#1888=LINE('',#12460,#2596);
#1889=LINE('',#12462,#2597);
#1890=LINE('',#12467,#2598);
#1891=LINE('',#12477,#2599);
#1892=LINE('',#12487,#2600);
#1893=LINE('',#12506,#2601);
#1894=LINE('',#12509,#2602);
#1895=LINE('',#12525,#2603);
#1896=LINE('',#12528,#2604);
#1897=LINE('',#12530,#2605);
#1898=LINE('',#12532,#2606);
#1899=LINE('',#12534,#2607);
#1900=LINE('',#12535,#2608);
#1901=LINE('',#12567,#2609);
#1902=LINE('',#12599,#2610);
#1903=LINE('',#12602,#2611);
#1904=LINE('',#12605,#2612);
#1905=LINE('',#12608,#2613);
#1906=LINE('',#12609,#2614);
#1907=LINE('',#12611,#2615);
#1908=LINE('',#12640,#2616);
#1909=LINE('',#12644,#2617);
#1910=LINE('',#12646,#2618);
#1911=LINE('',#12648,#2619);
#1912=LINE('',#12666,#2620);
#1913=LINE('',#12772,#2621);
#1914=LINE('',#12774,#2622);
#1915=LINE('',#12845,#2623);
#1916=LINE('',#12851,#2624);
#1917=LINE('',#12853,#2625);
#1918=LINE('',#12855,#2626);
#1919=LINE('',#12857,#2627);
#1920=LINE('',#12859,#2628);
#1921=LINE('',#12861,#2629);
#1922=LINE('',#12863,#2630);
#1923=LINE('',#12864,#2631);
#1924=LINE('',#12867,#2632);
#1925=LINE('',#12869,#2633);
#1926=LINE('',#12870,#2634);
#1927=LINE('',#12873,#2635);
#1928=LINE('',#12874,#2636);
#1929=LINE('',#12877,#2637);
#1930=LINE('',#12878,#2638);
#1931=LINE('',#12881,#2639);
#1932=LINE('',#12882,#2640);
#1933=LINE('',#12885,#2641);
#1934=LINE('',#12886,#2642);
#1935=LINE('',#12889,#2643);
#1936=LINE('',#12890,#2644);
#1937=LINE('',#12893,#2645);
#1938=LINE('',#12894,#2646);
#1939=LINE('',#12896,#2647);
#1940=LINE('',#12901,#2648);
#1941=LINE('',#12907,#2649);
#1942=LINE('',#12913,#2650);
#1943=LINE('',#12915,#2651);
#1944=LINE('',#12917,#2652);
#1945=LINE('',#12918,#2653);
#1946=LINE('',#12921,#2654);
#1947=LINE('',#12923,#2655);
#1948=LINE('',#12924,#2656);
#1949=LINE('',#12927,#2657);
#1950=LINE('',#12928,#2658);
#1951=LINE('',#12931,#2659);
#1952=LINE('',#12932,#2660);
#1953=LINE('',#12934,#2661);
#1954=LINE('',#12938,#2662);
#1955=LINE('',#12940,#2663);
#1956=LINE('',#12942,#2664);
#1957=LINE('',#12943,#2665);
#1958=LINE('',#12946,#2666);
#1959=LINE('',#12948,#2667);
#1960=LINE('',#12949,#2668);
#1961=LINE('',#12952,#2669);
#1962=LINE('',#12954,#2670);
#1963=LINE('',#12955,#2671);
#1964=LINE('',#12957,#2672);
#1965=LINE('',#12958,#2673);
#1966=LINE('',#12964,#2674);
#1967=LINE('',#12968,#2675);
#1968=LINE('',#12973,#2676);
#1969=LINE('',#12977,#2677);
#1970=LINE('',#12982,#2678);
#1971=LINE('',#12986,#2679);
#1972=LINE('',#12991,#2680);
#1973=LINE('',#12995,#2681);
#1974=LINE('',#13000,#2682);
#1975=LINE('',#13004,#2683);
#1976=LINE('',#13009,#2684);
#1977=LINE('',#13013,#2685);
#1978=LINE('',#13018,#2686);
#1979=LINE('',#13022,#2687);
#1980=LINE('',#13027,#2688);
#1981=LINE('',#13031,#2689);
#1982=LINE('',#13036,#2690);
#1983=LINE('',#13040,#2691);
#1984=LINE('',#13045,#2692);
#1985=LINE('',#13049,#2693);
#1986=LINE('',#13054,#2694);
#1987=LINE('',#13058,#2695);
#1988=LINE('',#13063,#2696);
#1989=LINE('',#13067,#2697);
#1990=LINE('',#13072,#2698);
#1991=LINE('',#13076,#2699);
#1992=LINE('',#13081,#2700);
#1993=LINE('',#13085,#2701);
#1994=LINE('',#13090,#2702);
#1995=LINE('',#13094,#2703);
#1996=LINE('',#13099,#2704);
#1997=LINE('',#13103,#2705);
#1998=LINE('',#13108,#2706);
#1999=LINE('',#13112,#2707);
#2000=LINE('',#13117,#2708);
#2001=LINE('',#13121,#2709);
#2002=LINE('',#13126,#2710);
#2003=LINE('',#13130,#2711);
#2004=LINE('',#13135,#2712);
#2005=LINE('',#13139,#2713);
#2006=LINE('',#13144,#2714);
#2007=LINE('',#13148,#2715);
#2008=LINE('',#13153,#2716);
#2009=LINE('',#13157,#2717);
#2010=LINE('',#13162,#2718);
#2011=LINE('',#13166,#2719);
#2012=LINE('',#13171,#2720);
#2013=LINE('',#13175,#2721);
#2014=LINE('',#13180,#2722);
#2015=LINE('',#13184,#2723);
#2016=LINE('',#13189,#2724);
#2017=LINE('',#13193,#2725);
#2018=LINE('',#13199,#2726);
#2019=LINE('',#13205,#2727);
#2020=LINE('',#13209,#2728);
#2021=LINE('',#13211,#2729);
#2022=LINE('',#13212,#2730);
#2023=LINE('',#13214,#2731);
#2024=LINE('',#13215,#2732);
#2025=LINE('',#13217,#2733);
#2026=LINE('',#13218,#2734);
#2027=LINE('',#13221,#2735);
#2028=LINE('',#13223,#2736);
#2029=LINE('',#13224,#2737);
#2030=LINE('',#13226,#2738);
#2031=LINE('',#13227,#2739);
#2032=LINE('',#13229,#2740);
#2033=LINE('',#13230,#2741);
#2034=LINE('',#13232,#2742);
#2035=LINE('',#13233,#2743);
#2036=LINE('',#13235,#2744);
#2037=LINE('',#13236,#2745);
#2038=LINE('',#13238,#2746);
#2039=LINE('',#13239,#2747);
#2040=LINE('',#13241,#2748);
#2041=LINE('',#13242,#2749);
#2042=LINE('',#13244,#2750);
#2043=LINE('',#13245,#2751);
#2044=LINE('',#13247,#2752);
#2045=LINE('',#13248,#2753);
#2046=LINE('',#13250,#2754);
#2047=LINE('',#13251,#2755);
#2048=LINE('',#13253,#2756);
#2049=LINE('',#13254,#2757);
#2050=LINE('',#13257,#2758);
#2051=LINE('',#13259,#2759);
#2052=LINE('',#13260,#2760);
#2053=LINE('',#13262,#2761);
#2054=LINE('',#13263,#2762);
#2055=LINE('',#13265,#2763);
#2056=LINE('',#13266,#2764);
#2057=LINE('',#13269,#2765);
#2058=LINE('',#13271,#2766);
#2059=LINE('',#13272,#2767);
#2060=LINE('',#13274,#2768);
#2061=LINE('',#13275,#2769);
#2062=LINE('',#13277,#2770);
#2063=LINE('',#13278,#2771);
#2064=LINE('',#13280,#2772);
#2065=LINE('',#13281,#2773);
#2066=LINE('',#13283,#2774);
#2067=LINE('',#13284,#2775);
#2068=LINE('',#13286,#2776);
#2069=LINE('',#13287,#2777);
#2070=LINE('',#13289,#2778);
#2071=LINE('',#13290,#2779);
#2072=LINE('',#13292,#2780);
#2073=LINE('',#13293,#2781);
#2074=LINE('',#13295,#2782);
#2075=LINE('',#13296,#2783);
#2076=LINE('',#13298,#2784);
#2077=LINE('',#13299,#2785);
#2078=LINE('',#13301,#2786);
#2079=LINE('',#13302,#2787);
#2080=LINE('',#13305,#2788);
#2081=LINE('',#13307,#2789);
#2082=LINE('',#13309,#2790);
#2083=LINE('',#13311,#2791);
#2084=LINE('',#13314,#2792);
#2085=LINE('',#13317,#2793);
#2086=LINE('',#13318,#2794);
#2087=LINE('',#13320,#2795);
#2088=LINE('',#13323,#2796);
#2089=LINE('',#13326,#2797);
#2090=LINE('',#13327,#2798);
#2091=LINE('',#13331,#2799);
#2092=LINE('',#13332,#2800);
#2093=LINE('',#13333,#2801);
#2094=LINE('',#13337,#2802);
#2095=LINE('',#13339,#2803);
#2096=LINE('',#13342,#2804);
#2097=LINE('',#13343,#2805);
#2098=LINE('',#13349,#2806);
#2099=LINE('',#13352,#2807);
#2100=LINE('',#13355,#2808);
#2101=LINE('',#13359,#2809);
#2102=LINE('',#13363,#2810);
#2103=LINE('',#13366,#2811);
#2104=LINE('',#13368,#2812);
#2105=LINE('',#13372,#2813);
#2106=LINE('',#13374,#2814);
#2107=LINE('',#13389,#2815);
#2108=LINE('',#13393,#2816);
#2109=LINE('',#13395,#2817);
#2110=LINE('',#13397,#2818);
#2111=LINE('',#13399,#2819);
#2112=LINE('',#13401,#2820);
#2113=LINE('',#13403,#2821);
#2114=LINE('',#13405,#2822);
#2115=LINE('',#13406,#2823);
#2116=LINE('',#13409,#2824);
#2117=LINE('',#13411,#2825);
#2118=LINE('',#13412,#2826);
#2119=LINE('',#13415,#2827);
#2120=LINE('',#13416,#2828);
#2121=LINE('',#13419,#2829);
#2122=LINE('',#13420,#2830);
#2123=LINE('',#13423,#2831);
#2124=LINE('',#13424,#2832);
#2125=LINE('',#13427,#2833);
#2126=LINE('',#13428,#2834);
#2127=LINE('',#13431,#2835);
#2128=LINE('',#13432,#2836);
#2129=LINE('',#13435,#2837);
#2130=LINE('',#13436,#2838);
#2131=LINE('',#13438,#2839);
#2132=LINE('',#13443,#2840);
#2133=LINE('',#13449,#2841);
#2134=LINE('',#13455,#2842);
#2135=LINE('',#13457,#2843);
#2136=LINE('',#13459,#2844);
#2137=LINE('',#13460,#2845);
#2138=LINE('',#13463,#2846);
#2139=LINE('',#13465,#2847);
#2140=LINE('',#13466,#2848);
#2141=LINE('',#13469,#2849);
#2142=LINE('',#13470,#2850);
#2143=LINE('',#13473,#2851);
#2144=LINE('',#13474,#2852);
#2145=LINE('',#13476,#2853);
#2146=LINE('',#13480,#2854);
#2147=LINE('',#13482,#2855);
#2148=LINE('',#13484,#2856);
#2149=LINE('',#13485,#2857);
#2150=LINE('',#13488,#2858);
#2151=LINE('',#13490,#2859);
#2152=LINE('',#13491,#2860);
#2153=LINE('',#13494,#2861);
#2154=LINE('',#13496,#2862);
#2155=LINE('',#13497,#2863);
#2156=LINE('',#13499,#2864);
#2157=LINE('',#13500,#2865);
#2158=LINE('',#13506,#2866);
#2159=LINE('',#13508,#2867);
#2160=LINE('',#13510,#2868);
#2161=LINE('',#13514,#2869);
#2162=LINE('',#13520,#2870);
#2163=LINE('',#13524,#2871);
#2164=LINE('',#13528,#2872);
#2165=LINE('',#13532,#2873);
#2166=LINE('',#13535,#2874);
#2167=LINE('',#13538,#2875);
#2168=LINE('',#13540,#2876);
#2169=LINE('',#13542,#2877);
#2170=LINE('',#13546,#2878);
#2171=LINE('',#13550,#2879);
#2172=LINE('',#13554,#2880);
#2173=LINE('',#13558,#2881);
#2174=LINE('',#13562,#2882);
#2175=LINE('',#13566,#2883);
#2176=LINE('',#13570,#2884);
#2177=LINE('',#13574,#2885);
#2178=LINE('',#13578,#2886);
#2179=LINE('',#13582,#2887);
#2180=LINE('',#13586,#2888);
#2181=LINE('',#13590,#2889);
#2182=LINE('',#13591,#2890);
#2183=LINE('',#13598,#2891);
#2184=LINE('',#13600,#2892);
#2185=LINE('',#13601,#2893);
#2186=LINE('',#13604,#2894);
#2187=LINE('',#13606,#2895);
#2188=LINE('',#13608,#2896);
#2189=LINE('',#13612,#2897);
#2190=LINE('',#13616,#2898);
#2191=LINE('',#13620,#2899);
#2192=LINE('',#13624,#2900);
#2193=LINE('',#13628,#2901);
#2194=LINE('',#13632,#2902);
#2195=LINE('',#13636,#2903);
#2196=LINE('',#13640,#2904);
#2197=LINE('',#13644,#2905);
#2198=LINE('',#13648,#2906);
#2199=LINE('',#13652,#2907);
#2200=LINE('',#13656,#2908);
#2201=LINE('',#13658,#2909);
#2202=LINE('',#13659,#2910);
#2203=LINE('',#13662,#2911);
#2204=LINE('',#13666,#2912);
#2205=LINE('',#13677,#2913);
#2206=LINE('',#13686,#2914);
#2207=LINE('',#13695,#2915);
#2208=LINE('',#13706,#2916);
#2209=LINE('',#13709,#2917);
#2210=LINE('',#13712,#2918);
#2211=LINE('',#13714,#2919);
#2212=LINE('',#13718,#2920);
#2213=LINE('',#13721,#2921);
#2214=LINE('',#13724,#2922);
#2215=LINE('',#13726,#2923);
#2216=LINE('',#13757,#2924);
#2217=LINE('',#13784,#2925);
#2218=LINE('',#13789,#2926);
#2219=LINE('',#13816,#2927);
#2220=LINE('',#13846,#2928);
#2221=LINE('',#13849,#2929);
#2222=LINE('',#13852,#2930);
#2223=LINE('',#13854,#2931);
#2224=LINE('',#13858,#2932);
#2225=LINE('',#13861,#2933);
#2226=LINE('',#13864,#2934);
#2227=LINE('',#13866,#2935);
#2228=LINE('',#13879,#2936);
#2229=LINE('',#13899,#2937);
#2230=LINE('',#13909,#2938);
#2231=LINE('',#13929,#2939);
#2232=LINE('',#13946,#2940);
#2233=LINE('',#13949,#2941);
#2234=LINE('',#13952,#2942);
#2235=LINE('',#13954,#2943);
#2236=LINE('',#13958,#2944);
#2237=LINE('',#13961,#2945);
#2238=LINE('',#13964,#2946);
#2239=LINE('',#13966,#2947);
#2240=LINE('',#13970,#2948);
#2241=LINE('',#13973,#2949);
#2242=LINE('',#13976,#2950);
#2243=LINE('',#13978,#2951);
#2244=LINE('',#13984,#2952);
#2245=LINE('',#13990,#2953);
#2246=LINE('',#13994,#2954);
#2247=LINE('',#13997,#2955);
#2248=LINE('',#14000,#2956);
#2249=LINE('',#14002,#2957);
#2250=LINE('',#14006,#2958);
#2251=LINE('',#14009,#2959);
#2252=LINE('',#14012,#2960);
#2253=LINE('',#14014,#2961);
#2254=LINE('',#14031,#2962);
#2255=LINE('',#14055,#2963);
#2256=LINE('',#14071,#2964);
#2257=LINE('',#14095,#2965);
#2258=LINE('',#14124,#2966);
#2259=LINE('',#14133,#2967);
#2260=LINE('',#14143,#2968);
#2261=LINE('',#14146,#2969);
#2262=LINE('',#14157,#2970);
#2263=LINE('',#14166,#2971);
#2264=LINE('',#14171,#2972);
#2265=LINE('',#14174,#2973);
#2266=LINE('',#14176,#2974);
#2267=LINE('',#14179,#2975);
#2268=LINE('',#14181,#2976);
#2269=LINE('',#14182,#2977);
#2270=LINE('',#14183,#2978);
#2271=LINE('',#14184,#2979);
#2272=LINE('',#14185,#2980);
#2273=LINE('',#14186,#2981);
#2274=LINE('',#14187,#2982);
#2275=LINE('',#14188,#2983);
#2276=LINE('',#14189,#2984);
#2277=LINE('',#14190,#2985);
#2278=LINE('',#14191,#2986);
#2279=LINE('',#14192,#2987);
#2280=LINE('',#14193,#2988);
#2281=LINE('',#14195,#2989);
#2282=LINE('',#14197,#2990);
#2283=LINE('',#14198,#2991);
#2284=LINE('',#14200,#2992);
#2285=LINE('',#14202,#2993);
#2286=LINE('',#14210,#2994);
#2287=LINE('',#14215,#2995);
#2288=LINE('',#14224,#2996);
#2289=LINE('',#14225,#2997);
#2290=LINE('',#14235,#2998);
#2291=LINE('',#14240,#2999);
#2292=LINE('',#14243,#3000);
#2293=LINE('',#14247,#3001);
#2294=LINE('',#14248,#3002);
#2295=LINE('',#14250,#3003);
#2296=LINE('',#14252,#3004);
#2297=LINE('',#14256,#3005);
#2298=LINE('',#14258,#3006);
#2299=LINE('',#14260,#3007);
#2300=LINE('',#14262,#3008);
#2301=LINE('',#14265,#3009);
#2302=LINE('',#14266,#3010);
#2303=LINE('',#14268,#3011);
#2304=LINE('',#14270,#3012);
#2305=LINE('',#14272,#3013);
#2306=LINE('',#14274,#3014);
#2307=LINE('',#14276,#3015);
#2308=LINE('',#14282,#3016);
#2309=LINE('',#14283,#3017);
#2310=LINE('',#14285,#3018);
#2311=LINE('',#14288,#3019);
#2312=LINE('',#14293,#3020);
#2313=LINE('',#14294,#3021);
#2314=LINE('',#14297,#3022);
#2315=LINE('',#14298,#3023);
#2316=LINE('',#14304,#3024);
#2317=LINE('',#14343,#3025);
#2318=LINE('',#14346,#3026);
#2319=LINE('',#14348,#3027);
#2320=LINE('',#14349,#3028);
#2321=LINE('',#14351,#3029);
#2322=LINE('',#14352,#3030);
#2323=LINE('',#14353,#3031);
#2324=LINE('',#14355,#3032);
#2325=LINE('',#14360,#3033);
#2326=LINE('',#14362,#3034);
#2327=LINE('',#14365,#3035);
#2328=LINE('',#14367,#3036);
#2329=LINE('',#14369,#3037);
#2330=LINE('',#14373,#3038);
#2331=LINE('',#14376,#3039);
#2332=LINE('',#14378,#3040);
#2333=LINE('',#14385,#3041);
#2334=LINE('',#14387,#3042);
#2335=LINE('',#14389,#3043);
#2336=LINE('',#14394,#3044);
#2337=LINE('',#14396,#3045);
#2338=LINE('',#14398,#3046);
#2339=LINE('',#14399,#3047);
#2340=LINE('',#14404,#3048);
#2341=LINE('',#14408,#3049);
#2342=LINE('',#14410,#3050);
#2343=LINE('',#14411,#3051);
#2344=LINE('',#14416,#3052);
#2345=LINE('',#14420,#3053);
#2346=LINE('',#14422,#3054);
#2347=LINE('',#14423,#3055);
#2348=LINE('',#14428,#3056);
#2349=LINE('',#14432,#3057);
#2350=LINE('',#14434,#3058);
#2351=LINE('',#14435,#3059);
#2352=LINE('',#14440,#3060);
#2353=LINE('',#14446,#3061);
#2354=LINE('',#14452,#3062);
#2355=LINE('',#14458,#3063);
#2356=LINE('',#14464,#3064);
#2357=LINE('',#14470,#3065);
#2358=LINE('',#14476,#3066);
#2359=LINE('',#14480,#3067);
#2360=LINE('',#14482,#3068);
#2361=LINE('',#14483,#3069);
#2362=LINE('',#14490,#3070);
#2363=LINE('',#14491,#3071);
#2364=LINE('',#14492,#3072);
#2365=LINE('',#14496,#3073);
#2366=LINE('',#14500,#3074);
#2367=LINE('',#14528,#3075);
#2368=LINE('',#14532,#3076);
#2369=LINE('',#14536,#3077);
#2370=LINE('',#14539,#3078);
#2371=LINE('',#14540,#3079);
#2372=LINE('',#14544,#3080);
#2373=LINE('',#14547,#3081);
#2374=LINE('',#14548,#3082);
#2375=LINE('',#14552,#3083);
#2376=LINE('',#14555,#3084);
#2377=LINE('',#14556,#3085);
#2378=LINE('',#14560,#3086);
#2379=LINE('',#14563,#3087);
#2380=LINE('',#14564,#3088);
#2381=LINE('',#14570,#3089);
#2382=LINE('',#14572,#3090);
#2383=LINE('',#14574,#3091);
#2384=LINE('',#14575,#3092);
#2385=LINE('',#14581,#3093);
#2386=LINE('',#14584,#3094);
#2387=LINE('',#14586,#3095);
#2388=LINE('',#14587,#3096);
#2389=LINE('',#14593,#3097);
#2390=LINE('',#14596,#3098);
#2391=LINE('',#14598,#3099);
#2392=LINE('',#14599,#3100);
#2393=LINE('',#14605,#3101);
#2394=LINE('',#14608,#3102);
#2395=LINE('',#14610,#3103);
#2396=LINE('',#14611,#3104);
#2397=LINE('',#14617,#3105);
#2398=LINE('',#14623,#3106);
#2399=LINE('',#14629,#3107);
#2400=LINE('',#14635,#3108);
#2401=LINE('',#14641,#3109);
#2402=LINE('',#14647,#3110);
#2403=LINE('',#14653,#3111);
#2404=LINE('',#14656,#3112);
#2405=LINE('',#14658,#3113);
#2406=LINE('',#14659,#3114);
#2407=LINE('',#14667,#3115);
#2408=LINE('',#14668,#3116);
#2409=LINE('',#14669,#3117);
#2410=LINE('',#14673,#3118);
#2411=LINE('',#14677,#3119);
#2412=LINE('',#14695,#3120);
#2413=LINE('',#14699,#3121);
#2414=LINE('',#14703,#3122);
#2415=LINE('',#14706,#3123);
#2416=LINE('',#14707,#3124);
#2417=LINE('',#14711,#3125);
#2418=LINE('',#14714,#3126);
#2419=LINE('',#14715,#3127);
#2420=LINE('',#14719,#3128);
#2421=LINE('',#14722,#3129);
#2422=LINE('',#14723,#3130);
#2423=LINE('',#14727,#3131);
#2424=LINE('',#14730,#3132);
#2425=LINE('',#14731,#3133);
#2426=LINE('',#14738,#3134);
#2427=LINE('',#14764,#3135);
#2428=LINE('',#14828,#3136);
#2429=LINE('',#14892,#3137);
#2430=LINE('',#15008,#3138);
#2431=LINE('',#15394,#3139);
#2432=LINE('',#15729,#3140);
#2433=LINE('',#15731,#3141);
#2434=LINE('',#15733,#3142);
#2435=LINE('',#15735,#3143);
#2436=LINE('',#15737,#3144);
#2437=LINE('',#15739,#3145);
#2438=LINE('',#15750,#3146);
#2439=LINE('',#15752,#3147);
#2440=LINE('',#15754,#3148);
#2441=LINE('',#15756,#3149);
#2442=LINE('',#15758,#3150);
#2443=LINE('',#15763,#3151);
#2444=LINE('',#15771,#3152);
#2445=LINE('',#15773,#3153);
#2446=LINE('',#15775,#3154);
#2447=LINE('',#15777,#3155);
#2448=LINE('',#15779,#3156);
#2449=LINE('',#15780,#3157);
#2450=LINE('',#15783,#3158);
#2451=LINE('',#15785,#3159);
#2452=LINE('',#15787,#3160);
#2453=LINE('',#15788,#3161);
#2454=LINE('',#15791,#3162);
#2455=LINE('',#15793,#3163);
#2456=LINE('',#15795,#3164);
#2457=LINE('',#15796,#3165);
#2458=LINE('',#15801,#3166);
#2459=LINE('',#15804,#3167);
#2460=LINE('',#15807,#3168);
#2461=LINE('',#15808,#3169);
#2462=LINE('',#15812,#3170);
#2463=LINE('',#15816,#3171);
#2464=LINE('',#15817,#3172);
#2465=LINE('',#15821,#3173);
#2466=LINE('',#15825,#3174);
#2467=LINE('',#15826,#3175);
#2468=LINE('',#15830,#3176);
#2469=LINE('',#15834,#3177);
#2470=LINE('',#15835,#3178);
#2471=LINE('',#15839,#3179);
#2472=LINE('',#15843,#3180);
#2473=LINE('',#15844,#3181);
#2474=LINE('',#15849,#3182);
#2475=LINE('',#15853,#3183);
#2476=LINE('',#15855,#3184);
#2477=LINE('',#15856,#3185);
#2478=LINE('',#15861,#3186);
#2479=LINE('',#15865,#3187);
#2480=LINE('',#15867,#3188);
#2481=LINE('',#15868,#3189);
#2482=LINE('',#15873,#3190);
#2483=LINE('',#15876,#3191);
#2484=LINE('',#15877,#3192);
#2485=LINE('',#15886,#3193);
#2486=LINE('',#15893,#3194);
#2487=LINE('',#15900,#3195);
#2488=LINE('',#15910,#3196);
#2489=LINE('',#15916,#3197);
#2490=LINE('',#15919,#3198);
#2491=LINE('',#15922,#3199);
#2492=LINE('',#15924,#3200);
#2493=LINE('',#15925,#3201);
#2494=LINE('',#15931,#3202);
#2495=LINE('',#15934,#3203);
#2496=LINE('',#15936,#3204);
#2497=LINE('',#15937,#3205);
#2498=LINE('',#15943,#3206);
#2499=LINE('',#15946,#3207);
#2500=LINE('',#15948,#3208);
#2501=LINE('',#15949,#3209);
#2502=LINE('',#15955,#3210);
#2503=LINE('',#15958,#3211);
#2504=LINE('',#15960,#3212);
#2505=LINE('',#15961,#3213);
#2506=LINE('',#15967,#3214);
#2507=LINE('',#15970,#3215);
#2508=LINE('',#15972,#3216);
#2509=LINE('',#15973,#3217);
#2510=LINE('',#15979,#3218);
#2511=LINE('',#15982,#3219);
#2512=LINE('',#15984,#3220);
#2513=LINE('',#15985,#3221);
#2514=LINE('',#15991,#3222);
#2515=LINE('',#15994,#3223);
#2516=LINE('',#15996,#3224);
#2517=LINE('',#15997,#3225);
#2518=LINE('',#16003,#3226);
#2519=LINE('',#16005,#3227);
#2520=LINE('',#16006,#3228);
#2521=LINE('',#16011,#3229);
#2522=LINE('',#16012,#3230);
#2523=LINE('',#16024,#3231);
#2524=LINE('',#16025,#3232);
#2525=LINE('',#16034,#3233);
#2526=LINE('',#16035,#3234);
#2527=LINE('',#16039,#3235);
#2528=LINE('',#16042,#3236);
#2529=LINE('',#16043,#3237);
#2530=LINE('',#16047,#3238);
#2531=LINE('',#16050,#3239);
#2532=LINE('',#16051,#3240);
#2533=LINE('',#16055,#3241);
#2534=LINE('',#16058,#3242);
#2535=LINE('',#16059,#3243);
#2536=LINE('',#16063,#3244);
#2537=LINE('',#16066,#3245);
#2538=LINE('',#16067,#3246);
#2539=LINE('',#16071,#3247);
#2540=LINE('',#16074,#3248);
#2541=LINE('',#16075,#3249);
#2542=LINE('',#16083,#3250);
#2543=LINE('',#16089,#3251);
#2544=LINE('',#16121,#3252);
#2545=LINE('',#16124,#3253);
#2546=LINE('',#16154,#3254);
#2547=LINE('',#16157,#3255);
#2548=LINE('',#16187,#3256);
#2549=LINE('',#16192,#3257);
#2550=LINE('',#16222,#3258);
#2551=LINE('',#16225,#3259);
#2552=LINE('',#16302,#3260);
#2553=LINE('',#16308,#3261);
#2554=LINE('',#16311,#3262);
#2555=LINE('',#16317,#3263);
#2556=LINE('',#16338,#3264);
#2557=LINE('',#16344,#3265);
#2558=LINE('',#16375,#3266);
#2559=LINE('',#16381,#3267);
#2560=LINE('',#16388,#3268);
#2561=LINE('',#16413,#3269);
#2562=LINE('',#16420,#3270);
#2563=LINE('',#16422,#3271);
#2564=LINE('',#16427,#3272);
#2565=LINE('',#16433,#3273);
#2566=LINE('',#16465,#3274);
#2567=LINE('',#16468,#3275);
#2568=LINE('',#16498,#3276);
#2569=LINE('',#16501,#3277);
#2570=LINE('',#16531,#3278);
#2571=LINE('',#16536,#3279);
#2572=LINE('',#16566,#3280);
#2573=LINE('',#16569,#3281);
#2574=LINE('',#16646,#3282);
#2575=LINE('',#16652,#3283);
#2576=LINE('',#16655,#3284);
#2577=LINE('',#16661,#3285);
#2578=LINE('',#16682,#3286);
#2579=LINE('',#16688,#3287);
#2580=LINE('',#16719,#3288);
#2581=LINE('',#16725,#3289);
#2582=LINE('',#16732,#3290);
#2583=LINE('',#16757,#3291);
#2584=LINE('',#16764,#3292);
#2585=LINE('',#16766,#3293);
#2586=VECTOR('',#9834,10.);
#2587=VECTOR('',#9835,10.);
#2588=VECTOR('',#9848,10.);
#2589=VECTOR('',#9855,10.);
#2590=VECTOR('',#9856,10.);
#2591=VECTOR('',#9857,10.);
#2592=VECTOR('',#9894,10.);
#2593=VECTOR('',#9897,10.);
#2594=VECTOR('',#9900,10.);
#2595=VECTOR('',#9901,10.);
#2596=VECTOR('',#9904,5.);
#2597=VECTOR('',#9905,10.);
#2598=VECTOR('',#9910,10.);
#2599=VECTOR('',#9911,10.);
#2600=VECTOR('',#9912,10.);
#2601=VECTOR('',#9913,10.);
#2602=VECTOR('',#9916,10.);
#2603=VECTOR('',#9921,10.);
#2604=VECTOR('',#9924,10.);
#2605=VECTOR('',#9925,10.);
#2606=VECTOR('',#9926,10.);
#2607=VECTOR('',#9927,10.);
#2608=VECTOR('',#9928,10.);
#2609=VECTOR('',#9935,1.621);
#2610=VECTOR('',#9942,1.621);
#2611=VECTOR('',#9945,10.);
#2612=VECTOR('',#9950,10.);
#2613=VECTOR('',#9953,10.);
#2614=VECTOR('',#9954,10.);
#2615=VECTOR('',#9957,10.);
#2616=VECTOR('',#9972,10.);
#2617=VECTOR('',#9975,10.);
#2618=VECTOR('',#9976,10.);
#2619=VECTOR('',#9977,10.);
#2620=VECTOR('',#9988,10.);
#2621=VECTOR('',#10005,10.);
#2622=VECTOR('',#10008,10.);
#2623=VECTOR('',#10019,10.);
#2624=VECTOR('',#10026,10.);
#2625=VECTOR('',#10027,10.);
#2626=VECTOR('',#10028,10.);
#2627=VECTOR('',#10029,10.);
#2628=VECTOR('',#10030,10.);
#2629=VECTOR('',#10031,10.);
#2630=VECTOR('',#10032,10.);
#2631=VECTOR('',#10033,10.);
#2632=VECTOR('',#10036,10.);
#2633=VECTOR('',#10037,10.);
#2634=VECTOR('',#10038,10.);
#2635=VECTOR('',#10041,10.);
#2636=VECTOR('',#10042,10.);
#2637=VECTOR('',#10045,10.);
#2638=VECTOR('',#10046,10.);
#2639=VECTOR('',#10049,10.);
#2640=VECTOR('',#10050,10.);
#2641=VECTOR('',#10053,10.);
#2642=VECTOR('',#10054,10.);
#2643=VECTOR('',#10057,10.);
#2644=VECTOR('',#10058,10.);
#2645=VECTOR('',#10061,10.);
#2646=VECTOR('',#10062,10.);
#2647=VECTOR('',#10065,10.);
#2648=VECTOR('',#10070,7.19999999999997);
#2649=VECTOR('',#10077,6.52499999999997);
#2650=VECTOR('',#10084,10.);
#2651=VECTOR('',#10085,10.);
#2652=VECTOR('',#10086,10.);
#2653=VECTOR('',#10087,10.);
#2654=VECTOR('',#10090,10.);
#2655=VECTOR('',#10091,10.);
#2656=VECTOR('',#10092,10.);
#2657=VECTOR('',#10095,10.);
#2658=VECTOR('',#10096,10.);
#2659=VECTOR('',#10099,10.);
#2660=VECTOR('',#10100,10.);
#2661=VECTOR('',#10103,10.);
#2662=VECTOR('',#10106,10.);
#2663=VECTOR('',#10107,10.);
#2664=VECTOR('',#10108,10.);
#2665=VECTOR('',#10109,10.);
#2666=VECTOR('',#10112,10.);
#2667=VECTOR('',#10113,10.);
#2668=VECTOR('',#10114,10.);
#2669=VECTOR('',#10117,10.);
#2670=VECTOR('',#10118,10.);
#2671=VECTOR('',#10119,10.);
#2672=VECTOR('',#10122,10.);
#2673=VECTOR('',#10123,10.);
#2674=VECTOR('',#10130,10.);
#2675=VECTOR('',#10133,10.);
#2676=VECTOR('',#10138,10.);
#2677=VECTOR('',#10141,10.);
#2678=VECTOR('',#10146,10.);
#2679=VECTOR('',#10149,10.);
#2680=VECTOR('',#10154,10.);
#2681=VECTOR('',#10157,10.);
#2682=VECTOR('',#10162,10.);
#2683=VECTOR('',#10165,10.);
#2684=VECTOR('',#10170,10.);
#2685=VECTOR('',#10173,10.);
#2686=VECTOR('',#10178,10.);
#2687=VECTOR('',#10181,10.);
#2688=VECTOR('',#10186,10.);
#2689=VECTOR('',#10189,10.);
#2690=VECTOR('',#10194,10.);
#2691=VECTOR('',#10197,10.);
#2692=VECTOR('',#10202,10.);
#2693=VECTOR('',#10205,10.);
#2694=VECTOR('',#10210,10.);
#2695=VECTOR('',#10213,10.);
#2696=VECTOR('',#10218,10.);
#2697=VECTOR('',#10221,10.);
#2698=VECTOR('',#10226,10.);
#2699=VECTOR('',#10229,10.);
#2700=VECTOR('',#10234,10.);
#2701=VECTOR('',#10237,10.);
#2702=VECTOR('',#10242,10.);
#2703=VECTOR('',#10245,10.);
#2704=VECTOR('',#10250,10.);
#2705=VECTOR('',#10253,10.);
#2706=VECTOR('',#10258,10.);
#2707=VECTOR('',#10261,10.);
#2708=VECTOR('',#10266,10.);
#2709=VECTOR('',#10269,10.);
#2710=VECTOR('',#10274,10.);
#2711=VECTOR('',#10277,10.);
#2712=VECTOR('',#10282,10.);
#2713=VECTOR('',#10285,10.);
#2714=VECTOR('',#10290,10.);
#2715=VECTOR('',#10293,10.);
#2716=VECTOR('',#10298,10.);
#2717=VECTOR('',#10301,10.);
#2718=VECTOR('',#10306,10.);
#2719=VECTOR('',#10309,10.);
#2720=VECTOR('',#10314,10.);
#2721=VECTOR('',#10317,10.);
#2722=VECTOR('',#10322,10.);
#2723=VECTOR('',#10325,10.);
#2724=VECTOR('',#10330,10.);
#2725=VECTOR('',#10333,10.);
#2726=VECTOR('',#10340,2.5);
#2727=VECTOR('',#10347,2.5);
#2728=VECTOR('',#10352,10.);
#2729=VECTOR('',#10353,10.);
#2730=VECTOR('',#10354,10.);
#2731=VECTOR('',#10357,10.);
#2732=VECTOR('',#10358,10.);
#2733=VECTOR('',#10361,10.);
#2734=VECTOR('',#10362,10.);
#2735=VECTOR('',#10365,10.);
#2736=VECTOR('',#10366,10.);
#2737=VECTOR('',#10367,10.);
#2738=VECTOR('',#10370,10.);
#2739=VECTOR('',#10371,10.);
#2740=VECTOR('',#10374,10.);
#2741=VECTOR('',#10375,10.);
#2742=VECTOR('',#10378,10.);
#2743=VECTOR('',#10379,10.);
#2744=VECTOR('',#10382,10.);
#2745=VECTOR('',#10383,10.);
#2746=VECTOR('',#10386,10.);
#2747=VECTOR('',#10387,10.);
#2748=VECTOR('',#10390,10.);
#2749=VECTOR('',#10391,10.);
#2750=VECTOR('',#10394,10.);
#2751=VECTOR('',#10395,10.);
#2752=VECTOR('',#10398,10.);
#2753=VECTOR('',#10399,10.);
#2754=VECTOR('',#10402,10.);
#2755=VECTOR('',#10403,10.);
#2756=VECTOR('',#10406,10.);
#2757=VECTOR('',#10407,10.);
#2758=VECTOR('',#10410,10.);
#2759=VECTOR('',#10411,10.);
#2760=VECTOR('',#10412,10.);
#2761=VECTOR('',#10415,10.);
#2762=VECTOR('',#10416,10.);
#2763=VECTOR('',#10419,10.);
#2764=VECTOR('',#10420,10.);
#2765=VECTOR('',#10423,10.);
#2766=VECTOR('',#10424,10.);
#2767=VECTOR('',#10425,10.);
#2768=VECTOR('',#10428,10.);
#2769=VECTOR('',#10429,10.);
#2770=VECTOR('',#10432,10.);
#2771=VECTOR('',#10433,10.);
#2772=VECTOR('',#10436,10.);
#2773=VECTOR('',#10437,10.);
#2774=VECTOR('',#10440,10.);
#2775=VECTOR('',#10441,10.);
#2776=VECTOR('',#10444,10.);
#2777=VECTOR('',#10445,10.);
#2778=VECTOR('',#10448,10.);
#2779=VECTOR('',#10449,10.);
#2780=VECTOR('',#10452,10.);
#2781=VECTOR('',#10453,10.);
#2782=VECTOR('',#10456,10.);
#2783=VECTOR('',#10457,10.);
#2784=VECTOR('',#10460,10.);
#2785=VECTOR('',#10461,10.);
#2786=VECTOR('',#10464,10.);
#2787=VECTOR('',#10465,10.);
#2788=VECTOR('',#10468,10.);
#2789=VECTOR('',#10469,10.);
#2790=VECTOR('',#10470,10.);
#2791=VECTOR('',#10471,10.);
#2792=VECTOR('',#10474,10.);
#2793=VECTOR('',#10477,10.);
#2794=VECTOR('',#10478,10.);
#2795=VECTOR('',#10479,10.);
#2796=VECTOR('',#10482,10.);
#2797=VECTOR('',#10485,10.);
#2798=VECTOR('',#10486,10.);
#2799=VECTOR('',#10489,10.);
#2800=VECTOR('',#10490,10.);
#2801=VECTOR('',#10491,10.);
#2802=VECTOR('',#10496,10.);
#2803=VECTOR('',#10499,10.);
#2804=VECTOR('',#10502,10.);
#2805=VECTOR('',#10503,10.);
#2806=VECTOR('',#10512,10.);
#2807=VECTOR('',#10515,10.);
#2808=VECTOR('',#10518,10.);
#2809=VECTOR('',#10523,10.);
#2810=VECTOR('',#10526,10.);
#2811=VECTOR('',#10531,10.);
#2812=VECTOR('',#10534,10.);
#2813=VECTOR('',#10541,10.);
#2814=VECTOR('',#10544,10.);
#2815=VECTOR('',#10565,2.3);
#2816=VECTOR('',#10568,10.);
#2817=VECTOR('',#10569,10.);
#2818=VECTOR('',#10570,10.);
#2819=VECTOR('',#10571,10.);
#2820=VECTOR('',#10572,10.);
#2821=VECTOR('',#10573,10.);
#2822=VECTOR('',#10574,10.);
#2823=VECTOR('',#10575,10.);
#2824=VECTOR('',#10578,10.);
#2825=VECTOR('',#10579,10.);
#2826=VECTOR('',#10580,10.);
#2827=VECTOR('',#10583,10.);
#2828=VECTOR('',#10584,10.);
#2829=VECTOR('',#10587,10.);
#2830=VECTOR('',#10588,10.);
#2831=VECTOR('',#10591,10.);
#2832=VECTOR('',#10592,10.);
#2833=VECTOR('',#10595,10.);
#2834=VECTOR('',#10596,10.);
#2835=VECTOR('',#10599,10.);
#2836=VECTOR('',#10600,10.);
#2837=VECTOR('',#10603,10.);
#2838=VECTOR('',#10604,10.);
#2839=VECTOR('',#10607,10.);
#2840=VECTOR('',#10612,7.19999999999998);
#2841=VECTOR('',#10619,6.52499999999998);
#2842=VECTOR('',#10626,10.);
#2843=VECTOR('',#10627,10.);
#2844=VECTOR('',#10628,10.);
#2845=VECTOR('',#10629,10.);
#2846=VECTOR('',#10632,10.);
#2847=VECTOR('',#10633,10.);
#2848=VECTOR('',#10634,10.);
#2849=VECTOR('',#10637,10.);
#2850=VECTOR('',#10638,10.);
#2851=VECTOR('',#10641,10.);
#2852=VECTOR('',#10642,10.);
#2853=VECTOR('',#10645,10.);
#2854=VECTOR('',#10648,10.);
#2855=VECTOR('',#10649,10.);
#2856=VECTOR('',#10650,10.);
#2857=VECTOR('',#10651,10.);
#2858=VECTOR('',#10654,10.);
#2859=VECTOR('',#10655,10.);
#2860=VECTOR('',#10656,10.);
#2861=VECTOR('',#10659,10.);
#2862=VECTOR('',#10660,10.);
#2863=VECTOR('',#10661,10.);
#2864=VECTOR('',#10664,10.);
#2865=VECTOR('',#10665,10.);
#2866=VECTOR('',#10672,10.);
#2867=VECTOR('',#10673,10.);
#2868=VECTOR('',#10674,10.);
#2869=VECTOR('',#10677,10.);
#2870=VECTOR('',#10684,10.);
#2871=VECTOR('',#10687,10.);
#2872=VECTOR('',#10690,10.);
#2873=VECTOR('',#10695,10.);
#2874=VECTOR('',#10698,10.);
#2875=VECTOR('',#10701,10.);
#2876=VECTOR('',#10702,10.);
#2877=VECTOR('',#10703,10.);
#2878=VECTOR('',#10706,10.);
#2879=VECTOR('',#10709,10.);
#2880=VECTOR('',#10712,10.);
#2881=VECTOR('',#10715,10.);
#2882=VECTOR('',#10718,10.);
#2883=VECTOR('',#10721,10.);
#2884=VECTOR('',#10724,10.);
#2885=VECTOR('',#10727,10.);
#2886=VECTOR('',#10730,10.);
#2887=VECTOR('',#10733,10.);
#2888=VECTOR('',#10736,10.);
#2889=VECTOR('',#10739,10.);
#2890=VECTOR('',#10740,10.);
#2891=VECTOR('',#10747,10.);
#2892=VECTOR('',#10748,10.);
#2893=VECTOR('',#10749,10.);
#2894=VECTOR('',#10752,10.);
#2895=VECTOR('',#10753,10.);
#2896=VECTOR('',#10754,10.);
#2897=VECTOR('',#10757,10.);
#2898=VECTOR('',#10760,10.);
#2899=VECTOR('',#10763,10.);
#2900=VECTOR('',#10766,10.);
#2901=VECTOR('',#10769,10.);
#2902=VECTOR('',#10772,10.);
#2903=VECTOR('',#10775,10.);
#2904=VECTOR('',#10778,10.);
#2905=VECTOR('',#10781,10.);
#2906=VECTOR('',#10784,10.);
#2907=VECTOR('',#10787,10.);
#2908=VECTOR('',#10790,10.);
#2909=VECTOR('',#10791,10.);
#2910=VECTOR('',#10792,10.);
#2911=VECTOR('',#10795,10.);
#2912=VECTOR('',#10800,10.);
#2913=VECTOR('',#10803,10.);
#2914=VECTOR('',#10806,10.);
#2915=VECTOR('',#10807,10.);
#2916=VECTOR('',#10812,10.);
#2917=VECTOR('',#10815,10.);
#2918=VECTOR('',#10818,10.);
#2919=VECTOR('',#10819,10.);
#2920=VECTOR('',#10824,10.);
#2921=VECTOR('',#10827,10.);
#2922=VECTOR('',#10830,10.);
#2923=VECTOR('',#10831,10.);
#2924=VECTOR('',#10838,10.);
#2925=VECTOR('',#10839,10.);
#2926=VECTOR('',#10844,10.);
#2927=VECTOR('',#10845,10.);
#2928=VECTOR('',#10852,10.);
#2929=VECTOR('',#10855,10.);
#2930=VECTOR('',#10858,10.);
#2931=VECTOR('',#10859,10.);
#2932=VECTOR('',#10864,10.);
#2933=VECTOR('',#10867,10.);
#2934=VECTOR('',#10870,10.);
#2935=VECTOR('',#10871,10.);
#2936=VECTOR('',#10876,10.);
#2937=VECTOR('',#10879,10.);
#2938=VECTOR('',#10882,10.);
#2939=VECTOR('',#10885,10.);
#2940=VECTOR('',#10888,10.);
#2941=VECTOR('',#10891,10.);
#2942=VECTOR('',#10894,10.);
#2943=VECTOR('',#10895,10.);
#2944=VECTOR('',#10900,10.);
#2945=VECTOR('',#10903,10.);
#2946=VECTOR('',#10906,10.);
#2947=VECTOR('',#10907,10.);
#2948=VECTOR('',#10912,10.);
#2949=VECTOR('',#10915,10.);
#2950=VECTOR('',#10918,10.);
#2951=VECTOR('',#10919,10.);
#2952=VECTOR('',#10926,2.5);
#2953=VECTOR('',#10933,2.5);
#2954=VECTOR('',#10938,10.);
#2955=VECTOR('',#10941,10.);
#2956=VECTOR('',#10944,10.);
#2957=VECTOR('',#10945,10.);
#2958=VECTOR('',#10950,10.);
#2959=VECTOR('',#10953,10.);
#2960=VECTOR('',#10956,10.);
#2961=VECTOR('',#10957,10.);
#2962=VECTOR('',#10964,10.);
#2963=VECTOR('',#10967,10.);
#2964=VECTOR('',#10972,10.);
#2965=VECTOR('',#10975,10.);
#2966=VECTOR('',#10984,10.);
#2967=VECTOR('',#10985,10.);
#2968=VECTOR('',#10988,10.);
#2969=VECTOR('',#10991,10.);
#2970=VECTOR('',#10994,10.);
#2971=VECTOR('',#10995,10.);
#2972=VECTOR('',#11002,10.);
#2973=VECTOR('',#11005,10.);
#2974=VECTOR('',#11008,10.);
#2975=VECTOR('',#11011,10.);
#2976=VECTOR('',#11012,10.);
#2977=VECTOR('',#11013,10.);
#2978=VECTOR('',#11014,10.);
#2979=VECTOR('',#11015,10.);
#2980=VECTOR('',#11016,10.);
#2981=VECTOR('',#11017,10.);
#2982=VECTOR('',#11018,10.);
#2983=VECTOR('',#11019,10.);
#2984=VECTOR('',#11020,10.);
#2985=VECTOR('',#11021,10.);
#2986=VECTOR('',#11022,10.);
#2987=VECTOR('',#11023,10.);
#2988=VECTOR('',#11024,10.);
#2989=VECTOR('',#11025,10.);
#2990=VECTOR('',#11026,10.);
#2991=VECTOR('',#11027,10.);
#2992=VECTOR('',#11030,10.);
#2993=VECTOR('',#11033,10.);
#2994=VECTOR('',#11044,10.);
#2995=VECTOR('',#11053,10.);
#2996=VECTOR('',#11068,10.);
#2997=VECTOR('',#11069,10.);
#2998=VECTOR('',#11088,10.);
#2999=VECTOR('',#11093,10.);
#3000=VECTOR('',#11096,10.);
#3001=VECTOR('',#11101,10.);
#3002=VECTOR('',#11102,10.);
#3003=VECTOR('',#11105,10.);
#3004=VECTOR('',#11108,10.);
#3005=VECTOR('',#11113,10.);
#3006=VECTOR('',#11116,10.);
#3007=VECTOR('',#11119,10.);
#3008=VECTOR('',#11122,10.);
#3009=VECTOR('',#11125,10.);
#3010=VECTOR('',#11126,10.);
#3011=VECTOR('',#11129,10.);
#3012=VECTOR('',#11132,10.);
#3013=VECTOR('',#11135,10.);
#3014=VECTOR('',#11138,10.);
#3015=VECTOR('',#11141,10.);
#3016=VECTOR('',#11150,10.);
#3017=VECTOR('',#11151,10.);
#3018=VECTOR('',#11154,10.);
#3019=VECTOR('',#11159,10.);
#3020=VECTOR('',#11166,10.);
#3021=VECTOR('',#11167,10.);
#3022=VECTOR('',#11170,10.);
#3023=VECTOR('',#11171,10.);
#3024=VECTOR('',#11178,10.);
#3025=VECTOR('',#11191,10.);
#3026=VECTOR('',#11196,10.);
#3027=VECTOR('',#11197,10.);
#3028=VECTOR('',#11198,10.);
#3029=VECTOR('',#11201,10.);
#3030=VECTOR('',#11202,10.);
#3031=VECTOR('',#11203,10.);
#3032=VECTOR('',#11206,10.);
#3033=VECTOR('',#11215,10.);
#3034=VECTOR('',#11218,10.);
#3035=VECTOR('',#11223,10.);
#3036=VECTOR('',#11226,10.);
#3037=VECTOR('',#11227,10.);
#3038=VECTOR('',#11230,10.);
#3039=VECTOR('',#11235,10.);
#3040=VECTOR('',#11238,10.);
#3041=VECTOR('',#11251,10.);
#3042=VECTOR('',#11254,10.);
#3043=VECTOR('',#11257,10.);
#3044=VECTOR('',#11262,10.);
#3045=VECTOR('',#11263,10.);
#3046=VECTOR('',#11264,10.);
#3047=VECTOR('',#11265,10.);
#3048=VECTOR('',#11270,10.);
#3049=VECTOR('',#11275,10.);
#3050=VECTOR('',#11276,10.);
#3051=VECTOR('',#11277,10.);
#3052=VECTOR('',#11282,10.);
#3053=VECTOR('',#11287,10.);
#3054=VECTOR('',#11288,10.);
#3055=VECTOR('',#11289,10.);
#3056=VECTOR('',#11294,10.);
#3057=VECTOR('',#11299,10.);
#3058=VECTOR('',#11300,10.);
#3059=VECTOR('',#11301,10.);
#3060=VECTOR('',#11306,10.);
#3061=VECTOR('',#11313,10.);
#3062=VECTOR('',#11320,10.);
#3063=VECTOR('',#11327,10.);
#3064=VECTOR('',#11334,10.);
#3065=VECTOR('',#11341,10.);
#3066=VECTOR('',#11348,10.);
#3067=VECTOR('',#11353,10.);
#3068=VECTOR('',#11354,10.);
#3069=VECTOR('',#11355,10.);
#3070=VECTOR('',#11364,10.);
#3071=VECTOR('',#11365,10.);
#3072=VECTOR('',#11366,10.);
#3073=VECTOR('',#11371,10.);
#3074=VECTOR('',#11376,10.);
#3075=VECTOR('',#11389,10.);
#3076=VECTOR('',#11394,10.);
#3077=VECTOR('',#11399,10.);
#3078=VECTOR('',#11402,10.);
#3079=VECTOR('',#11403,10.);
#3080=VECTOR('',#11408,10.);
#3081=VECTOR('',#11411,10.);
#3082=VECTOR('',#11412,10.);
#3083=VECTOR('',#11417,10.);
#3084=VECTOR('',#11420,10.);
#3085=VECTOR('',#11421,10.);
#3086=VECTOR('',#11426,10.);
#3087=VECTOR('',#11429,10.);
#3088=VECTOR('',#11430,10.);
#3089=VECTOR('',#11437,10.);
#3090=VECTOR('',#11438,10.);
#3091=VECTOR('',#11439,10.);
#3092=VECTOR('',#11440,10.);
#3093=VECTOR('',#11447,10.);
#3094=VECTOR('',#11450,10.);
#3095=VECTOR('',#11451,10.);
#3096=VECTOR('',#11452,10.);
#3097=VECTOR('',#11459,10.);
#3098=VECTOR('',#11462,10.);
#3099=VECTOR('',#11463,10.);
#3100=VECTOR('',#11464,10.);
#3101=VECTOR('',#11471,10.);
#3102=VECTOR('',#11474,10.);
#3103=VECTOR('',#11475,10.);
#3104=VECTOR('',#11476,10.);
#3105=VECTOR('',#11483,10.);
#3106=VECTOR('',#11490,10.);
#3107=VECTOR('',#11497,10.);
#3108=VECTOR('',#11504,10.);
#3109=VECTOR('',#11511,10.);
#3110=VECTOR('',#11518,10.);
#3111=VECTOR('',#11525,10.);
#3112=VECTOR('',#11528,10.);
#3113=VECTOR('',#11529,10.);
#3114=VECTOR('',#11530,10.);
#3115=VECTOR('',#11541,10.);
#3116=VECTOR('',#11542,10.);
#3117=VECTOR('',#11543,10.);
#3118=VECTOR('',#11548,10.);
#3119=VECTOR('',#11553,10.);
#3120=VECTOR('',#11566,10.);
#3121=VECTOR('',#11571,10.);
#3122=VECTOR('',#11576,10.);
#3123=VECTOR('',#11579,10.);
#3124=VECTOR('',#11580,10.);
#3125=VECTOR('',#11585,10.);
#3126=VECTOR('',#11588,10.);
#3127=VECTOR('',#11589,10.);
#3128=VECTOR('',#11594,10.);
#3129=VECTOR('',#11597,10.);
#3130=VECTOR('',#11598,10.);
#3131=VECTOR('',#11603,10.);
#3132=VECTOR('',#11606,10.);
#3133=VECTOR('',#11607,10.);
#3134=VECTOR('',#11616,3.005);
#3135=VECTOR('',#11619,3.005);
#3136=VECTOR('',#11622,3.005);
#3137=VECTOR('',#11625,3.005);
#3138=VECTOR('',#11632,1.);
#3139=VECTOR('',#11645,1.);
#3140=VECTOR('',#11652,10.);
#3141=VECTOR('',#11653,10.);
#3142=VECTOR('',#11654,10.);
#3143=VECTOR('',#11655,10.);
#3144=VECTOR('',#11656,10.);
#3145=VECTOR('',#11657,10.);
#3146=VECTOR('',#11660,10.);
#3147=VECTOR('',#11661,10.);
#3148=VECTOR('',#11662,10.);
#3149=VECTOR('',#11663,10.);
#3150=VECTOR('',#11664,10.);
#3151=VECTOR('',#11665,10.);
#3152=VECTOR('',#11668,10.);
#3153=VECTOR('',#11669,10.);
#3154=VECTOR('',#11670,10.);
#3155=VECTOR('',#11671,10.);
#3156=VECTOR('',#11672,10.);
#3157=VECTOR('',#11673,10.);
#3158=VECTOR('',#11676,10.);
#3159=VECTOR('',#11677,10.);
#3160=VECTOR('',#11678,10.);
#3161=VECTOR('',#11679,10.);
#3162=VECTOR('',#11682,10.);
#3163=VECTOR('',#11683,10.);
#3164=VECTOR('',#11684,10.);
#3165=VECTOR('',#11685,10.);
#3166=VECTOR('',#11690,10.);
#3167=VECTOR('',#11693,10.);
#3168=VECTOR('',#11696,10.);
#3169=VECTOR('',#11697,10.);
#3170=VECTOR('',#11702,10.);
#3171=VECTOR('',#11707,10.);
#3172=VECTOR('',#11708,10.);
#3173=VECTOR('',#11713,10.);
#3174=VECTOR('',#11718,10.);
#3175=VECTOR('',#11719,10.);
#3176=VECTOR('',#11724,10.);
#3177=VECTOR('',#11729,10.);
#3178=VECTOR('',#11730,10.);
#3179=VECTOR('',#11735,10.);
#3180=VECTOR('',#11740,10.);
#3181=VECTOR('',#11741,10.);
#3182=VECTOR('',#11746,10.);
#3183=VECTOR('',#11751,10.);
#3184=VECTOR('',#11752,10.);
#3185=VECTOR('',#11753,10.);
#3186=VECTOR('',#11758,10.);
#3187=VECTOR('',#11763,10.);
#3188=VECTOR('',#11764,10.);
#3189=VECTOR('',#11765,10.);
#3190=VECTOR('',#11770,10.);
#3191=VECTOR('',#11775,10.);
#3192=VECTOR('',#11776,10.);
#3193=VECTOR('',#11779,10.);
#3194=VECTOR('',#11786,10.);
#3195=VECTOR('',#11793,10.);
#3196=VECTOR('',#11810,2.);
#3197=VECTOR('',#11815,10.);
#3198=VECTOR('',#11818,10.);
#3199=VECTOR('',#11821,10.);
#3200=VECTOR('',#11822,10.);
#3201=VECTOR('',#11823,10.);
#3202=VECTOR('',#11830,10.);
#3203=VECTOR('',#11833,10.);
#3204=VECTOR('',#11834,10.);
#3205=VECTOR('',#11835,10.);
#3206=VECTOR('',#11842,10.);
#3207=VECTOR('',#11845,10.);
#3208=VECTOR('',#11846,10.);
#3209=VECTOR('',#11847,10.);
#3210=VECTOR('',#11854,10.);
#3211=VECTOR('',#11857,10.);
#3212=VECTOR('',#11858,10.);
#3213=VECTOR('',#11859,10.);
#3214=VECTOR('',#11866,10.);
#3215=VECTOR('',#11869,10.);
#3216=VECTOR('',#11870,10.);
#3217=VECTOR('',#11871,10.);
#3218=VECTOR('',#11878,10.);
#3219=VECTOR('',#11881,10.);
#3220=VECTOR('',#11882,10.);
#3221=VECTOR('',#11883,10.);
#3222=VECTOR('',#11890,10.);
#3223=VECTOR('',#11893,10.);
#3224=VECTOR('',#11894,10.);
#3225=VECTOR('',#11895,10.);
#3226=VECTOR('',#11902,10.);
#3227=VECTOR('',#11905,10.);
#3228=VECTOR('',#11906,10.);
#3229=VECTOR('',#11911,10.);
#3230=VECTOR('',#11912,10.);
#3231=VECTOR('',#11919,10.);
#3232=VECTOR('',#11920,10.);
#3233=VECTOR('',#11927,10.);
#3234=VECTOR('',#11928,10.);
#3235=VECTOR('',#11933,10.);
#3236=VECTOR('',#11936,10.);
#3237=VECTOR('',#11937,10.);
#3238=VECTOR('',#11942,10.);
#3239=VECTOR('',#11945,10.);
#3240=VECTOR('',#11946,10.);
#3241=VECTOR('',#11951,10.);
#3242=VECTOR('',#11954,10.);
#3243=VECTOR('',#11955,10.);
#3244=VECTOR('',#11960,10.);
#3245=VECTOR('',#11963,10.);
#3246=VECTOR('',#11964,10.);
#3247=VECTOR('',#11969,10.);
#3248=VECTOR('',#11972,10.);
#3249=VECTOR('',#11973,10.);
#3250=VECTOR('',#11984,1.78529250000004);
#3251=VECTOR('',#11991,2.);
#3252=VECTOR('',#12004,10.);
#3253=VECTOR('',#12007,10.);
#3254=VECTOR('',#12016,10.);
#3255=VECTOR('',#12019,10.);
#3256=VECTOR('',#12028,10.);
#3257=VECTOR('',#12033,10.);
#3258=VECTOR('',#12042,10.);
#3259=VECTOR('',#12045,10.);
#3260=VECTOR('',#12078,3.96907472454028);
#3261=VECTOR('',#12081,10.);
#3262=VECTOR('',#12084,10.);
#3263=VECTOR('',#12087,10.);
#3264=VECTOR('',#12092,10.);
#3265=VECTOR('',#12095,10.);
#3266=VECTOR('',#12098,10.);
#3267=VECTOR('',#12101,10.);
#3268=VECTOR('',#12106,10.);
#3269=VECTOR('',#12113,0.682681237368876);
#3270=VECTOR('',#12122,1.810555);
#3271=VECTOR('',#12125,1.90527749999999);
#3272=VECTOR('',#12130,1.78529250000004);
#3273=VECTOR('',#12137,2.);
#3274=VECTOR('',#12150,10.);
#3275=VECTOR('',#12153,10.);
#3276=VECTOR('',#12162,10.);
#3277=VECTOR('',#12165,10.);
#3278=VECTOR('',#12174,10.);
#3279=VECTOR('',#12179,10.);
#3280=VECTOR('',#12188,10.);
#3281=VECTOR('',#12191,10.);
#3282=VECTOR('',#12224,3.96907472454028);
#3283=VECTOR('',#12227,10.);
#3284=VECTOR('',#12230,10.);
#3285=VECTOR('',#12233,10.);
#3286=VECTOR('',#12238,10.);
#3287=VECTOR('',#12241,10.);
#3288=VECTOR('',#12244,10.);
#3289=VECTOR('',#12247,10.);
#3290=VECTOR('',#12252,10.);
#3291=VECTOR('',#12259,0.682681237368876);
#3292=VECTOR('',#12268,1.810555);
#3293=VECTOR('',#12271,1.90527749999999);
#3294=VERTEX_POINT('',#12274);
#3295=VERTEX_POINT('',#12275);
#3296=VERTEX_POINT('',#12277);
#3297=VERTEX_POINT('',#12292);
#3298=VERTEX_POINT('',#12312);
#3299=VERTEX_POINT('',#12314);
#3300=VERTEX_POINT('',#12316);
#3301=VERTEX_POINT('',#12318);
#3302=VERTEX_POINT('',#12322);
#3303=VERTEX_POINT('',#12324);
#3304=VERTEX_POINT('',#12327);
#3305=VERTEX_POINT('',#12329);
#3306=VERTEX_POINT('',#12361);
#3307=VERTEX_POINT('',#12363);
#3308=VERTEX_POINT('',#12367);
#3309=VERTEX_POINT('',#12371);
#3310=VERTEX_POINT('',#12373);
#3311=VERTEX_POINT('',#12377);
#3312=VERTEX_POINT('',#12410);
#3313=VERTEX_POINT('',#12414);
#3314=VERTEX_POINT('',#12416);
#3315=VERTEX_POINT('',#12429);
#3316=VERTEX_POINT('',#12433);
#3317=VERTEX_POINT('',#12434);
#3318=VERTEX_POINT('',#12439);
#3319=VERTEX_POINT('',#12444);
#3320=VERTEX_POINT('',#12446);
#3321=VERTEX_POINT('',#12451);
#3322=VERTEX_POINT('',#12456);
#3323=VERTEX_POINT('',#12458);
#3324=VERTEX_POINT('',#12461);
#3325=VERTEX_POINT('',#12464);
#3326=VERTEX_POINT('',#12466);
#3327=VERTEX_POINT('',#12468);
#3328=VERTEX_POINT('',#12476);
#3329=VERTEX_POINT('',#12478);
#3330=VERTEX_POINT('',#12486);
#3331=VERTEX_POINT('',#12488);
#3332=VERTEX_POINT('',#12508);
#3333=VERTEX_POINT('',#12510);
#3334=VERTEX_POINT('',#12527);
#3335=VERTEX_POINT('',#12529);
#3336=VERTEX_POINT('',#12531);
#3337=VERTEX_POINT('',#12533);
#3338=VERTEX_POINT('',#12537);
#3339=VERTEX_POINT('',#12544);
#3340=VERTEX_POINT('',#12552);
#3341=VERTEX_POINT('',#12559);
#3342=VERTEX_POINT('',#12569);
#3343=VERTEX_POINT('',#12576);
#3344=VERTEX_POINT('',#12584);
#3345=VERTEX_POINT('',#12591);
#3346=VERTEX_POINT('',#12601);
#3347=VERTEX_POINT('',#12607);
#3348=VERTEX_POINT('',#12616);
#3349=VERTEX_POINT('',#12617);
#3350=VERTEX_POINT('',#12639);
#3351=VERTEX_POINT('',#12641);
#3352=VERTEX_POINT('',#12643);
#3353=VERTEX_POINT('',#12645);
#3354=VERTEX_POINT('',#12647);
#3355=VERTEX_POINT('',#12659);
#3356=VERTEX_POINT('',#12661);
#3357=VERTEX_POINT('',#12665);
#3358=VERTEX_POINT('',#12669);
#3359=VERTEX_POINT('',#12740);
#3360=VERTEX_POINT('',#12768);
#3361=VERTEX_POINT('',#12812);
#3362=VERTEX_POINT('',#12813);
#3363=VERTEX_POINT('',#12849);
#3364=VERTEX_POINT('',#12850);
#3365=VERTEX_POINT('',#12852);
#3366=VERTEX_POINT('',#12854);
#3367=VERTEX_POINT('',#12856);
#3368=VERTEX_POINT('',#12858);
#3369=VERTEX_POINT('',#12860);
#3370=VERTEX_POINT('',#12862);
#3371=VERTEX_POINT('',#12866);
#3372=VERTEX_POINT('',#12868);
#3373=VERTEX_POINT('',#12872);
#3374=VERTEX_POINT('',#12876);
#3375=VERTEX_POINT('',#12880);
#3376=VERTEX_POINT('',#12884);
#3377=VERTEX_POINT('',#12888);
#3378=VERTEX_POINT('',#12892);
#3379=VERTEX_POINT('',#12898);
#3380=VERTEX_POINT('',#12900);
#3381=VERTEX_POINT('',#12904);
#3382=VERTEX_POINT('',#12906);
#3383=VERTEX_POINT('',#12911);
#3384=VERTEX_POINT('',#12912);
#3385=VERTEX_POINT('',#12914);
#3386=VERTEX_POINT('',#12916);
#3387=VERTEX_POINT('',#12920);
#3388=VERTEX_POINT('',#12922);
#3389=VERTEX_POINT('',#12926);
#3390=VERTEX_POINT('',#12930);
#3391=VERTEX_POINT('',#12936);
#3392=VERTEX_POINT('',#12937);
#3393=VERTEX_POINT('',#12939);
#3394=VERTEX_POINT('',#12941);
#3395=VERTEX_POINT('',#12945);
#3396=VERTEX_POINT('',#12947);
#3397=VERTEX_POINT('',#12951);
#3398=VERTEX_POINT('',#12953);
#3399=VERTEX_POINT('',#12962);
#3400=VERTEX_POINT('',#12963);
#3401=VERTEX_POINT('',#12965);
#3402=VERTEX_POINT('',#12967);
#3403=VERTEX_POINT('',#12971);
#3404=VERTEX_POINT('',#12972);
#3405=VERTEX_POINT('',#12974);
#3406=VERTEX_POINT('',#12976);
#3407=VERTEX_POINT('',#12980);
#3408=VERTEX_POINT('',#12981);
#3409=VERTEX_POINT('',#12983);
#3410=VERTEX_POINT('',#12985);
#3411=VERTEX_POINT('',#12989);
#3412=VERTEX_POINT('',#12990);
#3413=VERTEX_POINT('',#12992);
#3414=VERTEX_POINT('',#12994);
#3415=VERTEX_POINT('',#12998);
#3416=VERTEX_POINT('',#12999);
#3417=VERTEX_POINT('',#13001);
#3418=VERTEX_POINT('',#13003);
#3419=VERTEX_POINT('',#13007);
#3420=VERTEX_POINT('',#13008);
#3421=VERTEX_POINT('',#13010);
#3422=VERTEX_POINT('',#13012);
#3423=VERTEX_POINT('',#13016);
#3424=VERTEX_POINT('',#13017);
#3425=VERTEX_POINT('',#13019);
#3426=VERTEX_POINT('',#13021);
#3427=VERTEX_POINT('',#13025);
#3428=VERTEX_POINT('',#13026);
#3429=VERTEX_POINT('',#13028);
#3430=VERTEX_POINT('',#13030);
#3431=VERTEX_POINT('',#13034);
#3432=VERTEX_POINT('',#13035);
#3433=VERTEX_POINT('',#13037);
#3434=VERTEX_POINT('',#13039);
#3435=VERTEX_POINT('',#13043);
#3436=VERTEX_POINT('',#13044);
#3437=VERTEX_POINT('',#13046);
#3438=VERTEX_POINT('',#13048);
#3439=VERTEX_POINT('',#13052);
#3440=VERTEX_POINT('',#13053);
#3441=VERTEX_POINT('',#13055);
#3442=VERTEX_POINT('',#13057);
#3443=VERTEX_POINT('',#13061);
#3444=VERTEX_POINT('',#13062);
#3445=VERTEX_POINT('',#13064);
#3446=VERTEX_POINT('',#13066);
#3447=VERTEX_POINT('',#13070);
#3448=VERTEX_POINT('',#13071);
#3449=VERTEX_POINT('',#13073);
#3450=VERTEX_POINT('',#13075);
#3451=VERTEX_POINT('',#13079);
#3452=VERTEX_POINT('',#13080);
#3453=VERTEX_POINT('',#13082);
#3454=VERTEX_POINT('',#13084);
#3455=VERTEX_POINT('',#13088);
#3456=VERTEX_POINT('',#13089);
#3457=VERTEX_POINT('',#13091);
#3458=VERTEX_POINT('',#13093);
#3459=VERTEX_POINT('',#13097);
#3460=VERTEX_POINT('',#13098);
#3461=VERTEX_POINT('',#13100);
#3462=VERTEX_POINT('',#13102);
#3463=VERTEX_POINT('',#13106);
#3464=VERTEX_POINT('',#13107);
#3465=VERTEX_POINT('',#13109);
#3466=VERTEX_POINT('',#13111);
#3467=VERTEX_POINT('',#13115);
#3468=VERTEX_POINT('',#13116);
#3469=VERTEX_POINT('',#13118);
#3470=VERTEX_POINT('',#13120);
#3471=VERTEX_POINT('',#13124);
#3472=VERTEX_POINT('',#13125);
#3473=VERTEX_POINT('',#13127);
#3474=VERTEX_POINT('',#13129);
#3475=VERTEX_POINT('',#13133);
#3476=VERTEX_POINT('',#13134);
#3477=VERTEX_POINT('',#13136);
#3478=VERTEX_POINT('',#13138);
#3479=VERTEX_POINT('',#13142);
#3480=VERTEX_POINT('',#13143);
#3481=VERTEX_POINT('',#13145);
#3482=VERTEX_POINT('',#13147);
#3483=VERTEX_POINT('',#13151);
#3484=VERTEX_POINT('',#13152);
#3485=VERTEX_POINT('',#13154);
#3486=VERTEX_POINT('',#13156);
#3487=VERTEX_POINT('',#13160);
#3488=VERTEX_POINT('',#13161);
#3489=VERTEX_POINT('',#13163);
#3490=VERTEX_POINT('',#13165);
#3491=VERTEX_POINT('',#13169);
#3492=VERTEX_POINT('',#13170);
#3493=VERTEX_POINT('',#13172);
#3494=VERTEX_POINT('',#13174);
#3495=VERTEX_POINT('',#13178);
#3496=VERTEX_POINT('',#13179);
#3497=VERTEX_POINT('',#13181);
#3498=VERTEX_POINT('',#13183);
#3499=VERTEX_POINT('',#13187);
#3500=VERTEX_POINT('',#13188);
#3501=VERTEX_POINT('',#13190);
#3502=VERTEX_POINT('',#13192);
#3503=VERTEX_POINT('',#13196);
#3504=VERTEX_POINT('',#13198);
#3505=VERTEX_POINT('',#13202);
#3506=VERTEX_POINT('',#13204);
#3507=VERTEX_POINT('',#13208);
#3508=VERTEX_POINT('',#13210);
#3509=VERTEX_POINT('',#13220);
#3510=VERTEX_POINT('',#13222);
#3511=VERTEX_POINT('',#13256);
#3512=VERTEX_POINT('',#13258);
#3513=VERTEX_POINT('',#13268);
#3514=VERTEX_POINT('',#13270);
#3515=VERTEX_POINT('',#13304);
#3516=VERTEX_POINT('',#13306);
#3517=VERTEX_POINT('',#13308);
#3518=VERTEX_POINT('',#13310);
#3519=VERTEX_POINT('',#13312);
#3520=VERTEX_POINT('',#13316);
#3521=VERTEX_POINT('',#13319);
#3522=VERTEX_POINT('',#13321);
#3523=VERTEX_POINT('',#13325);
#3524=VERTEX_POINT('',#13329);
#3525=VERTEX_POINT('',#13330);
#3526=VERTEX_POINT('',#13335);
#3527=VERTEX_POINT('',#13341);
#3528=VERTEX_POINT('',#13347);
#3529=VERTEX_POINT('',#13350);
#3530=VERTEX_POINT('',#13354);
#3531=VERTEX_POINT('',#13358);
#3532=VERTEX_POINT('',#13360);
#3533=VERTEX_POINT('',#13362);
#3534=VERTEX_POINT('',#13377);
#3535=VERTEX_POINT('',#13379);
#3536=VERTEX_POINT('',#13383);
#3537=VERTEX_POINT('',#13385);
#3538=VERTEX_POINT('',#13391);
#3539=VERTEX_POINT('',#13392);
#3540=VERTEX_POINT('',#13394);
#3541=VERTEX_POINT('',#13396);
#3542=VERTEX_POINT('',#13398);
#3543=VERTEX_POINT('',#13400);
#3544=VERTEX_POINT('',#13402);
#3545=VERTEX_POINT('',#13404);
#3546=VERTEX_POINT('',#13408);
#3547=VERTEX_POINT('',#13410);
#3548=VERTEX_POINT('',#13414);
#3549=VERTEX_POINT('',#13418);
#3550=VERTEX_POINT('',#13422);
#3551=VERTEX_POINT('',#13426);
#3552=VERTEX_POINT('',#13430);
#3553=VERTEX_POINT('',#13434);
#3554=VERTEX_POINT('',#13440);
#3555=VERTEX_POINT('',#13442);
#3556=VERTEX_POINT('',#13446);
#3557=VERTEX_POINT('',#13448);
#3558=VERTEX_POINT('',#13453);
#3559=VERTEX_POINT('',#13454);
#3560=VERTEX_POINT('',#13456);
#3561=VERTEX_POINT('',#13458);
#3562=VERTEX_POINT('',#13462);
#3563=VERTEX_POINT('',#13464);
#3564=VERTEX_POINT('',#13468);
#3565=VERTEX_POINT('',#13472);
#3566=VERTEX_POINT('',#13478);
#3567=VERTEX_POINT('',#13479);
#3568=VERTEX_POINT('',#13481);
#3569=VERTEX_POINT('',#13483);
#3570=VERTEX_POINT('',#13487);
#3571=VERTEX_POINT('',#13489);
#3572=VERTEX_POINT('',#13493);
#3573=VERTEX_POINT('',#13495);
#3574=VERTEX_POINT('',#13504);
#3575=VERTEX_POINT('',#13505);
#3576=VERTEX_POINT('',#13507);
#3577=VERTEX_POINT('',#13509);
#3578=VERTEX_POINT('',#13511);
#3579=VERTEX_POINT('',#13513);
#3580=VERTEX_POINT('',#13517);
#3581=VERTEX_POINT('',#13519);
#3582=VERTEX_POINT('',#13521);
#3583=VERTEX_POINT('',#13523);
#3584=VERTEX_POINT('',#13525);
#3585=VERTEX_POINT('',#13527);
#3586=VERTEX_POINT('',#13531);
#3587=VERTEX_POINT('',#13533);
#3588=VERTEX_POINT('',#13537);
#3589=VERTEX_POINT('',#13539);
#3590=VERTEX_POINT('',#13541);
#3591=VERTEX_POINT('',#13543);
#3592=VERTEX_POINT('',#13545);
#3593=VERTEX_POINT('',#13547);
#3594=VERTEX_POINT('',#13549);
#3595=VERTEX_POINT('',#13551);
#3596=VERTEX_POINT('',#13553);
#3597=VERTEX_POINT('',#13555);
#3598=VERTEX_POINT('',#13557);
#3599=VERTEX_POINT('',#13559);
#3600=VERTEX_POINT('',#13561);
#3601=VERTEX_POINT('',#13563);
#3602=VERTEX_POINT('',#13565);
#3603=VERTEX_POINT('',#13567);
#3604=VERTEX_POINT('',#13569);
#3605=VERTEX_POINT('',#13571);
#3606=VERTEX_POINT('',#13573);
#3607=VERTEX_POINT('',#13575);
#3608=VERTEX_POINT('',#13577);
#3609=VERTEX_POINT('',#13579);
#3610=VERTEX_POINT('',#13581);
#3611=VERTEX_POINT('',#13583);
#3612=VERTEX_POINT('',#13585);
#3613=VERTEX_POINT('',#13587);
#3614=VERTEX_POINT('',#13589);
#3615=VERTEX_POINT('',#13593);
#3616=VERTEX_POINT('',#13595);
#3617=VERTEX_POINT('',#13597);
#3618=VERTEX_POINT('',#13599);
#3619=VERTEX_POINT('',#13603);
#3620=VERTEX_POINT('',#13605);
#3621=VERTEX_POINT('',#13607);
#3622=VERTEX_POINT('',#13609);
#3623=VERTEX_POINT('',#13611);
#3624=VERTEX_POINT('',#13613);
#3625=VERTEX_POINT('',#13615);
#3626=VERTEX_POINT('',#13617);
#3627=VERTEX_POINT('',#13619);
#3628=VERTEX_POINT('',#13621);
#3629=VERTEX_POINT('',#13623);
#3630=VERTEX_POINT('',#13625);
#3631=VERTEX_POINT('',#13627);
#3632=VERTEX_POINT('',#13629);
#3633=VERTEX_POINT('',#13631);
#3634=VERTEX_POINT('',#13633);
#3635=VERTEX_POINT('',#13635);
#3636=VERTEX_POINT('',#13637);
#3637=VERTEX_POINT('',#13639);
#3638=VERTEX_POINT('',#13641);
#3639=VERTEX_POINT('',#13643);
#3640=VERTEX_POINT('',#13645);
#3641=VERTEX_POINT('',#13647);
#3642=VERTEX_POINT('',#13649);
#3643=VERTEX_POINT('',#13651);
#3644=VERTEX_POINT('',#13653);
#3645=VERTEX_POINT('',#13655);
#3646=VERTEX_POINT('',#13657);
#3647=VERTEX_POINT('',#13661);
#3648=VERTEX_POINT('',#13665);
#3649=VERTEX_POINT('',#13667);
#3650=VERTEX_POINT('',#13669);
#3651=VERTEX_POINT('',#13676);
#3652=VERTEX_POINT('',#13685);
#3653=VERTEX_POINT('',#13687);
#3654=VERTEX_POINT('',#13694);
#3655=VERTEX_POINT('',#13696);
#3656=VERTEX_POINT('',#13705);
#3657=VERTEX_POINT('',#13707);
#3658=VERTEX_POINT('',#13711);
#3659=VERTEX_POINT('',#13713);
#3660=VERTEX_POINT('',#13717);
#3661=VERTEX_POINT('',#13719);
#3662=VERTEX_POINT('',#13723);
#3663=VERTEX_POINT('',#13725);
#3664=VERTEX_POINT('',#13729);
#3665=VERTEX_POINT('',#13730);
#3666=VERTEX_POINT('',#13749);
#3667=VERTEX_POINT('',#13751);
#3668=VERTEX_POINT('',#13756);
#3669=VERTEX_POINT('',#13758);
#3670=VERTEX_POINT('',#13783);
#3671=VERTEX_POINT('',#13787);
#3672=VERTEX_POINT('',#13788);
#3673=VERTEX_POINT('',#13790);
#3674=VERTEX_POINT('',#13815);
#3675=VERTEX_POINT('',#13817);
#3676=VERTEX_POINT('',#13822);
#3677=VERTEX_POINT('',#13824);
#3678=VERTEX_POINT('',#13845);
#3679=VERTEX_POINT('',#13847);
#3680=VERTEX_POINT('',#13851);
#3681=VERTEX_POINT('',#13853);
#3682=VERTEX_POINT('',#13857);
#3683=VERTEX_POINT('',#13859);
#3684=VERTEX_POINT('',#13863);
#3685=VERTEX_POINT('',#13865);
#3686=VERTEX_POINT('',#13869);
#3687=VERTEX_POINT('',#13878);
#3688=VERTEX_POINT('',#13880);
#3689=VERTEX_POINT('',#13889);
#3690=VERTEX_POINT('',#13891);
#3691=VERTEX_POINT('',#13898);
#3692=VERTEX_POINT('',#13907);
#3693=VERTEX_POINT('',#13908);
#3694=VERTEX_POINT('',#13910);
#3695=VERTEX_POINT('',#13917);
#3696=VERTEX_POINT('',#13919);
#3697=VERTEX_POINT('',#13928);
#3698=VERTEX_POINT('',#13945);
#3699=VERTEX_POINT('',#13947);
#3700=VERTEX_POINT('',#13951);
#3701=VERTEX_POINT('',#13953);
#3702=VERTEX_POINT('',#13957);
#3703=VERTEX_POINT('',#13959);
#3704=VERTEX_POINT('',#13963);
#3705=VERTEX_POINT('',#13965);
#3706=VERTEX_POINT('',#13969);
#3707=VERTEX_POINT('',#13971);
#3708=VERTEX_POINT('',#13975);
#3709=VERTEX_POINT('',#13977);
#3710=VERTEX_POINT('',#13981);
#3711=VERTEX_POINT('',#13983);
#3712=VERTEX_POINT('',#13987);
#3713=VERTEX_POINT('',#13989);
#3714=VERTEX_POINT('',#13993);
#3715=VERTEX_POINT('',#13995);
#3716=VERTEX_POINT('',#13999);
#3717=VERTEX_POINT('',#14001);
#3718=VERTEX_POINT('',#14005);
#3719=VERTEX_POINT('',#14007);
#3720=VERTEX_POINT('',#14011);
#3721=VERTEX_POINT('',#14013);
#3722=VERTEX_POINT('',#14017);
#3723=VERTEX_POINT('',#14028);
#3724=VERTEX_POINT('',#14030);
#3725=VERTEX_POINT('',#14032);
#3726=VERTEX_POINT('',#14043);
#3727=VERTEX_POINT('',#14045);
#3728=VERTEX_POINT('',#14054);
#3729=VERTEX_POINT('',#14056);
#3730=VERTEX_POINT('',#14069);
#3731=VERTEX_POINT('',#14070);
#3732=VERTEX_POINT('',#14072);
#3733=VERTEX_POINT('',#14081);
#3734=VERTEX_POINT('',#14083);
#3735=VERTEX_POINT('',#14094);
#3736=VERTEX_POINT('',#14096);
#3737=VERTEX_POINT('',#14108);
#3738=VERTEX_POINT('',#14121);
#3739=VERTEX_POINT('',#14123);
#3740=VERTEX_POINT('',#14125);
#3741=VERTEX_POINT('',#14132);
#3742=VERTEX_POINT('',#14134);
#3743=VERTEX_POINT('',#14141);
#3744=VERTEX_POINT('',#14145);
#3745=VERTEX_POINT('',#14147);
#3746=VERTEX_POINT('',#14149);
#3747=VERTEX_POINT('',#14156);
#3748=VERTEX_POINT('',#14158);
#3749=VERTEX_POINT('',#14165);
#3750=VERTEX_POINT('',#14169);
#3751=VERTEX_POINT('',#14173);
#3752=VERTEX_POINT('',#14178);
#3753=VERTEX_POINT('',#14180);
#3754=VERTEX_POINT('',#14194);
#3755=VERTEX_POINT('',#14196);
#3756=VERTEX_POINT('',#14207);
#3757=VERTEX_POINT('',#14209);
#3758=VERTEX_POINT('',#14223);
#3759=VERTEX_POINT('',#14237);
#3760=VERTEX_POINT('',#14239);
#3761=VERTEX_POINT('',#14241);
#3762=VERTEX_POINT('',#14246);
#3763=VERTEX_POINT('',#14254);
#3764=VERTEX_POINT('',#14264);
#3765=VERTEX_POINT('',#14281);
#3766=VERTEX_POINT('',#14292);
#3767=VERTEX_POINT('',#14296);
#3768=VERTEX_POINT('',#14300);
#3769=VERTEX_POINT('',#14303);
#3770=VERTEX_POINT('',#14305);
#3771=VERTEX_POINT('',#14307);
#3772=VERTEX_POINT('',#14314);
#3773=VERTEX_POINT('',#14323);
#3774=VERTEX_POINT('',#14325);
#3775=VERTEX_POINT('',#14332);
#3776=VERTEX_POINT('',#14334);
#3777=VERTEX_POINT('',#14341);
#3778=VERTEX_POINT('',#14347);
#3779=VERTEX_POINT('',#14368);
#3780=VERTEX_POINT('',#14370);
#3781=VERTEX_POINT('',#14372);
#3782=VERTEX_POINT('',#14392);
#3783=VERTEX_POINT('',#14393);
#3784=VERTEX_POINT('',#14395);
#3785=VERTEX_POINT('',#14397);
#3786=VERTEX_POINT('',#14401);
#3787=VERTEX_POINT('',#14403);
#3788=VERTEX_POINT('',#14407);
#3789=VERTEX_POINT('',#14409);
#3790=VERTEX_POINT('',#14413);
#3791=VERTEX_POINT('',#14415);
#3792=VERTEX_POINT('',#14419);
#3793=VERTEX_POINT('',#14421);
#3794=VERTEX_POINT('',#14425);
#3795=VERTEX_POINT('',#14427);
#3796=VERTEX_POINT('',#14431);
#3797=VERTEX_POINT('',#14433);
#3798=VERTEX_POINT('',#14437);
#3799=VERTEX_POINT('',#14439);
#3800=VERTEX_POINT('',#14443);
#3801=VERTEX_POINT('',#14445);
#3802=VERTEX_POINT('',#14449);
#3803=VERTEX_POINT('',#14451);
#3804=VERTEX_POINT('',#14455);
#3805=VERTEX_POINT('',#14457);
#3806=VERTEX_POINT('',#14461);
#3807=VERTEX_POINT('',#14463);
#3808=VERTEX_POINT('',#14467);
#3809=VERTEX_POINT('',#14469);
#3810=VERTEX_POINT('',#14473);
#3811=VERTEX_POINT('',#14475);
#3812=VERTEX_POINT('',#14479);
#3813=VERTEX_POINT('',#14481);
#3814=VERTEX_POINT('',#14488);
#3815=VERTEX_POINT('',#14489);
#3816=VERTEX_POINT('',#14494);
#3817=VERTEX_POINT('',#14498);
#3818=VERTEX_POINT('',#14502);
#3819=VERTEX_POINT('',#14513);
#3820=VERTEX_POINT('',#14526);
#3821=VERTEX_POINT('',#14530);
#3822=VERTEX_POINT('',#14534);
#3823=VERTEX_POINT('',#14538);
#3824=VERTEX_POINT('',#14542);
#3825=VERTEX_POINT('',#14546);
#3826=VERTEX_POINT('',#14550);
#3827=VERTEX_POINT('',#14554);
#3828=VERTEX_POINT('',#14558);
#3829=VERTEX_POINT('',#14562);
#3830=VERTEX_POINT('',#14568);
#3831=VERTEX_POINT('',#14569);
#3832=VERTEX_POINT('',#14571);
#3833=VERTEX_POINT('',#14573);
#3834=VERTEX_POINT('',#14577);
#3835=VERTEX_POINT('',#14579);
#3836=VERTEX_POINT('',#14583);
#3837=VERTEX_POINT('',#14585);
#3838=VERTEX_POINT('',#14589);
#3839=VERTEX_POINT('',#14591);
#3840=VERTEX_POINT('',#14595);
#3841=VERTEX_POINT('',#14597);
#3842=VERTEX_POINT('',#14601);
#3843=VERTEX_POINT('',#14603);
#3844=VERTEX_POINT('',#14607);
#3845=VERTEX_POINT('',#14609);
#3846=VERTEX_POINT('',#14613);
#3847=VERTEX_POINT('',#14615);
#3848=VERTEX_POINT('',#14619);
#3849=VERTEX_POINT('',#14621);
#3850=VERTEX_POINT('',#14625);
#3851=VERTEX_POINT('',#14627);
#3852=VERTEX_POINT('',#14631);
#3853=VERTEX_POINT('',#14633);
#3854=VERTEX_POINT('',#14637);
#3855=VERTEX_POINT('',#14639);
#3856=VERTEX_POINT('',#14643);
#3857=VERTEX_POINT('',#14645);
#3858=VERTEX_POINT('',#14649);
#3859=VERTEX_POINT('',#14651);
#3860=VERTEX_POINT('',#14655);
#3861=VERTEX_POINT('',#14657);
#3862=VERTEX_POINT('',#14665);
#3863=VERTEX_POINT('',#14666);
#3864=VERTEX_POINT('',#14671);
#3865=VERTEX_POINT('',#14675);
#3866=VERTEX_POINT('',#14679);
#3867=VERTEX_POINT('',#14686);
#3868=VERTEX_POINT('',#14693);
#3869=VERTEX_POINT('',#14697);
#3870=VERTEX_POINT('',#14701);
#3871=VERTEX_POINT('',#14705);
#3872=VERTEX_POINT('',#14709);
#3873=VERTEX_POINT('',#14713);
#3874=VERTEX_POINT('',#14717);
#3875=VERTEX_POINT('',#14721);
#3876=VERTEX_POINT('',#14725);
#3877=VERTEX_POINT('',#14729);
#3878=VERTEX_POINT('',#14736);
#3879=VERTEX_POINT('',#14737);
#3880=VERTEX_POINT('',#14762);
#3881=VERTEX_POINT('',#14763);
#3882=VERTEX_POINT('',#14826);
#3883=VERTEX_POINT('',#14827);
#3884=VERTEX_POINT('',#14890);
#3885=VERTEX_POINT('',#14891);
#3886=VERTEX_POINT('',#14893);
#3887=VERTEX_POINT('',#14910);
#3888=VERTEX_POINT('',#14923);
#3889=VERTEX_POINT('',#15006);
#3890=VERTEX_POINT('',#15009);
#3891=VERTEX_POINT('',#15341);
#3892=VERTEX_POINT('',#15392);
#3893=VERTEX_POINT('',#15727);
#3894=VERTEX_POINT('',#15728);
#3895=VERTEX_POINT('',#15730);
#3896=VERTEX_POINT('',#15732);
#3897=VERTEX_POINT('',#15734);
#3898=VERTEX_POINT('',#15736);
#3899=VERTEX_POINT('',#15738);
#3900=VERTEX_POINT('',#15744);
#3901=VERTEX_POINT('',#15745);
#3902=VERTEX_POINT('',#15749);
#3903=VERTEX_POINT('',#15751);
#3904=VERTEX_POINT('',#15753);
#3905=VERTEX_POINT('',#15755);
#3906=VERTEX_POINT('',#15757);
#3907=VERTEX_POINT('',#15759);
#3908=VERTEX_POINT('',#15765);
#3909=VERTEX_POINT('',#15766);
#3910=VERTEX_POINT('',#15770);
#3911=VERTEX_POINT('',#15772);
#3912=VERTEX_POINT('',#15774);
#3913=VERTEX_POINT('',#15776);
#3914=VERTEX_POINT('',#15778);
#3915=VERTEX_POINT('',#15782);
#3916=VERTEX_POINT('',#15784);
#3917=VERTEX_POINT('',#15786);
#3918=VERTEX_POINT('',#15790);
#3919=VERTEX_POINT('',#15792);
#3920=VERTEX_POINT('',#15794);
#3921=VERTEX_POINT('',#15798);
#3922=VERTEX_POINT('',#15800);
#3923=VERTEX_POINT('',#15802);
#3924=VERTEX_POINT('',#15806);
#3925=VERTEX_POINT('',#15811);
#3926=VERTEX_POINT('',#15815);
#3927=VERTEX_POINT('',#15820);
#3928=VERTEX_POINT('',#15824);
#3929=VERTEX_POINT('',#15829);
#3930=VERTEX_POINT('',#15833);
#3931=VERTEX_POINT('',#15838);
#3932=VERTEX_POINT('',#15842);
#3933=VERTEX_POINT('',#15846);
#3934=VERTEX_POINT('',#15848);
#3935=VERTEX_POINT('',#15852);
#3936=VERTEX_POINT('',#15854);
#3937=VERTEX_POINT('',#15858);
#3938=VERTEX_POINT('',#15860);
#3939=VERTEX_POINT('',#15864);
#3940=VERTEX_POINT('',#15866);
#3941=VERTEX_POINT('',#15870);
#3942=VERTEX_POINT('',#15872);
#3943=VERTEX_POINT('',#15879);
#3944=VERTEX_POINT('',#15909);
#3945=VERTEX_POINT('',#15912);
#3946=VERTEX_POINT('',#15913);
#3947=VERTEX_POINT('',#15915);
#3948=VERTEX_POINT('',#15917);
#3949=VERTEX_POINT('',#15921);
#3950=VERTEX_POINT('',#15923);
#3951=VERTEX_POINT('',#15927);
#3952=VERTEX_POINT('',#15929);
#3953=VERTEX_POINT('',#15933);
#3954=VERTEX_POINT('',#15935);
#3955=VERTEX_POINT('',#15939);
#3956=VERTEX_POINT('',#15941);
#3957=VERTEX_POINT('',#15945);
#3958=VERTEX_POINT('',#15947);
#3959=VERTEX_POINT('',#15951);
#3960=VERTEX_POINT('',#15953);
#3961=VERTEX_POINT('',#15957);
#3962=VERTEX_POINT('',#15959);
#3963=VERTEX_POINT('',#15963);
#3964=VERTEX_POINT('',#15965);
#3965=VERTEX_POINT('',#15969);
#3966=VERTEX_POINT('',#15971);
#3967=VERTEX_POINT('',#15975);
#3968=VERTEX_POINT('',#15977);
#3969=VERTEX_POINT('',#15981);
#3970=VERTEX_POINT('',#15983);
#3971=VERTEX_POINT('',#15987);
#3972=VERTEX_POINT('',#15989);
#3973=VERTEX_POINT('',#15993);
#3974=VERTEX_POINT('',#15995);
#3975=VERTEX_POINT('',#15999);
#3976=VERTEX_POINT('',#16001);
#3977=VERTEX_POINT('',#16009);
#3978=VERTEX_POINT('',#16010);
#3979=VERTEX_POINT('',#16017);
#3980=VERTEX_POINT('',#16023);
#3981=VERTEX_POINT('',#16027);
#3982=VERTEX_POINT('',#16033);
#3983=VERTEX_POINT('',#16037);
#3984=VERTEX_POINT('',#16041);
#3985=VERTEX_POINT('',#16045);
#3986=VERTEX_POINT('',#16049);
#3987=VERTEX_POINT('',#16053);
#3988=VERTEX_POINT('',#16057);
#3989=VERTEX_POINT('',#16061);
#3990=VERTEX_POINT('',#16065);
#3991=VERTEX_POINT('',#16069);
#3992=VERTEX_POINT('',#16073);
#3993=VERTEX_POINT('',#16080);
#3994=VERTEX_POINT('',#16082);
#3995=VERTEX_POINT('',#16084);
#3996=VERTEX_POINT('',#16088);
#3997=VERTEX_POINT('',#16093);
#3998=VERTEX_POINT('',#16094);
#3999=VERTEX_POINT('',#16105);
#4000=VERTEX_POINT('',#16107);
#4001=VERTEX_POINT('',#16120);
#4002=VERTEX_POINT('',#16122);
#4003=VERTEX_POINT('',#16126);
#4004=VERTEX_POINT('',#16127);
#4005=VERTEX_POINT('',#16138);
#4006=VERTEX_POINT('',#16140);
#4007=VERTEX_POINT('',#16153);
#4008=VERTEX_POINT('',#16155);
#4009=VERTEX_POINT('',#16159);
#4010=VERTEX_POINT('',#16160);
#4011=VERTEX_POINT('',#16171);
#4012=VERTEX_POINT('',#16173);
#4013=VERTEX_POINT('',#16186);
#4014=VERTEX_POINT('',#16188);
#4015=VERTEX_POINT('',#16190);
#4016=VERTEX_POINT('',#16194);
#4017=VERTEX_POINT('',#16195);
#4018=VERTEX_POINT('',#16206);
#4019=VERTEX_POINT('',#16208);
#4020=VERTEX_POINT('',#16221);
#4021=VERTEX_POINT('',#16223);
#4022=VERTEX_POINT('',#16227);
#4023=VERTEX_POINT('',#16228);
#4024=VERTEX_POINT('',#16231);
#4025=VERTEX_POINT('',#16235);
#4026=VERTEX_POINT('',#16237);
#4027=VERTEX_POINT('',#16251);
#4028=VERTEX_POINT('',#16253);
#4029=VERTEX_POINT('',#16267);
#4030=VERTEX_POINT('',#16269);
#4031=VERTEX_POINT('',#16283);
#4032=VERTEX_POINT('',#16285);
#4033=VERTEX_POINT('',#16300);
#4034=VERTEX_POINT('',#16304);
#4035=VERTEX_POINT('',#16310);
#4036=VERTEX_POINT('',#16316);
#4037=VERTEX_POINT('',#16337);
#4038=VERTEX_POINT('',#16343);
#4039=VERTEX_POINT('',#16360);
#4040=VERTEX_POINT('',#16377);
#4041=VERTEX_POINT('',#16387);
#4042=VERTEX_POINT('',#16412);
#4043=VERTEX_POINT('',#16415);
#4044=VERTEX_POINT('',#16418);
#4045=VERTEX_POINT('',#16424);
#4046=VERTEX_POINT('',#16426);
#4047=VERTEX_POINT('',#16428);
#4048=VERTEX_POINT('',#16432);
#4049=VERTEX_POINT('',#16437);
#4050=VERTEX_POINT('',#16438);
#4051=VERTEX_POINT('',#16449);
#4052=VERTEX_POINT('',#16451);
#4053=VERTEX_POINT('',#16464);
#4054=VERTEX_POINT('',#16466);
#4055=VERTEX_POINT('',#16470);
#4056=VERTEX_POINT('',#16471);
#4057=VERTEX_POINT('',#16482);
#4058=VERTEX_POINT('',#16484);
#4059=VERTEX_POINT('',#16497);
#4060=VERTEX_POINT('',#16499);
#4061=VERTEX_POINT('',#16503);
#4062=VERTEX_POINT('',#16504);
#4063=VERTEX_POINT('',#16515);
#4064=VERTEX_POINT('',#16517);
#4065=VERTEX_POINT('',#16530);
#4066=VERTEX_POINT('',#16532);
#4067=VERTEX_POINT('',#16534);
#4068=VERTEX_POINT('',#16538);
#4069=VERTEX_POINT('',#16539);
#4070=VERTEX_POINT('',#16550);
#4071=VERTEX_POINT('',#16552);
#4072=VERTEX_POINT('',#16565);
#4073=VERTEX_POINT('',#16567);
#4074=VERTEX_POINT('',#16571);
#4075=VERTEX_POINT('',#16572);
#4076=VERTEX_POINT('',#16575);
#4077=VERTEX_POINT('',#16579);
#4078=VERTEX_POINT('',#16581);
#4079=VERTEX_POINT('',#16595);
#4080=VERTEX_POINT('',#16597);
#4081=VERTEX_POINT('',#16611);
#4082=VERTEX_POINT('',#16613);
#4083=VERTEX_POINT('',#16627);
#4084=VERTEX_POINT('',#16629);
#4085=VERTEX_POINT('',#16644);
#4086=VERTEX_POINT('',#16648);
#4087=VERTEX_POINT('',#16654);
#4088=VERTEX_POINT('',#16660);
#4089=VERTEX_POINT('',#16681);
#4090=VERTEX_POINT('',#16687);
#4091=VERTEX_POINT('',#16704);
#4092=VERTEX_POINT('',#16721);
#4093=VERTEX_POINT('',#16731);
#4094=VERTEX_POINT('',#16756);
#4095=VERTEX_POINT('',#16759);
#4096=VERTEX_POINT('',#16762);
#4097=EDGE_CURVE('',#3294,#3295,#1878,.T.);
#4098=EDGE_CURVE('',#3296,#3295,#1772,.T.);
#4099=EDGE_CURVE('',#3296,#3297,#1879,.T.);
#4100=EDGE_CURVE('',#3297,#3294,#1773,.T.);
#4101=EDGE_CURVE('',#3295,#3294,#413,.T.);
#4102=EDGE_CURVE('',#3296,#3297,#414,.T.);
#4103=EDGE_CURVE('',#3298,#3296,#415,.T.);
#4104=EDGE_CURVE('',#3299,#3298,#416,.T.);
#4105=EDGE_CURVE('',#3300,#3299,#1880,.T.);
#4106=EDGE_CURVE('',#3301,#3300,#417,.T.);
#4107=EDGE_CURVE('',#3297,#3301,#418,.T.);
#4108=EDGE_CURVE('',#3302,#3294,#1881,.T.);
#4109=EDGE_CURVE('',#3303,#3302,#1882,.T.);
#4110=EDGE_CURVE('',#3295,#3303,#1883,.T.);
#4111=EDGE_CURVE('',#3304,#3304,#419,.T.);
#4112=EDGE_CURVE('',#3305,#3305,#420,.T.);
#4113=EDGE_CURVE('',#3306,#3300,#421,.T.);
#4114=EDGE_CURVE('',#3300,#3307,#116,.T.);
#4115=EDGE_CURVE('',#3307,#3306,#117,.T.);
#4116=EDGE_CURVE('',#3308,#3301,#422,.T.);
#4117=EDGE_CURVE('',#3306,#3308,#423,.T.);
#4118=EDGE_CURVE('',#3309,#3298,#424,.T.);
#4119=EDGE_CURVE('',#3308,#3310,#425,.T.);
#4120=EDGE_CURVE('',#3310,#3309,#426,.T.);
#4121=EDGE_CURVE('',#3311,#3299,#427,.T.);
#4122=EDGE_CURVE('',#3309,#3311,#428,.T.);
#4123=EDGE_CURVE('',#3311,#3312,#118,.T.);
#4124=EDGE_CURVE('',#3312,#3299,#119,.T.);
#4125=EDGE_CURVE('',#3309,#3313,#1884,.T.);
#4126=EDGE_CURVE('',#3313,#3314,#1774,.T.);
#4127=EDGE_CURVE('',#3314,#3315,#429,.T.);
#4128=EDGE_CURVE('',#3315,#3312,#1885,.T.);
#4129=EDGE_CURVE('',#3316,#3317,#1775,.T.);
#4130=EDGE_CURVE('',#3317,#3318,#1776,.T.);
#4131=EDGE_CURVE('',#3319,#3318,#1886,.T.);
#4132=EDGE_CURVE('',#3319,#3320,#1777,.T.);
#4133=EDGE_CURVE('',#3320,#3321,#1778,.T.);
#4134=EDGE_CURVE('',#3322,#3321,#1887,.T.);
#4135=EDGE_CURVE('',#3323,#3322,#430,.T.);
#4136=EDGE_CURVE('',#3323,#3310,#1888,.T.);
#4137=EDGE_CURVE('',#3324,#3308,#1889,.T.);
#4138=EDGE_CURVE('',#3324,#3313,#431,.T.);
#4139=EDGE_CURVE('',#3325,#3323,#432,.T.);
#4140=EDGE_CURVE('',#3326,#3325,#1890,.T.);
#4141=EDGE_CURVE('',#3326,#3327,#1779,.T.);
#4142=EDGE_CURVE('',#3328,#3327,#1891,.T.);
#4143=EDGE_CURVE('',#3328,#3329,#1780,.T.);
#4144=EDGE_CURVE('',#3330,#3329,#1892,.T.);
#4145=EDGE_CURVE('',#3331,#3330,#1781,.T.);
#4146=EDGE_CURVE('',#3316,#3331,#1893,.T.);
#4147=EDGE_CURVE('',#3307,#3332,#1894,.T.);
#4148=EDGE_CURVE('',#3333,#3332,#433,.F.);
#4149=EDGE_CURVE('',#3324,#3333,#1782,.F.);
#4150=EDGE_CURVE('',#3312,#3307,#1895,.T.);
#4151=EDGE_CURVE('',#3334,#3315,#1896,.T.);
#4152=EDGE_CURVE('',#3335,#3334,#1897,.T.);
#4153=EDGE_CURVE('',#3336,#3335,#1898,.T.);
#4154=EDGE_CURVE('',#3336,#3337,#1899,.T.);
#4155=EDGE_CURVE('',#3332,#3337,#1900,.T.);
#4156=EDGE_CURVE('',#3338,#3316,#1783,.T.);
#4157=EDGE_CURVE('',#3339,#3338,#434,.T.);
#4158=EDGE_CURVE('',#3329,#3339,#1784,.T.);
#4159=EDGE_CURVE('',#3340,#3328,#1785,.T.);
#4160=EDGE_CURVE('',#3341,#3340,#435,.T.);
#4161=EDGE_CURVE('',#3318,#3341,#1786,.T.);
#4162=EDGE_CURVE('',#3317,#3305,#1901,.T.);
#4163=EDGE_CURVE('',#3342,#3319,#1787,.T.);
#4164=EDGE_CURVE('',#3343,#3342,#436,.T.);
#4165=EDGE_CURVE('',#3327,#3343,#1788,.T.);
#4166=EDGE_CURVE('',#3344,#3326,#1789,.T.);
#4167=EDGE_CURVE('',#3345,#3344,#437,.T.);
#4168=EDGE_CURVE('',#3321,#3345,#1790,.T.);
#4169=EDGE_CURVE('',#3320,#3304,#1902,.T.);
#4170=EDGE_CURVE('',#3345,#3346,#1903,.T.);
#4171=EDGE_CURVE('',#3322,#3346,#438,.T.);
#4172=EDGE_CURVE('',#3341,#3342,#1904,.T.);
#4173=EDGE_CURVE('',#3347,#3344,#1905,.T.);
#4174=EDGE_CURVE('',#3346,#3347,#1906,.T.);
#4175=EDGE_CURVE('',#3343,#3340,#1907,.T.);
#4176=EDGE_CURVE('',#3347,#3325,#439,.T.);
#4177=EDGE_CURVE('',#3348,#3349,#1791,.F.);
#4178=EDGE_CURVE('',#3348,#3314,#440,.T.);
#4179=EDGE_CURVE('',#3333,#3349,#441,.T.);
#4180=EDGE_CURVE('',#3348,#3350,#1908,.T.);
#4181=EDGE_CURVE('',#3350,#3351,#442,.T.);
#4182=EDGE_CURVE('',#3351,#3352,#1909,.T.);
#4183=EDGE_CURVE('',#3352,#3353,#1910,.T.);
#4184=EDGE_CURVE('',#3353,#3354,#1911,.T.);
#4185=EDGE_CURVE('',#3354,#3334,#443,.T.);
#4186=EDGE_CURVE('',#3355,#3347,#444,.T.);
#4187=EDGE_CURVE('',#3325,#3356,#445,.T.);
#4188=EDGE_CURVE('',#3356,#3355,#446,.T.);
#4189=EDGE_CURVE('',#3339,#3357,#1912,.T.);
#4190=EDGE_CURVE('',#3357,#3330,#447,.T.);
#4191=EDGE_CURVE('',#3358,#3322,#448,.T.);
#4192=EDGE_CURVE('',#3358,#3356,#449,.T.);
#4193=EDGE_CURVE('',#3357,#3359,#1792,.T.);
#4194=EDGE_CURVE('',#3331,#3359,#450,.T.);
#4195=EDGE_CURVE('',#3346,#3360,#451,.T.);
#4196=EDGE_CURVE('',#3360,#3358,#452,.T.);
#4197=EDGE_CURVE('',#3359,#3338,#1913,.T.);
#4198=EDGE_CURVE('',#3355,#3360,#1914,.T.);
#4199=EDGE_CURVE('',#3357,#3359,#1793,.T.);
#4200=EDGE_CURVE('',#3361,#3362,#453,.T.);
#4201=EDGE_CURVE('',#3362,#3302,#1794,.T.);
#4202=EDGE_CURVE('',#3302,#3303,#454,.T.);
#4203=EDGE_CURVE('',#3361,#3303,#1795,.T.);
#4204=EDGE_CURVE('',#3362,#3361,#1915,.T.);
#4205=EDGE_CURVE('',#3363,#3364,#1916,.T.);
#4206=EDGE_CURVE('',#3364,#3365,#1917,.T.);
#4207=EDGE_CURVE('',#3365,#3366,#1918,.T.);
#4208=EDGE_CURVE('',#3366,#3367,#1919,.T.);
#4209=EDGE_CURVE('',#3367,#3368,#1920,.T.);
#4210=EDGE_CURVE('',#3368,#3369,#1921,.T.);
#4211=EDGE_CURVE('',#3369,#3370,#1922,.T.);
#4212=EDGE_CURVE('',#3370,#3363,#1923,.T.);
#4213=EDGE_CURVE('',#3371,#3366,#1924,.T.);
#4214=EDGE_CURVE('',#3372,#3371,#1925,.T.);
#4215=EDGE_CURVE('',#3372,#3367,#1926,.T.);
#4216=EDGE_CURVE('',#3373,#3365,#1927,.T.);
#4217=EDGE_CURVE('',#3371,#3373,#1928,.T.);
#4218=EDGE_CURVE('',#3374,#3364,#1929,.T.);
#4219=EDGE_CURVE('',#3373,#3374,#1930,.T.);
#4220=EDGE_CURVE('',#3375,#3363,#1931,.T.);
#4221=EDGE_CURVE('',#3374,#3375,#1932,.T.);
#4222=EDGE_CURVE('',#3376,#3370,#1933,.T.);
#4223=EDGE_CURVE('',#3375,#3376,#1934,.T.);
#4224=EDGE_CURVE('',#3377,#3369,#1935,.T.);
#4225=EDGE_CURVE('',#3376,#3377,#1936,.T.);
#4226=EDGE_CURVE('',#3378,#3368,#1937,.T.);
#4227=EDGE_CURVE('',#3377,#3378,#1938,.T.);
#4228=EDGE_CURVE('',#3378,#3372,#1939,.T.);
#4229=EDGE_CURVE('',#3379,#3379,#455,.T.);
#4230=EDGE_CURVE('',#3379,#3380,#1940,.T.);
#4231=EDGE_CURVE('',#3380,#3380,#456,.T.);
#4232=EDGE_CURVE('',#3381,#3381,#457,.T.);
#4233=EDGE_CURVE('',#3381,#3382,#1941,.T.);
#4234=EDGE_CURVE('',#3382,#3382,#458,.T.);
#4235=EDGE_CURVE('',#3383,#3384,#1942,.T.);
#4236=EDGE_CURVE('',#3384,#3385,#1943,.T.);
#4237=EDGE_CURVE('',#3385,#3386,#1944,.T.);
#4238=EDGE_CURVE('',#3386,#3383,#1945,.T.);
#4239=EDGE_CURVE('',#3387,#3384,#1946,.T.);
#4240=EDGE_CURVE('',#3388,#3387,#1947,.T.);
#4241=EDGE_CURVE('',#3388,#3385,#1948,.T.);
#4242=EDGE_CURVE('',#3389,#3383,#1949,.T.);
#4243=EDGE_CURVE('',#3387,#3389,#1950,.T.);
#4244=EDGE_CURVE('',#3390,#3386,#1951,.T.);
#4245=EDGE_CURVE('',#3389,#3390,#1952,.T.);
#4246=EDGE_CURVE('',#3390,#3388,#1953,.T.);
#4247=EDGE_CURVE('',#3391,#3392,#1954,.T.);
#4248=EDGE_CURVE('',#3393,#3391,#1955,.T.);
#4249=EDGE_CURVE('',#3394,#3393,#1956,.T.);
#4250=EDGE_CURVE('',#3394,#3392,#1957,.T.);
#4251=EDGE_CURVE('',#3392,#3395,#1958,.T.);
#4252=EDGE_CURVE('',#3396,#3394,#1959,.T.);
#4253=EDGE_CURVE('',#3396,#3395,#1960,.T.);
#4254=EDGE_CURVE('',#3395,#3397,#1961,.T.);
#4255=EDGE_CURVE('',#3398,#3396,#1962,.T.);
#4256=EDGE_CURVE('',#3398,#3397,#1963,.T.);
#4257=EDGE_CURVE('',#3397,#3391,#1964,.T.);
#4258=EDGE_CURVE('',#3393,#3398,#1965,.T.);
#4259=EDGE_CURVE('',#3399,#3400,#1966,.T.);
#4260=EDGE_CURVE('',#3401,#3399,#459,.T.);
#4261=EDGE_CURVE('',#3402,#3401,#1967,.T.);
#4262=EDGE_CURVE('',#3400,#3402,#460,.T.);
#4263=EDGE_CURVE('',#3403,#3404,#1968,.T.);
#4264=EDGE_CURVE('',#3405,#3403,#461,.T.);
#4265=EDGE_CURVE('',#3406,#3405,#1969,.T.);
#4266=EDGE_CURVE('',#3404,#3406,#462,.T.);
#4267=EDGE_CURVE('',#3407,#3408,#1970,.T.);
#4268=EDGE_CURVE('',#3409,#3407,#463,.T.);
#4269=EDGE_CURVE('',#3410,#3409,#1971,.T.);
#4270=EDGE_CURVE('',#3408,#3410,#464,.T.);
#4271=EDGE_CURVE('',#3411,#3412,#1972,.T.);
#4272=EDGE_CURVE('',#3413,#3411,#465,.T.);
#4273=EDGE_CURVE('',#3414,#3413,#1973,.T.);
#4274=EDGE_CURVE('',#3412,#3414,#466,.T.);
#4275=EDGE_CURVE('',#3415,#3416,#1974,.T.);
#4276=EDGE_CURVE('',#3417,#3415,#467,.T.);
#4277=EDGE_CURVE('',#3418,#3417,#1975,.T.);
#4278=EDGE_CURVE('',#3416,#3418,#468,.T.);
#4279=EDGE_CURVE('',#3419,#3420,#1976,.T.);
#4280=EDGE_CURVE('',#3421,#3419,#469,.T.);
#4281=EDGE_CURVE('',#3422,#3421,#1977,.T.);
#4282=EDGE_CURVE('',#3420,#3422,#470,.T.);
#4283=EDGE_CURVE('',#3423,#3424,#1978,.T.);
#4284=EDGE_CURVE('',#3425,#3423,#471,.T.);
#4285=EDGE_CURVE('',#3426,#3425,#1979,.T.);
#4286=EDGE_CURVE('',#3424,#3426,#472,.T.);
#4287=EDGE_CURVE('',#3427,#3428,#1980,.T.);
#4288=EDGE_CURVE('',#3429,#3427,#473,.T.);
#4289=EDGE_CURVE('',#3430,#3429,#1981,.T.);
#4290=EDGE_CURVE('',#3428,#3430,#474,.T.);
#4291=EDGE_CURVE('',#3431,#3432,#1982,.T.);
#4292=EDGE_CURVE('',#3433,#3431,#475,.T.);
#4293=EDGE_CURVE('',#3434,#3433,#1983,.T.);
#4294=EDGE_CURVE('',#3432,#3434,#476,.T.);
#4295=EDGE_CURVE('',#3435,#3436,#1984,.T.);
#4296=EDGE_CURVE('',#3437,#3435,#477,.T.);
#4297=EDGE_CURVE('',#3438,#3437,#1985,.T.);
#4298=EDGE_CURVE('',#3436,#3438,#478,.T.);
#4299=EDGE_CURVE('',#3439,#3440,#1986,.T.);
#4300=EDGE_CURVE('',#3441,#3439,#479,.T.);
#4301=EDGE_CURVE('',#3442,#3441,#1987,.T.);
#4302=EDGE_CURVE('',#3440,#3442,#480,.T.);
#4303=EDGE_CURVE('',#3443,#3444,#1988,.T.);
#4304=EDGE_CURVE('',#3445,#3443,#481,.T.);
#4305=EDGE_CURVE('',#3446,#3445,#1989,.T.);
#4306=EDGE_CURVE('',#3444,#3446,#482,.T.);
#4307=EDGE_CURVE('',#3447,#3448,#1990,.T.);
#4308=EDGE_CURVE('',#3449,#3447,#483,.T.);
#4309=EDGE_CURVE('',#3450,#3449,#1991,.T.);
#4310=EDGE_CURVE('',#3448,#3450,#484,.T.);
#4311=EDGE_CURVE('',#3451,#3452,#1992,.T.);
#4312=EDGE_CURVE('',#3453,#3451,#485,.T.);
#4313=EDGE_CURVE('',#3454,#3453,#1993,.T.);
#4314=EDGE_CURVE('',#3452,#3454,#486,.T.);
#4315=EDGE_CURVE('',#3455,#3456,#1994,.T.);
#4316=EDGE_CURVE('',#3457,#3455,#487,.T.);
#4317=EDGE_CURVE('',#3458,#3457,#1995,.T.);
#4318=EDGE_CURVE('',#3456,#3458,#488,.T.);
#4319=EDGE_CURVE('',#3459,#3460,#1996,.T.);
#4320=EDGE_CURVE('',#3461,#3459,#489,.T.);
#4321=EDGE_CURVE('',#3462,#3461,#1997,.T.);
#4322=EDGE_CURVE('',#3460,#3462,#490,.T.);
#4323=EDGE_CURVE('',#3463,#3464,#1998,.T.);
#4324=EDGE_CURVE('',#3465,#3463,#491,.T.);
#4325=EDGE_CURVE('',#3466,#3465,#1999,.T.);
#4326=EDGE_CURVE('',#3464,#3466,#492,.T.);
#4327=EDGE_CURVE('',#3467,#3468,#2000,.T.);
#4328=EDGE_CURVE('',#3469,#3467,#493,.T.);
#4329=EDGE_CURVE('',#3470,#3469,#2001,.T.);
#4330=EDGE_CURVE('',#3468,#3470,#494,.T.);
#4331=EDGE_CURVE('',#3471,#3472,#2002,.T.);
#4332=EDGE_CURVE('',#3473,#3471,#495,.T.);
#4333=EDGE_CURVE('',#3474,#3473,#2003,.T.);
#4334=EDGE_CURVE('',#3472,#3474,#496,.T.);
#4335=EDGE_CURVE('',#3475,#3476,#2004,.T.);
#4336=EDGE_CURVE('',#3477,#3475,#497,.T.);
#4337=EDGE_CURVE('',#3478,#3477,#2005,.T.);
#4338=EDGE_CURVE('',#3476,#3478,#498,.T.);
#4339=EDGE_CURVE('',#3479,#3480,#2006,.T.);
#4340=EDGE_CURVE('',#3481,#3479,#499,.T.);
#4341=EDGE_CURVE('',#3482,#3481,#2007,.T.);
#4342=EDGE_CURVE('',#3480,#3482,#500,.T.);
#4343=EDGE_CURVE('',#3483,#3484,#2008,.T.);
#4344=EDGE_CURVE('',#3485,#3483,#501,.T.);
#4345=EDGE_CURVE('',#3486,#3485,#2009,.T.);
#4346=EDGE_CURVE('',#3484,#3486,#502,.T.);
#4347=EDGE_CURVE('',#3487,#3488,#2010,.T.);
#4348=EDGE_CURVE('',#3489,#3487,#503,.T.);
#4349=EDGE_CURVE('',#3490,#3489,#2011,.T.);
#4350=EDGE_CURVE('',#3488,#3490,#504,.T.);
#4351=EDGE_CURVE('',#3491,#3492,#2012,.T.);
#4352=EDGE_CURVE('',#3493,#3491,#505,.T.);
#4353=EDGE_CURVE('',#3494,#3493,#2013,.T.);
#4354=EDGE_CURVE('',#3492,#3494,#506,.T.);
#4355=EDGE_CURVE('',#3495,#3496,#2014,.T.);
#4356=EDGE_CURVE('',#3497,#3495,#507,.T.);
#4357=EDGE_CURVE('',#3498,#3497,#2015,.T.);
#4358=EDGE_CURVE('',#3496,#3498,#508,.T.);
#4359=EDGE_CURVE('',#3499,#3500,#2016,.T.);
#4360=EDGE_CURVE('',#3501,#3499,#509,.T.);
#4361=EDGE_CURVE('',#3502,#3501,#2017,.T.);
#4362=EDGE_CURVE('',#3500,#3502,#510,.T.);
#4363=EDGE_CURVE('',#3503,#3503,#511,.T.);
#4364=EDGE_CURVE('',#3503,#3504,#2018,.T.);
#4365=EDGE_CURVE('',#3504,#3504,#512,.T.);
#4366=EDGE_CURVE('',#3505,#3505,#513,.T.);
#4367=EDGE_CURVE('',#3505,#3506,#2019,.T.);
#4368=EDGE_CURVE('',#3506,#3506,#514,.T.);
#4369=EDGE_CURVE('',#3507,#3501,#2020,.T.);
#4370=EDGE_CURVE('',#3507,#3508,#2021,.T.);
#4371=EDGE_CURVE('',#3502,#3508,#2022,.T.);
#4372=EDGE_CURVE('',#3486,#3476,#2023,.T.);
#4373=EDGE_CURVE('',#3475,#3485,#2024,.T.);
#4374=EDGE_CURVE('',#3494,#3468,#2025,.T.);
#4375=EDGE_CURVE('',#3467,#3493,#2026,.T.);
#4376=EDGE_CURVE('',#3509,#3460,#2027,.T.);
#4377=EDGE_CURVE('',#3510,#3509,#2028,.T.);
#4378=EDGE_CURVE('',#3459,#3510,#2029,.T.);
#4379=EDGE_CURVE('',#3499,#3445,#2030,.T.);
#4380=EDGE_CURVE('',#3446,#3500,#2031,.T.);
#4381=EDGE_CURVE('',#3491,#3437,#2032,.T.);
#4382=EDGE_CURVE('',#3438,#3492,#2033,.T.);
#4383=EDGE_CURVE('',#3454,#3428,#2034,.T.);
#4384=EDGE_CURVE('',#3427,#3453,#2035,.T.);
#4385=EDGE_CURVE('',#3483,#3429,#2036,.T.);
#4386=EDGE_CURVE('',#3430,#3484,#2037,.T.);
#4387=EDGE_CURVE('',#3478,#3420,#2038,.T.);
#4388=EDGE_CURVE('',#3419,#3477,#2039,.T.);
#4389=EDGE_CURVE('',#3435,#3421,#2040,.T.);
#4390=EDGE_CURVE('',#3422,#3436,#2041,.T.);
#4391=EDGE_CURVE('',#3470,#3412,#2042,.T.);
#4392=EDGE_CURVE('',#3411,#3469,#2043,.T.);
#4393=EDGE_CURVE('',#3443,#3413,#2044,.T.);
#4394=EDGE_CURVE('',#3414,#3444,#2045,.T.);
#4395=EDGE_CURVE('',#3462,#3404,#2046,.T.);
#4396=EDGE_CURVE('',#3403,#3461,#2047,.T.);
#4397=EDGE_CURVE('',#3451,#3405,#2048,.T.);
#4398=EDGE_CURVE('',#3406,#3452,#2049,.T.);
#4399=EDGE_CURVE('',#3511,#3497,#2050,.T.);
#4400=EDGE_CURVE('',#3511,#3512,#2051,.T.);
#4401=EDGE_CURVE('',#3498,#3512,#2052,.T.);
#4402=EDGE_CURVE('',#3482,#3472,#2053,.T.);
#4403=EDGE_CURVE('',#3471,#3481,#2054,.T.);
#4404=EDGE_CURVE('',#3490,#3464,#2055,.T.);
#4405=EDGE_CURVE('',#3463,#3489,#2056,.T.);
#4406=EDGE_CURVE('',#3513,#3456,#2057,.T.);
#4407=EDGE_CURVE('',#3514,#3513,#2058,.T.);
#4408=EDGE_CURVE('',#3455,#3514,#2059,.T.);
#4409=EDGE_CURVE('',#3495,#3441,#2060,.T.);
#4410=EDGE_CURVE('',#3442,#3496,#2061,.T.);
#4411=EDGE_CURVE('',#3487,#3433,#2062,.T.);
#4412=EDGE_CURVE('',#3434,#3488,#2063,.T.);
#4413=EDGE_CURVE('',#3450,#3424,#2064,.T.);
#4414=EDGE_CURVE('',#3423,#3449,#2065,.T.);
#4415=EDGE_CURVE('',#3479,#3425,#2066,.T.);
#4416=EDGE_CURVE('',#3426,#3480,#2067,.T.);
#4417=EDGE_CURVE('',#3474,#3416,#2068,.T.);
#4418=EDGE_CURVE('',#3415,#3473,#2069,.T.);
#4419=EDGE_CURVE('',#3431,#3417,#2070,.T.);
#4420=EDGE_CURVE('',#3418,#3432,#2071,.T.);
#4421=EDGE_CURVE('',#3466,#3408,#2072,.T.);
#4422=EDGE_CURVE('',#3407,#3465,#2073,.T.);
#4423=EDGE_CURVE('',#3439,#3409,#2074,.T.);
#4424=EDGE_CURVE('',#3410,#3440,#2075,.T.);
#4425=EDGE_CURVE('',#3458,#3400,#2076,.T.);
#4426=EDGE_CURVE('',#3399,#3457,#2077,.T.);
#4427=EDGE_CURVE('',#3447,#3401,#2078,.T.);
#4428=EDGE_CURVE('',#3402,#3448,#2079,.T.);
#4429=EDGE_CURVE('',#3515,#3514,#2080,.T.);
#4430=EDGE_CURVE('',#3515,#3516,#2081,.T.);
#4431=EDGE_CURVE('',#3517,#3516,#2082,.T.);
#4432=EDGE_CURVE('',#3517,#3518,#2083,.T.);
#4433=EDGE_CURVE('',#3518,#3519,#515,.T.);
#4434=EDGE_CURVE('',#3519,#3511,#2084,.T.);
#4435=EDGE_CURVE('',#3520,#3510,#2085,.T.);
#4436=EDGE_CURVE('',#3520,#3354,#2086,.T.);
#4437=EDGE_CURVE('',#3353,#3521,#2087,.T.);
#4438=EDGE_CURVE('',#3521,#3522,#516,.T.);
#4439=EDGE_CURVE('',#3522,#3507,#2088,.T.);
#4440=EDGE_CURVE('',#3523,#3352,#2089,.T.);
#4441=EDGE_CURVE('',#3523,#3521,#2090,.T.);
#4442=EDGE_CURVE('',#3524,#3525,#2091,.T.);
#4443=EDGE_CURVE('',#3524,#3518,#2092,.T.);
#4444=EDGE_CURVE('',#3525,#3517,#2093,.T.);
#4445=EDGE_CURVE('',#3526,#3523,#517,.T.);
#4446=EDGE_CURVE('',#3522,#3526,#2094,.T.);
#4447=EDGE_CURVE('',#3508,#3526,#2095,.T.);
#4448=EDGE_CURVE('',#3512,#3527,#2096,.T.);
#4449=EDGE_CURVE('',#3519,#3527,#2097,.T.);
#4450=EDGE_CURVE('',#3527,#3524,#518,.T.);
#4451=EDGE_CURVE('',#3337,#3528,#519,.T.);
#4452=EDGE_CURVE('',#3528,#3525,#2098,.T.);
#4453=EDGE_CURVE('',#3516,#3529,#520,.T.);
#4454=EDGE_CURVE('',#3529,#3349,#2099,.T.);
#4455=EDGE_CURVE('',#3513,#3530,#2100,.T.);
#4456=EDGE_CURVE('',#3530,#3336,#521,.T.);
#4457=EDGE_CURVE('',#3335,#3520,#522,.T.);
#4458=EDGE_CURVE('',#3509,#3531,#2101,.T.);
#4459=EDGE_CURVE('',#3531,#3532,#523,.T.);
#4460=EDGE_CURVE('',#3532,#3533,#2102,.T.);
#4461=EDGE_CURVE('',#3533,#3515,#524,.T.);
#4462=EDGE_CURVE('',#3529,#3533,#2103,.T.);
#4463=EDGE_CURVE('',#3530,#3528,#2104,.T.);
#4464=EDGE_CURVE('',#3531,#3351,#2105,.T.);
#4465=EDGE_CURVE('',#3532,#3350,#2106,.T.);
#4466=EDGE_CURVE('',#3534,#3534,#525,.T.);
#4467=EDGE_CURVE('',#3535,#3535,#526,.T.);
#4468=EDGE_CURVE('',#3536,#3536,#527,.T.);
#4469=EDGE_CURVE('',#3537,#3537,#528,.T.);
#4470=EDGE_CURVE('',#3535,#3537,#2107,.T.);
#4471=EDGE_CURVE('',#3538,#3539,#2108,.T.);
#4472=EDGE_CURVE('',#3539,#3540,#2109,.T.);
#4473=EDGE_CURVE('',#3540,#3541,#2110,.T.);
#4474=EDGE_CURVE('',#3541,#3542,#2111,.T.);
#4475=EDGE_CURVE('',#3542,#3543,#2112,.T.);
#4476=EDGE_CURVE('',#3543,#3544,#2113,.T.);
#4477=EDGE_CURVE('',#3544,#3545,#2114,.T.);
#4478=EDGE_CURVE('',#3545,#3538,#2115,.T.);
#4479=EDGE_CURVE('',#3546,#3541,#2116,.T.);
#4480=EDGE_CURVE('',#3547,#3546,#2117,.T.);
#4481=EDGE_CURVE('',#3547,#3542,#2118,.T.);
#4482=EDGE_CURVE('',#3548,#3540,#2119,.T.);
#4483=EDGE_CURVE('',#3546,#3548,#2120,.T.);
#4484=EDGE_CURVE('',#3549,#3539,#2121,.T.);
#4485=EDGE_CURVE('',#3548,#3549,#2122,.T.);
#4486=EDGE_CURVE('',#3550,#3538,#2123,.T.);
#4487=EDGE_CURVE('',#3549,#3550,#2124,.T.);
#4488=EDGE_CURVE('',#3551,#3545,#2125,.T.);
#4489=EDGE_CURVE('',#3550,#3551,#2126,.T.);
#4490=EDGE_CURVE('',#3552,#3544,#2127,.T.);
#4491=EDGE_CURVE('',#3551,#3552,#2128,.T.);
#4492=EDGE_CURVE('',#3553,#3543,#2129,.T.);
#4493=EDGE_CURVE('',#3552,#3553,#2130,.T.);
#4494=EDGE_CURVE('',#3553,#3547,#2131,.T.);
#4495=EDGE_CURVE('',#3554,#3554,#529,.T.);
#4496=EDGE_CURVE('',#3554,#3555,#2132,.T.);
#4497=EDGE_CURVE('',#3555,#3555,#530,.T.);
#4498=EDGE_CURVE('',#3556,#3556,#531,.T.);
#4499=EDGE_CURVE('',#3556,#3557,#2133,.T.);
#4500=EDGE_CURVE('',#3557,#3557,#532,.T.);
#4501=EDGE_CURVE('',#3558,#3559,#2134,.T.);
#4502=EDGE_CURVE('',#3559,#3560,#2135,.T.);
#4503=EDGE_CURVE('',#3560,#3561,#2136,.T.);
#4504=EDGE_CURVE('',#3561,#3558,#2137,.T.);
#4505=EDGE_CURVE('',#3562,#3559,#2138,.T.);
#4506=EDGE_CURVE('',#3563,#3562,#2139,.T.);
#4507=EDGE_CURVE('',#3563,#3560,#2140,.T.);
#4508=EDGE_CURVE('',#3564,#3558,#2141,.T.);
#4509=EDGE_CURVE('',#3562,#3564,#2142,.T.);
#4510=EDGE_CURVE('',#3565,#3561,#2143,.T.);
#4511=EDGE_CURVE('',#3564,#3565,#2144,.T.);
#4512=EDGE_CURVE('',#3565,#3563,#2145,.T.);
#4513=EDGE_CURVE('',#3566,#3567,#2146,.T.);
#4514=EDGE_CURVE('',#3568,#3566,#2147,.T.);
#4515=EDGE_CURVE('',#3569,#3568,#2148,.T.);
#4516=EDGE_CURVE('',#3569,#3567,#2149,.T.);
#4517=EDGE_CURVE('',#3567,#3570,#2150,.T.);
#4518=EDGE_CURVE('',#3571,#3569,#2151,.T.);
#4519=EDGE_CURVE('',#3571,#3570,#2152,.T.);
#4520=EDGE_CURVE('',#3570,#3572,#2153,.T.);
#4521=EDGE_CURVE('',#3573,#3571,#2154,.T.);
#4522=EDGE_CURVE('',#3573,#3572,#2155,.T.);
#4523=EDGE_CURVE('',#3572,#3566,#2156,.T.);
#4524=EDGE_CURVE('',#3568,#3573,#2157,.T.);
#4525=EDGE_CURVE('',#3574,#3575,#2158,.T.);
#4526=EDGE_CURVE('',#3575,#3576,#2159,.T.);
#4527=EDGE_CURVE('',#3576,#3577,#2160,.T.);
#4528=EDGE_CURVE('',#3577,#3578,#120,.T.);
#4529=EDGE_CURVE('',#3578,#3579,#2161,.T.);
#4530=EDGE_CURVE('',#3579,#3574,#121,.T.);
#4531=EDGE_CURVE('',#3578,#3580,#533,.T.);
#4532=EDGE_CURVE('',#3580,#3581,#2162,.T.);
#4533=EDGE_CURVE('',#3581,#3582,#534,.T.);
#4534=EDGE_CURVE('',#3583,#3582,#2163,.T.);
#4535=EDGE_CURVE('',#3583,#3584,#535,.T.);
#4536=EDGE_CURVE('',#3584,#3585,#2164,.T.);
#4537=EDGE_CURVE('',#3585,#3579,#536,.T.);
#4538=EDGE_CURVE('',#3586,#3577,#2165,.T.);
#4539=EDGE_CURVE('',#3587,#3586,#537,.T.);
#4540=EDGE_CURVE('',#3587,#3580,#2166,.T.);
#4541=EDGE_CURVE('',#3576,#3588,#2167,.T.);
#4542=EDGE_CURVE('',#3588,#3589,#2168,.T.);
#4543=EDGE_CURVE('',#3590,#3589,#2169,.T.);
#4544=EDGE_CURVE('',#3590,#3591,#538,.T.);
#4545=EDGE_CURVE('',#3592,#3591,#2170,.T.);
#4546=EDGE_CURVE('',#3592,#3593,#539,.T.);
#4547=EDGE_CURVE('',#3594,#3593,#2171,.T.);
#4548=EDGE_CURVE('',#3594,#3595,#540,.T.);
#4549=EDGE_CURVE('',#3595,#3596,#2172,.T.);
#4550=EDGE_CURVE('',#3596,#3597,#541,.T.);
#4551=EDGE_CURVE('',#3597,#3598,#2173,.T.);
#4552=EDGE_CURVE('',#3598,#3599,#542,.T.);
#4553=EDGE_CURVE('',#3599,#3600,#2174,.T.);
#4554=EDGE_CURVE('',#3600,#3601,#543,.T.);
#4555=EDGE_CURVE('',#3601,#3602,#2175,.T.);
#4556=EDGE_CURVE('',#3602,#3603,#544,.T.);
#4557=EDGE_CURVE('',#3603,#3604,#2176,.T.);
#4558=EDGE_CURVE('',#3604,#3605,#545,.T.);
#4559=EDGE_CURVE('',#3605,#3606,#2177,.T.);
#4560=EDGE_CURVE('',#3606,#3607,#546,.T.);
#4561=EDGE_CURVE('',#3607,#3608,#2178,.T.);
#4562=EDGE_CURVE('',#3608,#3609,#547,.T.);
#4563=EDGE_CURVE('',#3609,#3610,#2179,.T.);
#4564=EDGE_CURVE('',#3610,#3611,#548,.T.);
#4565=EDGE_CURVE('',#3611,#3612,#2180,.T.);
#4566=EDGE_CURVE('',#3612,#3613,#549,.T.);
#4567=EDGE_CURVE('',#3613,#3614,#2181,.T.);
#4568=EDGE_CURVE('',#3586,#3614,#2182,.T.);
#4569=EDGE_CURVE('',#3615,#3583,#122,.T.);
#4570=EDGE_CURVE('',#3582,#3616,#123,.T.);
#4571=EDGE_CURVE('',#3616,#3617,#2183,.T.);
#4572=EDGE_CURVE('',#3617,#3618,#2184,.T.);
#4573=EDGE_CURVE('',#3618,#3615,#2185,.T.);
#4574=EDGE_CURVE('',#3619,#3616,#2186,.T.);
#4575=EDGE_CURVE('',#3620,#3619,#2187,.T.);
#4576=EDGE_CURVE('',#3620,#3621,#2188,.T.);
#4577=EDGE_CURVE('',#3621,#3622,#550,.T.);
#4578=EDGE_CURVE('',#3622,#3623,#2189,.T.);
#4579=EDGE_CURVE('',#3623,#3624,#551,.T.);
#4580=EDGE_CURVE('',#3624,#3625,#2190,.T.);
#4581=EDGE_CURVE('',#3625,#3626,#552,.T.);
#4582=EDGE_CURVE('',#3626,#3627,#2191,.T.);
#4583=EDGE_CURVE('',#3627,#3628,#553,.T.);
#4584=EDGE_CURVE('',#3628,#3629,#2192,.T.);
#4585=EDGE_CURVE('',#3629,#3630,#554,.T.);
#4586=EDGE_CURVE('',#3630,#3631,#2193,.T.);
#4587=EDGE_CURVE('',#3631,#3632,#555,.T.);
#4588=EDGE_CURVE('',#3632,#3633,#2194,.T.);
#4589=EDGE_CURVE('',#3633,#3634,#556,.T.);
#4590=EDGE_CURVE('',#3634,#3635,#2195,.T.);
#4591=EDGE_CURVE('',#3635,#3636,#557,.T.);
#4592=EDGE_CURVE('',#3636,#3637,#2196,.T.);
#4593=EDGE_CURVE('',#3637,#3638,#558,.T.);
#4594=EDGE_CURVE('',#3638,#3639,#2197,.T.);
#4595=EDGE_CURVE('',#3639,#3640,#559,.T.);
#4596=EDGE_CURVE('',#3640,#3641,#2198,.T.);
#4597=EDGE_CURVE('',#3641,#3642,#560,.T.);
#4598=EDGE_CURVE('',#3642,#3643,#2199,.T.);
#4599=EDGE_CURVE('',#3643,#3644,#561,.T.);
#4600=EDGE_CURVE('',#3644,#3645,#2200,.T.);
#4601=EDGE_CURVE('',#3645,#3646,#2201,.T.);
#4602=EDGE_CURVE('',#3646,#3617,#2202,.T.);
#4603=EDGE_CURVE('',#3647,#3581,#2203,.T.);
#4604=EDGE_CURVE('',#3619,#3647,#562,.T.);
#4605=EDGE_CURVE('',#3648,#3639,#2204,.T.);
#4606=EDGE_CURVE('',#3649,#3648,#563,.T.);
#4607=EDGE_CURVE('',#3650,#3649,#1796,.T.);
#4608=EDGE_CURVE('',#3651,#3650,#2205,.T.);
#4609=EDGE_CURVE('',#3640,#3651,#1797,.T.);
#4610=EDGE_CURVE('',#3595,#3652,#2206,.T.);
#4611=EDGE_CURVE('',#3653,#3594,#1798,.T.);
#4612=EDGE_CURVE('',#3654,#3653,#2207,.T.);
#4613=EDGE_CURVE('',#3655,#3654,#1799,.T.);
#4614=EDGE_CURVE('',#3652,#3655,#564,.T.);
#4615=EDGE_CURVE('',#3656,#3631,#2208,.T.);
#4616=EDGE_CURVE('',#3657,#3656,#565,.T.);
#4617=EDGE_CURVE('',#3632,#3657,#2209,.T.);
#4618=EDGE_CURVE('',#3603,#3658,#2210,.T.);
#4619=EDGE_CURVE('',#3659,#3602,#2211,.T.);
#4620=EDGE_CURVE('',#3658,#3659,#566,.T.);
#4621=EDGE_CURVE('',#3660,#3623,#2212,.T.);
#4622=EDGE_CURVE('',#3661,#3660,#567,.T.);
#4623=EDGE_CURVE('',#3624,#3661,#2213,.T.);
#4624=EDGE_CURVE('',#3611,#3662,#2214,.T.);
#4625=EDGE_CURVE('',#3663,#3610,#2215,.T.);
#4626=EDGE_CURVE('',#3662,#3663,#568,.T.);
#4627=EDGE_CURVE('',#3664,#3665,#1800,.T.);
#4628=EDGE_CURVE('',#3666,#3664,#124,.T.);
#4629=EDGE_CURVE('',#3667,#3666,#1801,.T.);
#4630=EDGE_CURVE('',#3668,#3667,#2216,.T.);
#4631=EDGE_CURVE('',#3669,#3668,#1802,.T.);
#4632=EDGE_CURVE('',#3670,#3669,#2217,.T.);
#4633=EDGE_CURVE('',#3665,#3670,#125,.T.);
#4634=EDGE_CURVE('',#3671,#3672,#2218,.T.);
#4635=EDGE_CURVE('',#3673,#3671,#1803,.T.);
#4636=EDGE_CURVE('',#3674,#3673,#2219,.T.);
#4637=EDGE_CURVE('',#3675,#3674,#1804,.T.);
#4638=EDGE_CURVE('',#3676,#3675,#126,.T.);
#4639=EDGE_CURVE('',#3677,#3676,#1805,.T.);
#4640=EDGE_CURVE('',#3672,#3677,#127,.T.);
#4641=EDGE_CURVE('',#3678,#3625,#2220,.T.);
#4642=EDGE_CURVE('',#3679,#3678,#569,.T.);
#4643=EDGE_CURVE('',#3626,#3679,#2221,.T.);
#4644=EDGE_CURVE('',#3609,#3680,#2222,.T.);
#4645=EDGE_CURVE('',#3681,#3608,#2223,.T.);
#4646=EDGE_CURVE('',#3680,#3681,#570,.T.);
#4647=EDGE_CURVE('',#3682,#3633,#2224,.T.);
#4648=EDGE_CURVE('',#3683,#3682,#571,.T.);
#4649=EDGE_CURVE('',#3634,#3683,#2225,.T.);
#4650=EDGE_CURVE('',#3601,#3684,#2226,.T.);
#4651=EDGE_CURVE('',#3685,#3600,#2227,.T.);
#4652=EDGE_CURVE('',#3684,#3685,#572,.T.);
#4653=EDGE_CURVE('',#3686,#3592,#1806,.T.);
#4654=EDGE_CURVE('',#3687,#3686,#2228,.T.);
#4655=EDGE_CURVE('',#3688,#3687,#1807,.T.);
#4656=EDGE_CURVE('',#3689,#3688,#573,.T.);
#4657=EDGE_CURVE('',#3690,#3689,#1808,.T.);
#4658=EDGE_CURVE('',#3691,#3690,#2229,.T.);
#4659=EDGE_CURVE('',#3593,#3691,#1809,.T.);
#4660=EDGE_CURVE('',#3692,#3693,#2230,.T.);
#4661=EDGE_CURVE('',#3694,#3692,#1810,.T.);
#4662=EDGE_CURVE('',#3695,#3694,#574,.T.);
#4663=EDGE_CURVE('',#3696,#3695,#1811,.T.);
#4664=EDGE_CURVE('',#3697,#3696,#2231,.T.);
#4665=EDGE_CURVE('',#3642,#3697,#1812,.T.);
#4666=EDGE_CURVE('',#3693,#3641,#1813,.T.);
#4667=EDGE_CURVE('',#3698,#3637,#2232,.T.);
#4668=EDGE_CURVE('',#3699,#3698,#575,.T.);
#4669=EDGE_CURVE('',#3638,#3699,#2233,.T.);
#4670=EDGE_CURVE('',#3597,#3700,#2234,.T.);
#4671=EDGE_CURVE('',#3701,#3596,#2235,.T.);
#4672=EDGE_CURVE('',#3700,#3701,#576,.T.);
#4673=EDGE_CURVE('',#3702,#3629,#2236,.T.);
#4674=EDGE_CURVE('',#3703,#3702,#577,.T.);
#4675=EDGE_CURVE('',#3630,#3703,#2237,.T.);
#4676=EDGE_CURVE('',#3605,#3704,#2238,.T.);
#4677=EDGE_CURVE('',#3705,#3604,#2239,.T.);
#4678=EDGE_CURVE('',#3704,#3705,#578,.T.);
#4679=EDGE_CURVE('',#3706,#3621,#2240,.T.);
#4680=EDGE_CURVE('',#3707,#3706,#579,.T.);
#4681=EDGE_CURVE('',#3622,#3707,#2241,.T.);
#4682=EDGE_CURVE('',#3613,#3708,#2242,.T.);
#4683=EDGE_CURVE('',#3709,#3612,#2243,.T.);
#4684=EDGE_CURVE('',#3708,#3709,#580,.T.);
#4685=EDGE_CURVE('',#3710,#3710,#581,.T.);
#4686=EDGE_CURVE('',#3710,#3711,#2244,.T.);
#4687=EDGE_CURVE('',#3711,#3711,#582,.T.);
#4688=EDGE_CURVE('',#3712,#3712,#583,.T.);
#4689=EDGE_CURVE('',#3712,#3713,#2245,.T.);
#4690=EDGE_CURVE('',#3713,#3713,#584,.T.);
#4691=EDGE_CURVE('',#3714,#3627,#2246,.T.);
#4692=EDGE_CURVE('',#3715,#3714,#585,.T.);
#4693=EDGE_CURVE('',#3628,#3715,#2247,.T.);
#4694=EDGE_CURVE('',#3607,#3716,#2248,.T.);
#4695=EDGE_CURVE('',#3717,#3606,#2249,.T.);
#4696=EDGE_CURVE('',#3716,#3717,#586,.T.);
#4697=EDGE_CURVE('',#3718,#3635,#2250,.T.);
#4698=EDGE_CURVE('',#3719,#3718,#587,.T.);
#4699=EDGE_CURVE('',#3636,#3719,#2251,.T.);
#4700=EDGE_CURVE('',#3599,#3720,#2252,.T.);
#4701=EDGE_CURVE('',#3721,#3598,#2253,.T.);
#4702=EDGE_CURVE('',#3720,#3721,#588,.T.);
#4703=EDGE_CURVE('',#3722,#3590,#1814,.T.);
#4704=EDGE_CURVE('',#3723,#3722,#128,.T.);
#4705=EDGE_CURVE('',#3724,#3723,#2254,.T.);
#4706=EDGE_CURVE('',#3725,#3724,#1815,.T.);
#4707=EDGE_CURVE('',#3726,#3725,#589,.T.);
#4708=EDGE_CURVE('',#3727,#3726,#1816,.T.);
#4709=EDGE_CURVE('',#3728,#3727,#2255,.T.);
#4710=EDGE_CURVE('',#3729,#3728,#129,.T.);
#4711=EDGE_CURVE('',#3591,#3729,#1817,.T.);
#4712=EDGE_CURVE('',#3730,#3731,#2256,.T.);
#4713=EDGE_CURVE('',#3732,#3730,#1818,.T.);
#4714=EDGE_CURVE('',#3733,#3732,#590,.T.);
#4715=EDGE_CURVE('',#3734,#3733,#1819,.T.);
#4716=EDGE_CURVE('',#3735,#3734,#2257,.T.);
#4717=EDGE_CURVE('',#3736,#3735,#130,.T.);
#4718=EDGE_CURVE('',#3644,#3736,#1820,.T.);
#4719=EDGE_CURVE('',#3737,#3643,#1821,.T.);
#4720=EDGE_CURVE('',#3731,#3737,#131,.T.);
#4721=EDGE_CURVE('',#3674,#3738,#132,.T.);
#4722=EDGE_CURVE('',#3738,#3739,#2258,.T.);
#4723=EDGE_CURVE('',#3739,#3740,#1822,.T.);
#4724=EDGE_CURVE('',#3740,#3741,#2259,.T.);
#4725=EDGE_CURVE('',#3741,#3742,#1823,.T.);
#4726=EDGE_CURVE('',#3742,#3743,#591,.T.);
#4727=EDGE_CURVE('',#3675,#3743,#2260,.T.);
#4728=EDGE_CURVE('',#3666,#3744,#2261,.T.);
#4729=EDGE_CURVE('',#3744,#3745,#592,.T.);
#4730=EDGE_CURVE('',#3745,#3746,#1824,.T.);
#4731=EDGE_CURVE('',#3747,#3746,#2262,.T.);
#4732=EDGE_CURVE('',#3747,#3748,#1825,.T.);
#4733=EDGE_CURVE('',#3748,#3749,#2263,.T.);
#4734=EDGE_CURVE('',#3749,#3667,#133,.T.);
#4735=EDGE_CURVE('',#3697,#3750,#134,.T.);
#4736=EDGE_CURVE('',#3750,#3737,#2264,.T.);
#4737=EDGE_CURVE('',#3676,#3751,#2265,.T.);
#4738=EDGE_CURVE('',#3751,#3645,#593,.T.);
#4739=EDGE_CURVE('',#3736,#3677,#2266,.T.);
#4740=EDGE_CURVE('',#3618,#3752,#2267,.T.);
#4741=EDGE_CURVE('',#3752,#3753,#2268,.T.);
#4742=EDGE_CURVE('',#3753,#3733,#2269,.T.);
#4743=EDGE_CURVE('',#3732,#3695,#2270,.T.);
#4744=EDGE_CURVE('',#3694,#3649,#2271,.T.);
#4745=EDGE_CURVE('',#3648,#3699,#2272,.T.);
#4746=EDGE_CURVE('',#3698,#3719,#2273,.T.);
#4747=EDGE_CURVE('',#3718,#3683,#2274,.T.);
#4748=EDGE_CURVE('',#3682,#3657,#2275,.T.);
#4749=EDGE_CURVE('',#3656,#3703,#2276,.T.);
#4750=EDGE_CURVE('',#3702,#3715,#2277,.T.);
#4751=EDGE_CURVE('',#3714,#3679,#2278,.T.);
#4752=EDGE_CURVE('',#3678,#3661,#2279,.T.);
#4753=EDGE_CURVE('',#3660,#3707,#2280,.T.);
#4754=EDGE_CURVE('',#3706,#3754,#2281,.T.);
#4755=EDGE_CURVE('',#3755,#3754,#2282,.T.);
#4756=EDGE_CURVE('',#3755,#3615,#2283,.T.);
#4757=EDGE_CURVE('',#3750,#3731,#2284,.T.);
#4758=EDGE_CURVE('',#3735,#3672,#2285,.T.);
#4759=EDGE_CURVE('',#3730,#3696,#135,.T.);
#4760=EDGE_CURVE('',#3671,#3734,#136,.T.);
#4761=EDGE_CURVE('',#3753,#3756,#594,.T.);
#4762=EDGE_CURVE('',#3757,#3756,#2286,.T.);
#4763=EDGE_CURVE('',#3757,#3673,#137,.T.);
#4764=EDGE_CURVE('',#3692,#3650,#138,.T.);
#4765=EDGE_CURVE('',#3754,#3620,#2287,.T.);
#4766=EDGE_CURVE('',#3758,#3757,#2288,.T.);
#4767=EDGE_CURVE('',#3758,#3738,#2289,.T.);
#4768=EDGE_CURVE('',#3651,#3693,#139,.T.);
#4769=EDGE_CURVE('',#3687,#3727,#140,.T.);
#4770=EDGE_CURVE('',#3688,#3726,#2290,.T.);
#4771=EDGE_CURVE('',#3668,#3759,#141,.T.);
#4772=EDGE_CURVE('',#3759,#3760,#2291,.T.);
#4773=EDGE_CURVE('',#3760,#3761,#595,.T.);
#4774=EDGE_CURVE('',#3725,#3761,#2292,.T.);
#4775=EDGE_CURVE('',#3724,#3669,#142,.T.);
#4776=EDGE_CURVE('',#3762,#3708,#2293,.T.);
#4777=EDGE_CURVE('',#3614,#3762,#2294,.T.);
#4778=EDGE_CURVE('',#3717,#3704,#2295,.T.);
#4779=EDGE_CURVE('',#3721,#3700,#2296,.T.);
#4780=EDGE_CURVE('',#3763,#3686,#143,.T.);
#4781=EDGE_CURVE('',#3728,#3763,#2297,.T.);
#4782=EDGE_CURVE('',#3685,#3720,#2298,.T.);
#4783=EDGE_CURVE('',#3681,#3716,#2299,.T.);
#4784=EDGE_CURVE('',#3670,#3723,#2300,.T.);
#4785=EDGE_CURVE('',#3749,#3764,#2301,.T.);
#4786=EDGE_CURVE('',#3759,#3764,#2302,.T.);
#4787=EDGE_CURVE('',#3709,#3662,#2303,.T.);
#4788=EDGE_CURVE('',#3663,#3680,#2304,.T.);
#4789=EDGE_CURVE('',#3705,#3658,#2305,.T.);
#4790=EDGE_CURVE('',#3659,#3684,#2306,.T.);
#4791=EDGE_CURVE('',#3701,#3652,#2307,.T.);
#4792=EDGE_CURVE('',#3691,#3653,#144,.T.);
#4793=EDGE_CURVE('',#3654,#3690,#145,.T.);
#4794=EDGE_CURVE('',#3664,#3765,#2308,.T.);
#4795=EDGE_CURVE('',#3765,#3744,#2309,.T.);
#4796=EDGE_CURVE('',#3763,#3729,#2310,.T.);
#4797=EDGE_CURVE('',#3722,#3665,#2311,.T.);
#4798=EDGE_CURVE('',#3589,#3765,#596,.T.);
#4799=EDGE_CURVE('',#3764,#3766,#2312,.T.);
#4800=EDGE_CURVE('',#3748,#3766,#2313,.T.);
#4801=EDGE_CURVE('',#3767,#3758,#2314,.T.);
#4802=EDGE_CURVE('',#3767,#3739,#2315,.T.);
#4803=EDGE_CURVE('',#3766,#3768,#146,.T.);
#4804=EDGE_CURVE('',#3746,#3747,#597,.T.);
#4805=EDGE_CURVE('',#3745,#3769,#2316,.T.);
#4806=EDGE_CURVE('',#3770,#3769,#147,.T.);
#4807=EDGE_CURVE('',#3771,#3770,#1826,.T.);
#4808=EDGE_CURVE('',#3772,#3771,#598,.T.);
#4809=EDGE_CURVE('',#3768,#3772,#1827,.T.);
#4810=EDGE_CURVE('',#3773,#3767,#148,.T.);
#4811=EDGE_CURVE('',#3774,#3773,#1828,.T.);
#4812=EDGE_CURVE('',#3775,#3774,#599,.T.);
#4813=EDGE_CURVE('',#3776,#3775,#1829,.T.);
#4814=EDGE_CURVE('',#3777,#3776,#149,.T.);
#4815=EDGE_CURVE('',#3777,#3742,#2317,.T.);
#4816=EDGE_CURVE('',#3740,#3741,#600,.T.);
#4817=EDGE_CURVE('',#3769,#3760,#2318,.T.);
#4818=EDGE_CURVE('',#3588,#3778,#2319,.T.);
#4819=EDGE_CURVE('',#3761,#3778,#2320,.T.);
#4820=EDGE_CURVE('',#3756,#3777,#2321,.T.);
#4821=EDGE_CURVE('',#3752,#3646,#2322,.T.);
#4822=EDGE_CURVE('',#3743,#3751,#2323,.T.);
#4823=EDGE_CURVE('',#3778,#3575,#2324,.T.);
#4824=EDGE_CURVE('',#3772,#3771,#2325,.T.);
#4825=EDGE_CURVE('',#3768,#3770,#2326,.T.);
#4826=EDGE_CURVE('',#3655,#3689,#2327,.T.);
#4827=EDGE_CURVE('',#3647,#3587,#2328,.T.);
#4828=EDGE_CURVE('',#3762,#3779,#2329,.T.);
#4829=EDGE_CURVE('',#3779,#3780,#601,.T.);
#4830=EDGE_CURVE('',#3780,#3781,#2330,.T.);
#4831=EDGE_CURVE('',#3781,#3755,#602,.T.);
#4832=EDGE_CURVE('',#3773,#3776,#2331,.T.);
#4833=EDGE_CURVE('',#3774,#3775,#2332,.T.);
#4834=EDGE_CURVE('',#3779,#3574,#2333,.T.);
#4835=EDGE_CURVE('',#3780,#3585,#2334,.T.);
#4836=EDGE_CURVE('',#3781,#3584,#2335,.T.);
#4837=EDGE_CURVE('',#3782,#3783,#2336,.F.);
#4838=EDGE_CURVE('',#3783,#3784,#2337,.T.);
#4839=EDGE_CURVE('',#3785,#3784,#2338,.T.);
#4840=EDGE_CURVE('',#3782,#3785,#2339,.T.);
#4841=EDGE_CURVE('',#3783,#3786,#603,.F.);
#4842=EDGE_CURVE('',#3786,#3787,#2340,.T.);
#4843=EDGE_CURVE('',#3784,#3787,#604,.T.);
#4844=EDGE_CURVE('',#3786,#3788,#2341,.F.);
#4845=EDGE_CURVE('',#3788,#3789,#2342,.T.);
#4846=EDGE_CURVE('',#3787,#3789,#2343,.T.);
#4847=EDGE_CURVE('',#3788,#3790,#605,.F.);
#4848=EDGE_CURVE('',#3790,#3791,#2344,.T.);
#4849=EDGE_CURVE('',#3789,#3791,#606,.T.);
#4850=EDGE_CURVE('',#3790,#3792,#2345,.F.);
#4851=EDGE_CURVE('',#3792,#3793,#2346,.T.);
#4852=EDGE_CURVE('',#3791,#3793,#2347,.T.);
#4853=EDGE_CURVE('',#3792,#3794,#607,.F.);
#4854=EDGE_CURVE('',#3794,#3795,#2348,.T.);
#4855=EDGE_CURVE('',#3793,#3795,#608,.T.);
#4856=EDGE_CURVE('',#3794,#3796,#2349,.F.);
#4857=EDGE_CURVE('',#3796,#3797,#2350,.T.);
#4858=EDGE_CURVE('',#3795,#3797,#2351,.T.);
#4859=EDGE_CURVE('',#3796,#3798,#609,.F.);
#4860=EDGE_CURVE('',#3798,#3799,#2352,.T.);
#4861=EDGE_CURVE('',#3797,#3799,#610,.T.);
#4862=EDGE_CURVE('',#3798,#3800,#611,.F.);
#4863=EDGE_CURVE('',#3800,#3801,#2353,.T.);
#4864=EDGE_CURVE('',#3799,#3801,#612,.T.);
#4865=EDGE_CURVE('',#3800,#3802,#613,.F.);
#4866=EDGE_CURVE('',#3802,#3803,#2354,.F.);
#4867=EDGE_CURVE('',#3801,#3803,#614,.T.);
#4868=EDGE_CURVE('',#3802,#3804,#615,.F.);
#4869=EDGE_CURVE('',#3804,#3805,#2355,.F.);
#4870=EDGE_CURVE('',#3803,#3805,#616,.T.);
#4871=EDGE_CURVE('',#3804,#3806,#617,.F.);
#4872=EDGE_CURVE('',#3806,#3807,#2356,.T.);
#4873=EDGE_CURVE('',#3805,#3807,#618,.T.);
#4874=EDGE_CURVE('',#3806,#3808,#619,.F.);
#4875=EDGE_CURVE('',#3808,#3809,#2357,.T.);
#4876=EDGE_CURVE('',#3807,#3809,#620,.T.);
#4877=EDGE_CURVE('',#3808,#3810,#621,.F.);
#4878=EDGE_CURVE('',#3810,#3811,#2358,.T.);
#4879=EDGE_CURVE('',#3809,#3811,#622,.T.);
#4880=EDGE_CURVE('',#3810,#3812,#2359,.F.);
#4881=EDGE_CURVE('',#3812,#3813,#2360,.T.);
#4882=EDGE_CURVE('',#3811,#3813,#2361,.T.);
#4883=EDGE_CURVE('',#3812,#3782,#623,.F.);
#4884=EDGE_CURVE('',#3813,#3785,#624,.T.);
#4885=EDGE_CURVE('',#3814,#3815,#2362,.T.);
#4886=EDGE_CURVE('',#3812,#3814,#2363,.T.);
#4887=EDGE_CURVE('',#3810,#3815,#2364,.T.);
#4888=EDGE_CURVE('',#3815,#3816,#625,.T.);
#4889=EDGE_CURVE('',#3808,#3816,#2365,.T.);
#4890=EDGE_CURVE('',#3816,#3817,#626,.T.);
#4891=EDGE_CURVE('',#3806,#3817,#2366,.T.);
#4892=EDGE_CURVE('',#3817,#3818,#627,.T.);
#4893=EDGE_CURVE('',#3804,#3818,#1830,.F.);
#4894=EDGE_CURVE('',#3818,#3819,#628,.T.);
#4895=EDGE_CURVE('',#3802,#3819,#1831,.F.);
#4896=EDGE_CURVE('',#3819,#3820,#629,.T.);
#4897=EDGE_CURVE('',#3800,#3820,#2367,.T.);
#4898=EDGE_CURVE('',#3820,#3821,#630,.T.);
#4899=EDGE_CURVE('',#3798,#3821,#2368,.T.);
#4900=EDGE_CURVE('',#3821,#3822,#631,.T.);
#4901=EDGE_CURVE('',#3796,#3822,#2369,.T.);
#4902=EDGE_CURVE('',#3822,#3823,#2370,.T.);
#4903=EDGE_CURVE('',#3794,#3823,#2371,.T.);
#4904=EDGE_CURVE('',#3823,#3824,#632,.T.);
#4905=EDGE_CURVE('',#3792,#3824,#2372,.T.);
#4906=EDGE_CURVE('',#3824,#3825,#2373,.T.);
#4907=EDGE_CURVE('',#3790,#3825,#2374,.T.);
#4908=EDGE_CURVE('',#3825,#3826,#633,.T.);
#4909=EDGE_CURVE('',#3788,#3826,#2375,.T.);
#4910=EDGE_CURVE('',#3826,#3827,#2376,.T.);
#4911=EDGE_CURVE('',#3786,#3827,#2377,.T.);
#4912=EDGE_CURVE('',#3827,#3828,#634,.T.);
#4913=EDGE_CURVE('',#3783,#3828,#2378,.T.);
#4914=EDGE_CURVE('',#3828,#3829,#2379,.T.);
#4915=EDGE_CURVE('',#3782,#3829,#2380,.T.);
#4916=EDGE_CURVE('',#3829,#3814,#635,.T.);
#4917=EDGE_CURVE('',#3830,#3831,#2381,.T.);
#4918=EDGE_CURVE('',#3830,#3832,#2382,.T.);
#4919=EDGE_CURVE('',#3833,#3832,#2383,.T.);
#4920=EDGE_CURVE('',#3831,#3833,#2384,.T.);
#4921=EDGE_CURVE('',#3831,#3834,#636,.T.);
#4922=EDGE_CURVE('',#3835,#3833,#637,.T.);
#4923=EDGE_CURVE('',#3834,#3835,#2385,.T.);
#4924=EDGE_CURVE('',#3834,#3836,#2386,.T.);
#4925=EDGE_CURVE('',#3837,#3835,#2387,.T.);
#4926=EDGE_CURVE('',#3836,#3837,#2388,.T.);
#4927=EDGE_CURVE('',#3836,#3838,#638,.T.);
#4928=EDGE_CURVE('',#3839,#3837,#639,.T.);
#4929=EDGE_CURVE('',#3838,#3839,#2389,.T.);
#4930=EDGE_CURVE('',#3838,#3840,#2390,.T.);
#4931=EDGE_CURVE('',#3841,#3839,#2391,.T.);
#4932=EDGE_CURVE('',#3840,#3841,#2392,.T.);
#4933=EDGE_CURVE('',#3840,#3842,#640,.T.);
#4934=EDGE_CURVE('',#3843,#3841,#641,.T.);
#4935=EDGE_CURVE('',#3842,#3843,#2393,.T.);
#4936=EDGE_CURVE('',#3842,#3844,#2394,.T.);
#4937=EDGE_CURVE('',#3845,#3843,#2395,.T.);
#4938=EDGE_CURVE('',#3844,#3845,#2396,.T.);
#4939=EDGE_CURVE('',#3844,#3846,#642,.T.);
#4940=EDGE_CURVE('',#3847,#3845,#643,.T.);
#4941=EDGE_CURVE('',#3846,#3847,#2397,.T.);
#4942=EDGE_CURVE('',#3846,#3848,#644,.T.);
#4943=EDGE_CURVE('',#3849,#3847,#645,.T.);
#4944=EDGE_CURVE('',#3848,#3849,#2398,.T.);
#4945=EDGE_CURVE('',#3848,#3850,#646,.T.);
#4946=EDGE_CURVE('',#3851,#3849,#647,.T.);
#4947=EDGE_CURVE('',#3850,#3851,#2399,.T.);
#4948=EDGE_CURVE('',#3850,#3852,#648,.T.);
#4949=EDGE_CURVE('',#3853,#3851,#649,.T.);
#4950=EDGE_CURVE('',#3852,#3853,#2400,.T.);
#4951=EDGE_CURVE('',#3852,#3854,#650,.T.);
#4952=EDGE_CURVE('',#3855,#3853,#651,.T.);
#4953=EDGE_CURVE('',#3854,#3855,#2401,.T.);
#4954=EDGE_CURVE('',#3854,#3856,#652,.T.);
#4955=EDGE_CURVE('',#3857,#3855,#653,.T.);
#4956=EDGE_CURVE('',#3856,#3857,#2402,.T.);
#4957=EDGE_CURVE('',#3856,#3858,#654,.T.);
#4958=EDGE_CURVE('',#3859,#3857,#655,.T.);
#4959=EDGE_CURVE('',#3858,#3859,#2403,.T.);
#4960=EDGE_CURVE('',#3858,#3860,#2404,.T.);
#4961=EDGE_CURVE('',#3861,#3859,#2405,.T.);
#4962=EDGE_CURVE('',#3860,#3861,#2406,.T.);
#4963=EDGE_CURVE('',#3860,#3830,#656,.T.);
#4964=EDGE_CURVE('',#3832,#3861,#657,.T.);
#4965=EDGE_CURVE('',#3862,#3863,#2407,.T.);
#4966=EDGE_CURVE('',#3858,#3863,#2408,.T.);
#4967=EDGE_CURVE('',#3860,#3862,#2409,.T.);
#4968=EDGE_CURVE('',#3863,#3864,#658,.T.);
#4969=EDGE_CURVE('',#3856,#3864,#2410,.T.);
#4970=EDGE_CURVE('',#3864,#3865,#659,.T.);
#4971=EDGE_CURVE('',#3854,#3865,#2411,.T.);
#4972=EDGE_CURVE('',#3865,#3866,#660,.T.);
#4973=EDGE_CURVE('',#3852,#3866,#1832,.T.);
#4974=EDGE_CURVE('',#3866,#3867,#661,.T.);
#4975=EDGE_CURVE('',#3850,#3867,#1833,.T.);
#4976=EDGE_CURVE('',#3867,#3868,#662,.T.);
#4977=EDGE_CURVE('',#3848,#3868,#2412,.T.);
#4978=EDGE_CURVE('',#3868,#3869,#663,.T.);
#4979=EDGE_CURVE('',#3846,#3869,#2413,.T.);
#4980=EDGE_CURVE('',#3869,#3870,#664,.T.);
#4981=EDGE_CURVE('',#3844,#3870,#2414,.T.);
#4982=EDGE_CURVE('',#3870,#3871,#2415,.T.);
#4983=EDGE_CURVE('',#3842,#3871,#2416,.T.);
#4984=EDGE_CURVE('',#3871,#3872,#665,.T.);
#4985=EDGE_CURVE('',#3840,#3872,#2417,.T.);
#4986=EDGE_CURVE('',#3872,#3873,#2418,.T.);
#4987=EDGE_CURVE('',#3838,#3873,#2419,.T.);
#4988=EDGE_CURVE('',#3873,#3874,#666,.T.);
#4989=EDGE_CURVE('',#3836,#3874,#2420,.T.);
#4990=EDGE_CURVE('',#3874,#3875,#2421,.T.);
#4991=EDGE_CURVE('',#3834,#3875,#2422,.T.);
#4992=EDGE_CURVE('',#3875,#3876,#667,.T.);
#4993=EDGE_CURVE('',#3831,#3876,#2423,.T.);
#4994=EDGE_CURVE('',#3876,#3877,#2424,.T.);
#4995=EDGE_CURVE('',#3830,#3877,#2425,.T.);
#4996=EDGE_CURVE('',#3877,#3862,#668,.T.);
#4997=EDGE_CURVE('',#3878,#3879,#2426,.T.);
#4998=EDGE_CURVE('',#3878,#3879,#1834,.T.);
#4999=EDGE_CURVE('',#3880,#3881,#2427,.T.);
#5000=EDGE_CURVE('',#3879,#3881,#1835,.T.);
#5001=EDGE_CURVE('',#3880,#3878,#1836,.T.);
#5002=EDGE_CURVE('',#3882,#3883,#2428,.T.);
#5003=EDGE_CURVE('',#3881,#3883,#1837,.T.);
#5004=EDGE_CURVE('',#3882,#3880,#1838,.T.);
#5005=EDGE_CURVE('',#3884,#3885,#2429,.T.);
#5006=EDGE_CURVE('',#3886,#3884,#1839,.T.);
#5007=EDGE_CURVE('',#3887,#3886,#1840,.T.);
#5008=EDGE_CURVE('',#3888,#3887,#1841,.T.);
#5009=EDGE_CURVE('',#3885,#3888,#1842,.T.);
#5010=EDGE_CURVE('',#3883,#3885,#1843,.T.);
#5011=EDGE_CURVE('',#3884,#3882,#1844,.T.);
#5012=EDGE_CURVE('',#3889,#3889,#669,.T.);
#5013=EDGE_CURVE('',#3889,#3887,#2430,.T.);
#5014=EDGE_CURVE('',#3886,#3890,#670,.T.);
#5015=EDGE_CURVE('',#3890,#3888,#671,.T.);
#5016=EDGE_CURVE('',#3891,#3878,#672,.T.);
#5017=EDGE_CURVE('',#3891,#3890,#1845,.T.);
#5018=EDGE_CURVE('',#3892,#3892,#673,.T.);
#5019=EDGE_CURVE('',#3892,#3891,#2431,.T.);
#5020=EDGE_CURVE('',#3879,#3891,#674,.T.);
#5021=EDGE_CURVE('',#3893,#3894,#2432,.T.);
#5022=EDGE_CURVE('',#3895,#3894,#2433,.T.);
#5023=EDGE_CURVE('',#3896,#3895,#2434,.T.);
#5024=EDGE_CURVE('',#3897,#3896,#2435,.F.);
#5025=EDGE_CURVE('',#3897,#3898,#2436,.T.);
#5026=EDGE_CURVE('',#3899,#3898,#2437,.T.);
#5027=EDGE_CURVE('',#3899,#3893,#13,.T.);
#5028=EDGE_CURVE('',#3900,#3901,#14,.T.);
#5029=EDGE_CURVE('',#3902,#3901,#2438,.T.);
#5030=EDGE_CURVE('',#3903,#3902,#2439,.T.);
#5031=EDGE_CURVE('',#3904,#3903,#2440,.F.);
#5032=EDGE_CURVE('',#3904,#3905,#2441,.T.);
#5033=EDGE_CURVE('',#3906,#3905,#2442,.T.);
#5034=EDGE_CURVE('',#3906,#3907,#15,.T.);
#5035=EDGE_CURVE('',#3907,#3900,#2443,.T.);
#5036=EDGE_CURVE('',#3908,#3909,#16,.T.);
#5037=EDGE_CURVE('',#3910,#3909,#2444,.T.);
#5038=EDGE_CURVE('',#3911,#3910,#2445,.T.);
#5039=EDGE_CURVE('',#3912,#3911,#2446,.F.);
#5040=EDGE_CURVE('',#3912,#3913,#2447,.T.);
#5041=EDGE_CURVE('',#3913,#3914,#2448,.T.);
#5042=EDGE_CURVE('',#3914,#3908,#2449,.T.);
#5043=EDGE_CURVE('',#3915,#3913,#2450,.T.);
#5044=EDGE_CURVE('',#3916,#3915,#2451,.F.);
#5045=EDGE_CURVE('',#3916,#3917,#2452,.T.);
#5046=EDGE_CURVE('',#3914,#3917,#2453,.T.);
#5047=EDGE_CURVE('',#3894,#3918,#2454,.T.);
#5048=EDGE_CURVE('',#3919,#3918,#2455,.T.);
#5049=EDGE_CURVE('',#3920,#3919,#2456,.F.);
#5050=EDGE_CURVE('',#3920,#3895,#2457,.T.);
#5051=EDGE_CURVE('',#3921,#3916,#675,.F.);
#5052=EDGE_CURVE('',#3916,#3922,#2458,.T.);
#5053=EDGE_CURVE('',#3923,#3922,#676,.T.);
#5054=EDGE_CURVE('',#3921,#3923,#2459,.F.);
#5055=EDGE_CURVE('',#3915,#3924,#2460,.T.);
#5056=EDGE_CURVE('',#3922,#3924,#2461,.T.);
#5057=EDGE_CURVE('',#3915,#3912,#677,.F.);
#5058=EDGE_CURVE('',#3912,#3925,#2462,.T.);
#5059=EDGE_CURVE('',#3924,#3925,#678,.T.);
#5060=EDGE_CURVE('',#3911,#3926,#2463,.T.);
#5061=EDGE_CURVE('',#3925,#3926,#2464,.T.);
#5062=EDGE_CURVE('',#3911,#3904,#679,.F.);
#5063=EDGE_CURVE('',#3904,#3927,#2465,.T.);
#5064=EDGE_CURVE('',#3926,#3927,#680,.T.);
#5065=EDGE_CURVE('',#3903,#3928,#2466,.T.);
#5066=EDGE_CURVE('',#3927,#3928,#2467,.T.);
#5067=EDGE_CURVE('',#3903,#3897,#681,.F.);
#5068=EDGE_CURVE('',#3897,#3929,#2468,.T.);
#5069=EDGE_CURVE('',#3928,#3929,#682,.T.);
#5070=EDGE_CURVE('',#3896,#3930,#2469,.T.);
#5071=EDGE_CURVE('',#3929,#3930,#2470,.T.);
#5072=EDGE_CURVE('',#3896,#3920,#683,.F.);
#5073=EDGE_CURVE('',#3920,#3931,#2471,.T.);
#5074=EDGE_CURVE('',#3930,#3931,#684,.T.);
#5075=EDGE_CURVE('',#3919,#3932,#2472,.T.);
#5076=EDGE_CURVE('',#3931,#3932,#2473,.T.);
#5077=EDGE_CURVE('',#3919,#3933,#685,.F.);
#5078=EDGE_CURVE('',#3933,#3934,#2474,.T.);
#5079=EDGE_CURVE('',#3932,#3934,#686,.T.);
#5080=EDGE_CURVE('',#3933,#3935,#2475,.F.);
#5081=EDGE_CURVE('',#3935,#3936,#2476,.T.);
#5082=EDGE_CURVE('',#3934,#3936,#2477,.T.);
#5083=EDGE_CURVE('',#3935,#3937,#687,.F.);
#5084=EDGE_CURVE('',#3937,#3938,#2478,.T.);
#5085=EDGE_CURVE('',#3936,#3938,#688,.T.);
#5086=EDGE_CURVE('',#3937,#3939,#2479,.F.);
#5087=EDGE_CURVE('',#3939,#3940,#2480,.F.);
#5088=EDGE_CURVE('',#3938,#3940,#2481,.T.);
#5089=EDGE_CURVE('',#3939,#3941,#689,.F.);
#5090=EDGE_CURVE('',#3941,#3942,#2482,.T.);
#5091=EDGE_CURVE('',#3940,#3942,#690,.T.);
#5092=EDGE_CURVE('',#3941,#3921,#2483,.F.);
#5093=EDGE_CURVE('',#3942,#3923,#2484,.T.);
#5094=EDGE_CURVE('',#3943,#3917,#17,.F.);
#5095=EDGE_CURVE('',#3921,#3943,#18,.F.);
#5096=EDGE_CURVE('',#3941,#3908,#2485,.T.);
#5097=EDGE_CURVE('',#3939,#3907,#19,.F.);
#5098=EDGE_CURVE('',#3909,#3906,#691,.T.);
#5099=EDGE_CURVE('',#3937,#3900,#2486,.T.);
#5100=EDGE_CURVE('',#3935,#3893,#20,.T.);
#5101=EDGE_CURVE('',#3901,#3899,#692,.T.);
#5102=EDGE_CURVE('',#3933,#3918,#2487,.T.);
#5103=EDGE_CURVE('',#3898,#3902,#693,.T.);
#5104=EDGE_CURVE('',#3905,#3910,#694,.T.);
#5105=EDGE_CURVE('',#3943,#3944,#2488,.T.);
#5106=EDGE_CURVE('',#3945,#3946,#695,.T.);
#5107=EDGE_CURVE('',#3945,#3947,#2489,.T.);
#5108=EDGE_CURVE('',#3948,#3947,#696,.T.);
#5109=EDGE_CURVE('',#3946,#3948,#2490,.T.);
#5110=EDGE_CURVE('',#3946,#3949,#2491,.T.);
#5111=EDGE_CURVE('',#3950,#3948,#2492,.T.);
#5112=EDGE_CURVE('',#3949,#3950,#2493,.T.);
#5113=EDGE_CURVE('',#3949,#3951,#697,.T.);
#5114=EDGE_CURVE('',#3952,#3950,#698,.T.);
#5115=EDGE_CURVE('',#3951,#3952,#2494,.T.);
#5116=EDGE_CURVE('',#3951,#3953,#2495,.T.);
#5117=EDGE_CURVE('',#3954,#3952,#2496,.T.);
#5118=EDGE_CURVE('',#3953,#3954,#2497,.T.);
#5119=EDGE_CURVE('',#3953,#3955,#699,.T.);
#5120=EDGE_CURVE('',#3956,#3954,#700,.T.);
#5121=EDGE_CURVE('',#3955,#3956,#2498,.T.);
#5122=EDGE_CURVE('',#3955,#3957,#2499,.T.);
#5123=EDGE_CURVE('',#3958,#3956,#2500,.T.);
#5124=EDGE_CURVE('',#3957,#3958,#2501,.T.);
#5125=EDGE_CURVE('',#3957,#3959,#701,.T.);
#5126=EDGE_CURVE('',#3960,#3958,#702,.T.);
#5127=EDGE_CURVE('',#3959,#3960,#2502,.T.);
#5128=EDGE_CURVE('',#3959,#3961,#2503,.T.);
#5129=EDGE_CURVE('',#3962,#3960,#2504,.T.);
#5130=EDGE_CURVE('',#3961,#3962,#2505,.T.);
#5131=EDGE_CURVE('',#3961,#3963,#703,.T.);
#5132=EDGE_CURVE('',#3964,#3962,#704,.T.);
#5133=EDGE_CURVE('',#3963,#3964,#2506,.T.);
#5134=EDGE_CURVE('',#3963,#3965,#2507,.T.);
#5135=EDGE_CURVE('',#3966,#3964,#2508,.T.);
#5136=EDGE_CURVE('',#3965,#3966,#2509,.T.);
#5137=EDGE_CURVE('',#3965,#3967,#705,.T.);
#5138=EDGE_CURVE('',#3968,#3966,#706,.T.);
#5139=EDGE_CURVE('',#3967,#3968,#2510,.T.);
#5140=EDGE_CURVE('',#3967,#3969,#2511,.T.);
#5141=EDGE_CURVE('',#3970,#3968,#2512,.T.);
#5142=EDGE_CURVE('',#3969,#3970,#2513,.T.);
#5143=EDGE_CURVE('',#3969,#3971,#707,.T.);
#5144=EDGE_CURVE('',#3972,#3970,#708,.T.);
#5145=EDGE_CURVE('',#3971,#3972,#2514,.T.);
#5146=EDGE_CURVE('',#3971,#3973,#2515,.T.);
#5147=EDGE_CURVE('',#3974,#3972,#2516,.T.);
#5148=EDGE_CURVE('',#3973,#3974,#2517,.T.);
#5149=EDGE_CURVE('',#3973,#3975,#709,.T.);
#5150=EDGE_CURVE('',#3976,#3974,#710,.T.);
#5151=EDGE_CURVE('',#3975,#3976,#2518,.T.);
#5152=EDGE_CURVE('',#3975,#3945,#2519,.T.);
#5153=EDGE_CURVE('',#3947,#3976,#2520,.T.);
#5154=EDGE_CURVE('',#3977,#3978,#2521,.T.);
#5155=EDGE_CURVE('',#3975,#3978,#2522,.T.);
#5156=EDGE_CURVE('',#3945,#3977,#21,.T.);
#5157=EDGE_CURVE('',#3978,#3979,#711,.T.);
#5158=EDGE_CURVE('',#3973,#3979,#22,.T.);
#5159=EDGE_CURVE('',#3979,#3980,#2523,.T.);
#5160=EDGE_CURVE('',#3971,#3980,#2524,.T.);
#5161=EDGE_CURVE('',#3980,#3981,#712,.T.);
#5162=EDGE_CURVE('',#3969,#3981,#23,.T.);
#5163=EDGE_CURVE('',#3981,#3982,#2525,.T.);
#5164=EDGE_CURVE('',#3967,#3982,#2526,.T.);
#5165=EDGE_CURVE('',#3982,#3983,#713,.T.);
#5166=EDGE_CURVE('',#3965,#3983,#2527,.T.);
#5167=EDGE_CURVE('',#3983,#3984,#2528,.T.);
#5168=EDGE_CURVE('',#3963,#3984,#2529,.T.);
#5169=EDGE_CURVE('',#3984,#3985,#714,.T.);
#5170=EDGE_CURVE('',#3961,#3985,#2530,.T.);
#5171=EDGE_CURVE('',#3985,#3986,#2531,.T.);
#5172=EDGE_CURVE('',#3959,#3986,#2532,.T.);
#5173=EDGE_CURVE('',#3986,#3987,#715,.T.);
#5174=EDGE_CURVE('',#3957,#3987,#2533,.T.);
#5175=EDGE_CURVE('',#3987,#3988,#2534,.T.);
#5176=EDGE_CURVE('',#3955,#3988,#2535,.T.);
#5177=EDGE_CURVE('',#3988,#3989,#716,.T.);
#5178=EDGE_CURVE('',#3953,#3989,#2536,.T.);
#5179=EDGE_CURVE('',#3989,#3990,#2537,.T.);
#5180=EDGE_CURVE('',#3951,#3990,#2538,.T.);
#5181=EDGE_CURVE('',#3990,#3991,#717,.T.);
#5182=EDGE_CURVE('',#3949,#3991,#2539,.T.);
#5183=EDGE_CURVE('',#3991,#3992,#2540,.T.);
#5184=EDGE_CURVE('',#3946,#3992,#2541,.T.);
#5185=EDGE_CURVE('',#3992,#3977,#718,.T.);
#5186=EDGE_CURVE('',#3993,#3993,#719,.T.);
#5187=EDGE_CURVE('',#3993,#3994,#2542,.T.);
#5188=EDGE_CURVE('',#3994,#3995,#720,.T.);
#5189=EDGE_CURVE('',#3995,#3994,#721,.T.);
#5190=EDGE_CURVE('',#3995,#3996,#2543,.T.);
#5191=EDGE_CURVE('',#3996,#3996,#722,.T.);
#5192=EDGE_CURVE('',#3997,#3998,#1846,.F.);
#5193=EDGE_CURVE('',#3998,#3999,#723,.T.);
#5194=EDGE_CURVE('',#3999,#4000,#1847,.F.);
#5195=EDGE_CURVE('',#4000,#3997,#724,.T.);
#5196=EDGE_CURVE('',#3998,#4001,#2544,.T.);
#5197=EDGE_CURVE('',#4001,#4002,#725,.T.);
#5198=EDGE_CURVE('',#4002,#3999,#2545,.T.);
#5199=EDGE_CURVE('',#4003,#4004,#1848,.F.);
#5200=EDGE_CURVE('',#4004,#4005,#726,.T.);
#5201=EDGE_CURVE('',#4005,#4006,#1849,.F.);
#5202=EDGE_CURVE('',#4006,#4003,#727,.T.);
#5203=EDGE_CURVE('',#4004,#4007,#2546,.T.);
#5204=EDGE_CURVE('',#4007,#4008,#728,.T.);
#5205=EDGE_CURVE('',#4008,#4005,#2547,.T.);
#5206=EDGE_CURVE('',#4009,#4010,#1850,.F.);
#5207=EDGE_CURVE('',#4010,#4011,#729,.T.);
#5208=EDGE_CURVE('',#4011,#4012,#1851,.F.);
#5209=EDGE_CURVE('',#4012,#4009,#730,.T.);
#5210=EDGE_CURVE('',#4010,#4013,#2548,.T.);
#5211=EDGE_CURVE('',#4013,#4014,#731,.T.);
#5212=EDGE_CURVE('',#4014,#4015,#732,.T.);
#5213=EDGE_CURVE('',#4015,#4011,#2549,.T.);
#5214=EDGE_CURVE('',#4016,#4017,#1852,.F.);
#5215=EDGE_CURVE('',#4017,#4018,#733,.T.);
#5216=EDGE_CURVE('',#4018,#4019,#1853,.F.);
#5217=EDGE_CURVE('',#4019,#4016,#734,.T.);
#5218=EDGE_CURVE('',#4017,#4020,#2550,.T.);
#5219=EDGE_CURVE('',#4020,#4021,#735,.T.);
#5220=EDGE_CURVE('',#4021,#4018,#2551,.T.);
#5221=EDGE_CURVE('',#4022,#4023,#736,.T.);
#5222=EDGE_CURVE('',#4023,#4022,#737,.T.);
#5223=EDGE_CURVE('',#4022,#4024,#738,.T.);
#5224=EDGE_CURVE('',#4024,#4024,#739,.T.);
#5225=EDGE_CURVE('',#4025,#4000,#740,.T.);
#5226=EDGE_CURVE('',#4026,#4025,#1854,.T.);
#5227=EDGE_CURVE('',#4016,#4026,#741,.T.);
#5228=EDGE_CURVE('',#4027,#4019,#742,.T.);
#5229=EDGE_CURVE('',#4028,#4027,#1855,.T.);
#5230=EDGE_CURVE('',#4009,#4028,#743,.T.);
#5231=EDGE_CURVE('',#4029,#4012,#744,.T.);
#5232=EDGE_CURVE('',#4030,#4029,#1856,.T.);
#5233=EDGE_CURVE('',#4003,#4030,#745,.T.);
#5234=EDGE_CURVE('',#4031,#4006,#746,.T.);
#5235=EDGE_CURVE('',#4032,#4031,#1857,.T.);
#5236=EDGE_CURVE('',#3997,#4032,#747,.T.);
#5237=EDGE_CURVE('',#4033,#4033,#748,.T.);
#5238=EDGE_CURVE('',#4033,#4023,#2552,.T.);
#5239=EDGE_CURVE('',#4034,#4008,#24,.T.);
#5240=EDGE_CURVE('',#4031,#4034,#2553,.T.);
#5241=EDGE_CURVE('',#4030,#4035,#2554,.T.);
#5242=EDGE_CURVE('',#4007,#4035,#25,.T.);
#5243=EDGE_CURVE('',#4029,#4036,#2555,.T.);
#5244=EDGE_CURVE('',#4035,#4036,#1858,.T.);
#5245=EDGE_CURVE('',#4036,#4015,#26,.T.);
#5246=EDGE_CURVE('',#4028,#4037,#2556,.T.);
#5247=EDGE_CURVE('',#4013,#4037,#27,.T.);
#5248=EDGE_CURVE('',#4027,#4038,#2557,.T.);
#5249=EDGE_CURVE('',#4037,#4038,#1859,.T.);
#5250=EDGE_CURVE('',#4039,#4034,#1860,.T.);
#5251=EDGE_CURVE('',#4032,#4039,#2558,.T.);
#5252=EDGE_CURVE('',#4040,#4002,#28,.T.);
#5253=EDGE_CURVE('',#4025,#4040,#2559,.T.);
#5254=EDGE_CURVE('',#4038,#4021,#29,.T.);
#5255=EDGE_CURVE('',#4026,#4041,#2560,.T.);
#5256=EDGE_CURVE('',#4020,#4041,#30,.T.);
#5257=EDGE_CURVE('',#4041,#4040,#1861,.T.);
#5258=EDGE_CURVE('',#4001,#4039,#31,.T.);
#5259=EDGE_CURVE('',#4042,#4014,#2561,.T.);
#5260=EDGE_CURVE('',#4043,#4043,#749,.T.);
#5261=EDGE_CURVE('',#4044,#4044,#750,.T.);
#5262=EDGE_CURVE('',#4044,#4043,#2562,.T.);
#5263=EDGE_CURVE('',#3996,#4044,#2563,.T.);
#5264=EDGE_CURVE('',#4045,#4045,#751,.T.);
#5265=EDGE_CURVE('',#4045,#4046,#2564,.T.);
#5266=EDGE_CURVE('',#4046,#4047,#752,.T.);
#5267=EDGE_CURVE('',#4047,#4046,#753,.T.);
#5268=EDGE_CURVE('',#4047,#4048,#2565,.T.);
#5269=EDGE_CURVE('',#4048,#4048,#754,.T.);
#5270=EDGE_CURVE('',#4049,#4050,#1862,.F.);
#5271=EDGE_CURVE('',#4050,#4051,#755,.T.);
#5272=EDGE_CURVE('',#4051,#4052,#1863,.F.);
#5273=EDGE_CURVE('',#4052,#4049,#756,.T.);
#5274=EDGE_CURVE('',#4050,#4053,#2566,.T.);
#5275=EDGE_CURVE('',#4053,#4054,#757,.T.);
#5276=EDGE_CURVE('',#4054,#4051,#2567,.T.);
#5277=EDGE_CURVE('',#4055,#4056,#1864,.F.);
#5278=EDGE_CURVE('',#4056,#4057,#758,.T.);
#5279=EDGE_CURVE('',#4057,#4058,#1865,.F.);
#5280=EDGE_CURVE('',#4058,#4055,#759,.T.);
#5281=EDGE_CURVE('',#4056,#4059,#2568,.T.);
#5282=EDGE_CURVE('',#4059,#4060,#760,.T.);
#5283=EDGE_CURVE('',#4060,#4057,#2569,.T.);
#5284=EDGE_CURVE('',#4061,#4062,#1866,.F.);
#5285=EDGE_CURVE('',#4062,#4063,#761,.T.);
#5286=EDGE_CURVE('',#4063,#4064,#1867,.F.);
#5287=EDGE_CURVE('',#4064,#4061,#762,.T.);
#5288=EDGE_CURVE('',#4062,#4065,#2570,.T.);
#5289=EDGE_CURVE('',#4065,#4066,#763,.T.);
#5290=EDGE_CURVE('',#4066,#4067,#764,.T.);
#5291=EDGE_CURVE('',#4067,#4063,#2571,.T.);
#5292=EDGE_CURVE('',#4068,#4069,#1868,.F.);
#5293=EDGE_CURVE('',#4069,#4070,#765,.T.);
#5294=EDGE_CURVE('',#4070,#4071,#1869,.F.);
#5295=EDGE_CURVE('',#4071,#4068,#766,.T.);
#5296=EDGE_CURVE('',#4069,#4072,#2572,.T.);
#5297=EDGE_CURVE('',#4072,#4073,#767,.T.);
#5298=EDGE_CURVE('',#4073,#4070,#2573,.T.);
#5299=EDGE_CURVE('',#4074,#4075,#768,.T.);
#5300=EDGE_CURVE('',#4075,#4074,#769,.T.);
#5301=EDGE_CURVE('',#4074,#4076,#770,.T.);
#5302=EDGE_CURVE('',#4076,#4076,#771,.T.);
#5303=EDGE_CURVE('',#4077,#4052,#772,.T.);
#5304=EDGE_CURVE('',#4078,#4077,#1870,.T.);
#5305=EDGE_CURVE('',#4068,#4078,#773,.T.);
#5306=EDGE_CURVE('',#4079,#4071,#774,.T.);
#5307=EDGE_CURVE('',#4080,#4079,#1871,.T.);
#5308=EDGE_CURVE('',#4061,#4080,#775,.T.);
#5309=EDGE_CURVE('',#4081,#4064,#776,.T.);
#5310=EDGE_CURVE('',#4082,#4081,#1872,.T.);
#5311=EDGE_CURVE('',#4055,#4082,#777,.T.);
#5312=EDGE_CURVE('',#4083,#4058,#778,.T.);
#5313=EDGE_CURVE('',#4084,#4083,#1873,.T.);
#5314=EDGE_CURVE('',#4049,#4084,#779,.T.);
#5315=EDGE_CURVE('',#4085,#4085,#780,.T.);
#5316=EDGE_CURVE('',#4085,#4075,#2574,.T.);
#5317=EDGE_CURVE('',#4086,#4060,#32,.T.);
#5318=EDGE_CURVE('',#4083,#4086,#2575,.T.);
#5319=EDGE_CURVE('',#4082,#4087,#2576,.T.);
#5320=EDGE_CURVE('',#4059,#4087,#33,.T.);
#5321=EDGE_CURVE('',#4081,#4088,#2577,.T.);
#5322=EDGE_CURVE('',#4087,#4088,#1874,.T.);
#5323=EDGE_CURVE('',#4088,#4067,#34,.T.);
#5324=EDGE_CURVE('',#4080,#4089,#2578,.T.);
#5325=EDGE_CURVE('',#4065,#4089,#35,.T.);
#5326=EDGE_CURVE('',#4079,#4090,#2579,.T.);
#5327=EDGE_CURVE('',#4089,#4090,#1875,.T.);
#5328=EDGE_CURVE('',#4091,#4086,#1876,.T.);
#5329=EDGE_CURVE('',#4084,#4091,#2580,.T.);
#5330=EDGE_CURVE('',#4092,#4054,#36,.T.);
#5331=EDGE_CURVE('',#4077,#4092,#2581,.T.);
#5332=EDGE_CURVE('',#4090,#4073,#37,.T.);
#5333=EDGE_CURVE('',#4078,#4093,#2582,.T.);
#5334=EDGE_CURVE('',#4072,#4093,#38,.T.);
#5335=EDGE_CURVE('',#4093,#4092,#1877,.T.);
#5336=EDGE_CURVE('',#4053,#4091,#39,.T.);
#5337=EDGE_CURVE('',#4094,#4066,#2583,.T.);
#5338=EDGE_CURVE('',#4095,#4095,#781,.T.);
#5339=EDGE_CURVE('',#4096,#4096,#782,.T.);
#5340=EDGE_CURVE('',#4096,#4095,#2584,.T.);
#5341=EDGE_CURVE('',#4048,#4096,#2585,.T.);
#5342=ORIENTED_EDGE('',*,*,#4097,.T.);
#5343=ORIENTED_EDGE('',*,*,#4098,.F.);
#5344=ORIENTED_EDGE('',*,*,#4099,.T.);
#5345=ORIENTED_EDGE('',*,*,#4100,.T.);
#5346=ORIENTED_EDGE('',*,*,#4101,.T.);
#5347=ORIENTED_EDGE('',*,*,#4100,.F.);
#5348=ORIENTED_EDGE('',*,*,#4102,.F.);
#5349=ORIENTED_EDGE('',*,*,#4098,.T.);
#5350=ORIENTED_EDGE('',*,*,#4099,.F.);
#5351=ORIENTED_EDGE('',*,*,#4103,.F.);
#5352=ORIENTED_EDGE('',*,*,#4104,.F.);
#5353=ORIENTED_EDGE('',*,*,#4105,.F.);
#5354=ORIENTED_EDGE('',*,*,#4106,.F.);
#5355=ORIENTED_EDGE('',*,*,#4107,.F.);
#5356=ORIENTED_EDGE('',*,*,#4097,.F.);
#5357=ORIENTED_EDGE('',*,*,#4108,.F.);
#5358=ORIENTED_EDGE('',*,*,#4109,.F.);
#5359=ORIENTED_EDGE('',*,*,#4110,.F.);
#5360=ORIENTED_EDGE('',*,*,#4111,.T.);
#5361=ORIENTED_EDGE('',*,*,#4112,.T.);
#5362=ORIENTED_EDGE('',*,*,#4113,.T.);
#5363=ORIENTED_EDGE('',*,*,#4114,.T.);
#5364=ORIENTED_EDGE('',*,*,#4115,.T.);
#5365=ORIENTED_EDGE('',*,*,#4116,.T.);
#5366=ORIENTED_EDGE('',*,*,#4106,.T.);
#5367=ORIENTED_EDGE('',*,*,#4113,.F.);
#5368=ORIENTED_EDGE('',*,*,#4117,.T.);
#5369=ORIENTED_EDGE('',*,*,#4118,.T.);
#5370=ORIENTED_EDGE('',*,*,#4103,.T.);
#5371=ORIENTED_EDGE('',*,*,#4102,.T.);
#5372=ORIENTED_EDGE('',*,*,#4107,.T.);
#5373=ORIENTED_EDGE('',*,*,#4116,.F.);
#5374=ORIENTED_EDGE('',*,*,#4119,.T.);
#5375=ORIENTED_EDGE('',*,*,#4120,.T.);
#5376=ORIENTED_EDGE('',*,*,#4121,.T.);
#5377=ORIENTED_EDGE('',*,*,#4104,.T.);
#5378=ORIENTED_EDGE('',*,*,#4118,.F.);
#5379=ORIENTED_EDGE('',*,*,#4122,.T.);
#5380=ORIENTED_EDGE('',*,*,#4123,.T.);
#5381=ORIENTED_EDGE('',*,*,#4124,.T.);
#5382=ORIENTED_EDGE('',*,*,#4121,.F.);
#5383=ORIENTED_EDGE('',*,*,#4123,.F.);
#5384=ORIENTED_EDGE('',*,*,#4122,.F.);
#5385=ORIENTED_EDGE('',*,*,#4125,.T.);
#5386=ORIENTED_EDGE('',*,*,#4126,.T.);
#5387=ORIENTED_EDGE('',*,*,#4127,.T.);
#5388=ORIENTED_EDGE('',*,*,#4128,.T.);
#5389=ORIENTED_EDGE('',*,*,#4129,.T.);
#5390=ORIENTED_EDGE('',*,*,#4130,.T.);
#5391=ORIENTED_EDGE('',*,*,#4131,.F.);
#5392=ORIENTED_EDGE('',*,*,#4132,.T.);
#5393=ORIENTED_EDGE('',*,*,#4133,.T.);
#5394=ORIENTED_EDGE('',*,*,#4134,.F.);
#5395=ORIENTED_EDGE('',*,*,#4135,.F.);
#5396=ORIENTED_EDGE('',*,*,#4136,.T.);
#5397=ORIENTED_EDGE('',*,*,#4119,.F.);
#5398=ORIENTED_EDGE('',*,*,#4137,.F.);
#5399=ORIENTED_EDGE('',*,*,#4138,.T.);
#5400=ORIENTED_EDGE('',*,*,#4125,.F.);
#5401=ORIENTED_EDGE('',*,*,#4120,.F.);
#5402=ORIENTED_EDGE('',*,*,#4136,.F.);
#5403=ORIENTED_EDGE('',*,*,#4139,.F.);
#5404=ORIENTED_EDGE('',*,*,#4140,.F.);
#5405=ORIENTED_EDGE('',*,*,#4141,.T.);
#5406=ORIENTED_EDGE('',*,*,#4142,.F.);
#5407=ORIENTED_EDGE('',*,*,#4143,.T.);
#5408=ORIENTED_EDGE('',*,*,#4144,.F.);
#5409=ORIENTED_EDGE('',*,*,#4145,.F.);
#5410=ORIENTED_EDGE('',*,*,#4146,.F.);
#5411=ORIENTED_EDGE('',*,*,#4117,.F.);
#5412=ORIENTED_EDGE('',*,*,#4115,.F.);
#5413=ORIENTED_EDGE('',*,*,#4147,.T.);
#5414=ORIENTED_EDGE('',*,*,#4148,.F.);
#5415=ORIENTED_EDGE('',*,*,#4149,.F.);
#5416=ORIENTED_EDGE('',*,*,#4137,.T.);
#5417=ORIENTED_EDGE('',*,*,#4124,.F.);
#5418=ORIENTED_EDGE('',*,*,#4150,.T.);
#5419=ORIENTED_EDGE('',*,*,#4114,.F.);
#5420=ORIENTED_EDGE('',*,*,#4105,.T.);
#5421=ORIENTED_EDGE('',*,*,#4147,.F.);
#5422=ORIENTED_EDGE('',*,*,#4150,.F.);
#5423=ORIENTED_EDGE('',*,*,#4128,.F.);
#5424=ORIENTED_EDGE('',*,*,#4151,.F.);
#5425=ORIENTED_EDGE('',*,*,#4152,.F.);
#5426=ORIENTED_EDGE('',*,*,#4153,.F.);
#5427=ORIENTED_EDGE('',*,*,#4154,.T.);
#5428=ORIENTED_EDGE('',*,*,#4155,.F.);
#5429=ORIENTED_EDGE('',*,*,#4156,.F.);
#5430=ORIENTED_EDGE('',*,*,#4157,.F.);
#5431=ORIENTED_EDGE('',*,*,#4158,.F.);
#5432=ORIENTED_EDGE('',*,*,#4143,.F.);
#5433=ORIENTED_EDGE('',*,*,#4159,.F.);
#5434=ORIENTED_EDGE('',*,*,#4160,.F.);
#5435=ORIENTED_EDGE('',*,*,#4161,.F.);
#5436=ORIENTED_EDGE('',*,*,#4130,.F.);
#5437=ORIENTED_EDGE('',*,*,#4162,.T.);
#5438=ORIENTED_EDGE('',*,*,#4112,.F.);
#5439=ORIENTED_EDGE('',*,*,#4162,.F.);
#5440=ORIENTED_EDGE('',*,*,#4129,.F.);
#5441=ORIENTED_EDGE('',*,*,#4163,.F.);
#5442=ORIENTED_EDGE('',*,*,#4164,.F.);
#5443=ORIENTED_EDGE('',*,*,#4165,.F.);
#5444=ORIENTED_EDGE('',*,*,#4141,.F.);
#5445=ORIENTED_EDGE('',*,*,#4166,.F.);
#5446=ORIENTED_EDGE('',*,*,#4167,.F.);
#5447=ORIENTED_EDGE('',*,*,#4168,.F.);
#5448=ORIENTED_EDGE('',*,*,#4133,.F.);
#5449=ORIENTED_EDGE('',*,*,#4169,.T.);
#5450=ORIENTED_EDGE('',*,*,#4111,.F.);
#5451=ORIENTED_EDGE('',*,*,#4169,.F.);
#5452=ORIENTED_EDGE('',*,*,#4132,.F.);
#5453=ORIENTED_EDGE('',*,*,#4168,.T.);
#5454=ORIENTED_EDGE('',*,*,#4170,.T.);
#5455=ORIENTED_EDGE('',*,*,#4171,.F.);
#5456=ORIENTED_EDGE('',*,*,#4134,.T.);
#5457=ORIENTED_EDGE('',*,*,#4161,.T.);
#5458=ORIENTED_EDGE('',*,*,#4172,.T.);
#5459=ORIENTED_EDGE('',*,*,#4163,.T.);
#5460=ORIENTED_EDGE('',*,*,#4131,.T.);
#5461=ORIENTED_EDGE('',*,*,#4167,.T.);
#5462=ORIENTED_EDGE('',*,*,#4173,.F.);
#5463=ORIENTED_EDGE('',*,*,#4174,.F.);
#5464=ORIENTED_EDGE('',*,*,#4170,.F.);
#5465=ORIENTED_EDGE('',*,*,#4160,.T.);
#5466=ORIENTED_EDGE('',*,*,#4175,.F.);
#5467=ORIENTED_EDGE('',*,*,#4164,.T.);
#5468=ORIENTED_EDGE('',*,*,#4172,.F.);
#5469=ORIENTED_EDGE('',*,*,#4166,.T.);
#5470=ORIENTED_EDGE('',*,*,#4140,.T.);
#5471=ORIENTED_EDGE('',*,*,#4176,.F.);
#5472=ORIENTED_EDGE('',*,*,#4173,.T.);
#5473=ORIENTED_EDGE('',*,*,#4159,.T.);
#5474=ORIENTED_EDGE('',*,*,#4142,.T.);
#5475=ORIENTED_EDGE('',*,*,#4165,.T.);
#5476=ORIENTED_EDGE('',*,*,#4175,.T.);
#5477=ORIENTED_EDGE('',*,*,#4177,.F.);
#5478=ORIENTED_EDGE('',*,*,#4178,.T.);
#5479=ORIENTED_EDGE('',*,*,#4126,.F.);
#5480=ORIENTED_EDGE('',*,*,#4138,.F.);
#5481=ORIENTED_EDGE('',*,*,#4149,.T.);
#5482=ORIENTED_EDGE('',*,*,#4179,.T.);
#5483=ORIENTED_EDGE('',*,*,#4178,.F.);
#5484=ORIENTED_EDGE('',*,*,#4180,.T.);
#5485=ORIENTED_EDGE('',*,*,#4181,.T.);
#5486=ORIENTED_EDGE('',*,*,#4182,.T.);
#5487=ORIENTED_EDGE('',*,*,#4183,.T.);
#5488=ORIENTED_EDGE('',*,*,#4184,.T.);
#5489=ORIENTED_EDGE('',*,*,#4185,.T.);
#5490=ORIENTED_EDGE('',*,*,#4151,.T.);
#5491=ORIENTED_EDGE('',*,*,#4127,.F.);
#5492=ORIENTED_EDGE('',*,*,#4186,.T.);
#5493=ORIENTED_EDGE('',*,*,#4176,.T.);
#5494=ORIENTED_EDGE('',*,*,#4187,.T.);
#5495=ORIENTED_EDGE('',*,*,#4188,.T.);
#5496=ORIENTED_EDGE('',*,*,#4158,.T.);
#5497=ORIENTED_EDGE('',*,*,#4189,.T.);
#5498=ORIENTED_EDGE('',*,*,#4190,.T.);
#5499=ORIENTED_EDGE('',*,*,#4144,.T.);
#5500=ORIENTED_EDGE('',*,*,#4187,.F.);
#5501=ORIENTED_EDGE('',*,*,#4139,.T.);
#5502=ORIENTED_EDGE('',*,*,#4135,.T.);
#5503=ORIENTED_EDGE('',*,*,#4191,.F.);
#5504=ORIENTED_EDGE('',*,*,#4192,.T.);
#5505=ORIENTED_EDGE('',*,*,#4190,.F.);
#5506=ORIENTED_EDGE('',*,*,#4193,.T.);
#5507=ORIENTED_EDGE('',*,*,#4194,.F.);
#5508=ORIENTED_EDGE('',*,*,#4145,.T.);
#5509=ORIENTED_EDGE('',*,*,#4191,.T.);
#5510=ORIENTED_EDGE('',*,*,#4171,.T.);
#5511=ORIENTED_EDGE('',*,*,#4195,.T.);
#5512=ORIENTED_EDGE('',*,*,#4196,.T.);
#5513=ORIENTED_EDGE('',*,*,#4156,.T.);
#5514=ORIENTED_EDGE('',*,*,#4146,.T.);
#5515=ORIENTED_EDGE('',*,*,#4194,.T.);
#5516=ORIENTED_EDGE('',*,*,#4197,.T.);
#5517=ORIENTED_EDGE('',*,*,#4186,.F.);
#5518=ORIENTED_EDGE('',*,*,#4198,.T.);
#5519=ORIENTED_EDGE('',*,*,#4195,.F.);
#5520=ORIENTED_EDGE('',*,*,#4174,.T.);
#5521=ORIENTED_EDGE('',*,*,#4193,.F.);
#5522=ORIENTED_EDGE('',*,*,#4199,.T.);
#5523=ORIENTED_EDGE('',*,*,#4157,.T.);
#5524=ORIENTED_EDGE('',*,*,#4197,.F.);
#5525=ORIENTED_EDGE('',*,*,#4199,.F.);
#5526=ORIENTED_EDGE('',*,*,#4189,.F.);
#5527=ORIENTED_EDGE('',*,*,#4200,.T.);
#5528=ORIENTED_EDGE('',*,*,#4201,.T.);
#5529=ORIENTED_EDGE('',*,*,#4202,.T.);
#5530=ORIENTED_EDGE('',*,*,#4203,.F.);
#5531=ORIENTED_EDGE('',*,*,#4109,.T.);
#5532=ORIENTED_EDGE('',*,*,#4201,.F.);
#5533=ORIENTED_EDGE('',*,*,#4204,.T.);
#5534=ORIENTED_EDGE('',*,*,#4203,.T.);
#5535=ORIENTED_EDGE('',*,*,#4101,.F.);
#5536=ORIENTED_EDGE('',*,*,#4110,.T.);
#5537=ORIENTED_EDGE('',*,*,#4202,.F.);
#5538=ORIENTED_EDGE('',*,*,#4108,.T.);
#5539=ORIENTED_EDGE('',*,*,#4188,.F.);
#5540=ORIENTED_EDGE('',*,*,#4192,.F.);
#5541=ORIENTED_EDGE('',*,*,#4196,.F.);
#5542=ORIENTED_EDGE('',*,*,#4198,.F.);
#5543=ORIENTED_EDGE('',*,*,#4200,.F.);
#5544=ORIENTED_EDGE('',*,*,#4204,.F.);
#5545=ORIENTED_EDGE('',*,*,#4205,.T.);
#5546=ORIENTED_EDGE('',*,*,#4206,.T.);
#5547=ORIENTED_EDGE('',*,*,#4207,.T.);
#5548=ORIENTED_EDGE('',*,*,#4208,.T.);
#5549=ORIENTED_EDGE('',*,*,#4209,.T.);
#5550=ORIENTED_EDGE('',*,*,#4210,.T.);
#5551=ORIENTED_EDGE('',*,*,#4211,.T.);
#5552=ORIENTED_EDGE('',*,*,#4212,.T.);
#5553=ORIENTED_EDGE('',*,*,#4208,.F.);
#5554=ORIENTED_EDGE('',*,*,#4213,.F.);
#5555=ORIENTED_EDGE('',*,*,#4214,.F.);
#5556=ORIENTED_EDGE('',*,*,#4215,.T.);
#5557=ORIENTED_EDGE('',*,*,#4207,.F.);
#5558=ORIENTED_EDGE('',*,*,#4216,.F.);
#5559=ORIENTED_EDGE('',*,*,#4217,.F.);
#5560=ORIENTED_EDGE('',*,*,#4213,.T.);
#5561=ORIENTED_EDGE('',*,*,#4206,.F.);
#5562=ORIENTED_EDGE('',*,*,#4218,.F.);
#5563=ORIENTED_EDGE('',*,*,#4219,.F.);
#5564=ORIENTED_EDGE('',*,*,#4216,.T.);
#5565=ORIENTED_EDGE('',*,*,#4205,.F.);
#5566=ORIENTED_EDGE('',*,*,#4220,.F.);
#5567=ORIENTED_EDGE('',*,*,#4221,.F.);
#5568=ORIENTED_EDGE('',*,*,#4218,.T.);
#5569=ORIENTED_EDGE('',*,*,#4212,.F.);
#5570=ORIENTED_EDGE('',*,*,#4222,.F.);
#5571=ORIENTED_EDGE('',*,*,#4223,.F.);
#5572=ORIENTED_EDGE('',*,*,#4220,.T.);
#5573=ORIENTED_EDGE('',*,*,#4211,.F.);
#5574=ORIENTED_EDGE('',*,*,#4224,.F.);
#5575=ORIENTED_EDGE('',*,*,#4225,.F.);
#5576=ORIENTED_EDGE('',*,*,#4222,.T.);
#5577=ORIENTED_EDGE('',*,*,#4210,.F.);
#5578=ORIENTED_EDGE('',*,*,#4226,.F.);
#5579=ORIENTED_EDGE('',*,*,#4227,.F.);
#5580=ORIENTED_EDGE('',*,*,#4224,.T.);
#5581=ORIENTED_EDGE('',*,*,#4209,.F.);
#5582=ORIENTED_EDGE('',*,*,#4215,.F.);
#5583=ORIENTED_EDGE('',*,*,#4228,.F.);
#5584=ORIENTED_EDGE('',*,*,#4226,.T.);
#5585=ORIENTED_EDGE('',*,*,#4229,.F.);
#5586=ORIENTED_EDGE('',*,*,#4230,.T.);
#5587=ORIENTED_EDGE('',*,*,#4231,.F.);
#5588=ORIENTED_EDGE('',*,*,#4230,.F.);
#5589=ORIENTED_EDGE('',*,*,#4232,.F.);
#5590=ORIENTED_EDGE('',*,*,#4233,.T.);
#5591=ORIENTED_EDGE('',*,*,#4234,.F.);
#5592=ORIENTED_EDGE('',*,*,#4233,.F.);
#5593=ORIENTED_EDGE('',*,*,#4229,.T.);
#5594=ORIENTED_EDGE('',*,*,#4234,.T.);
#5595=ORIENTED_EDGE('',*,*,#4235,.T.);
#5596=ORIENTED_EDGE('',*,*,#4236,.T.);
#5597=ORIENTED_EDGE('',*,*,#4237,.T.);
#5598=ORIENTED_EDGE('',*,*,#4238,.T.);
#5599=ORIENTED_EDGE('',*,*,#4236,.F.);
#5600=ORIENTED_EDGE('',*,*,#4239,.F.);
#5601=ORIENTED_EDGE('',*,*,#4240,.F.);
#5602=ORIENTED_EDGE('',*,*,#4241,.T.);
#5603=ORIENTED_EDGE('',*,*,#4235,.F.);
#5604=ORIENTED_EDGE('',*,*,#4242,.F.);
#5605=ORIENTED_EDGE('',*,*,#4243,.F.);
#5606=ORIENTED_EDGE('',*,*,#4239,.T.);
#5607=ORIENTED_EDGE('',*,*,#4238,.F.);
#5608=ORIENTED_EDGE('',*,*,#4244,.F.);
#5609=ORIENTED_EDGE('',*,*,#4245,.F.);
#5610=ORIENTED_EDGE('',*,*,#4242,.T.);
#5611=ORIENTED_EDGE('',*,*,#4237,.F.);
#5612=ORIENTED_EDGE('',*,*,#4241,.F.);
#5613=ORIENTED_EDGE('',*,*,#4246,.F.);
#5614=ORIENTED_EDGE('',*,*,#4244,.T.);
#5615=ORIENTED_EDGE('',*,*,#4247,.F.);
#5616=ORIENTED_EDGE('',*,*,#4248,.F.);
#5617=ORIENTED_EDGE('',*,*,#4249,.F.);
#5618=ORIENTED_EDGE('',*,*,#4250,.T.);
#5619=ORIENTED_EDGE('',*,*,#4251,.F.);
#5620=ORIENTED_EDGE('',*,*,#4250,.F.);
#5621=ORIENTED_EDGE('',*,*,#4252,.F.);
#5622=ORIENTED_EDGE('',*,*,#4253,.T.);
#5623=ORIENTED_EDGE('',*,*,#4254,.F.);
#5624=ORIENTED_EDGE('',*,*,#4253,.F.);
#5625=ORIENTED_EDGE('',*,*,#4255,.F.);
#5626=ORIENTED_EDGE('',*,*,#4256,.T.);
#5627=ORIENTED_EDGE('',*,*,#4257,.F.);
#5628=ORIENTED_EDGE('',*,*,#4256,.F.);
#5629=ORIENTED_EDGE('',*,*,#4258,.F.);
#5630=ORIENTED_EDGE('',*,*,#4248,.T.);
#5631=ORIENTED_EDGE('',*,*,#4254,.T.);
#5632=ORIENTED_EDGE('',*,*,#4257,.T.);
#5633=ORIENTED_EDGE('',*,*,#4247,.T.);
#5634=ORIENTED_EDGE('',*,*,#4251,.T.);
#5635=ORIENTED_EDGE('',*,*,#4232,.T.);
#5636=ORIENTED_EDGE('',*,*,#4249,.T.);
#5637=ORIENTED_EDGE('',*,*,#4258,.T.);
#5638=ORIENTED_EDGE('',*,*,#4255,.T.);
#5639=ORIENTED_EDGE('',*,*,#4252,.T.);
#5640=ORIENTED_EDGE('',*,*,#4240,.T.);
#5641=ORIENTED_EDGE('',*,*,#4243,.T.);
#5642=ORIENTED_EDGE('',*,*,#4245,.T.);
#5643=ORIENTED_EDGE('',*,*,#4246,.T.);
#5644=ORIENTED_EDGE('',*,*,#4214,.T.);
#5645=ORIENTED_EDGE('',*,*,#4217,.T.);
#5646=ORIENTED_EDGE('',*,*,#4219,.T.);
#5647=ORIENTED_EDGE('',*,*,#4221,.T.);
#5648=ORIENTED_EDGE('',*,*,#4223,.T.);
#5649=ORIENTED_EDGE('',*,*,#4225,.T.);
#5650=ORIENTED_EDGE('',*,*,#4227,.T.);
#5651=ORIENTED_EDGE('',*,*,#4228,.T.);
#5652=ORIENTED_EDGE('',*,*,#4259,.F.);
#5653=ORIENTED_EDGE('',*,*,#4260,.F.);
#5654=ORIENTED_EDGE('',*,*,#4261,.F.);
#5655=ORIENTED_EDGE('',*,*,#4262,.F.);
#5656=ORIENTED_EDGE('',*,*,#4263,.F.);
#5657=ORIENTED_EDGE('',*,*,#4264,.F.);
#5658=ORIENTED_EDGE('',*,*,#4265,.F.);
#5659=ORIENTED_EDGE('',*,*,#4266,.F.);
#5660=ORIENTED_EDGE('',*,*,#4267,.F.);
#5661=ORIENTED_EDGE('',*,*,#4268,.F.);
#5662=ORIENTED_EDGE('',*,*,#4269,.F.);
#5663=ORIENTED_EDGE('',*,*,#4270,.F.);
#5664=ORIENTED_EDGE('',*,*,#4271,.F.);
#5665=ORIENTED_EDGE('',*,*,#4272,.F.);
#5666=ORIENTED_EDGE('',*,*,#4273,.F.);
#5667=ORIENTED_EDGE('',*,*,#4274,.F.);
#5668=ORIENTED_EDGE('',*,*,#4275,.F.);
#5669=ORIENTED_EDGE('',*,*,#4276,.F.);
#5670=ORIENTED_EDGE('',*,*,#4277,.F.);
#5671=ORIENTED_EDGE('',*,*,#4278,.F.);
#5672=ORIENTED_EDGE('',*,*,#4279,.F.);
#5673=ORIENTED_EDGE('',*,*,#4280,.F.);
#5674=ORIENTED_EDGE('',*,*,#4281,.F.);
#5675=ORIENTED_EDGE('',*,*,#4282,.F.);
#5676=ORIENTED_EDGE('',*,*,#4283,.F.);
#5677=ORIENTED_EDGE('',*,*,#4284,.F.);
#5678=ORIENTED_EDGE('',*,*,#4285,.F.);
#5679=ORIENTED_EDGE('',*,*,#4286,.F.);
#5680=ORIENTED_EDGE('',*,*,#4287,.F.);
#5681=ORIENTED_EDGE('',*,*,#4288,.F.);
#5682=ORIENTED_EDGE('',*,*,#4289,.F.);
#5683=ORIENTED_EDGE('',*,*,#4290,.F.);
#5684=ORIENTED_EDGE('',*,*,#4291,.F.);
#5685=ORIENTED_EDGE('',*,*,#4292,.F.);
#5686=ORIENTED_EDGE('',*,*,#4293,.F.);
#5687=ORIENTED_EDGE('',*,*,#4294,.F.);
#5688=ORIENTED_EDGE('',*,*,#4295,.F.);
#5689=ORIENTED_EDGE('',*,*,#4296,.F.);
#5690=ORIENTED_EDGE('',*,*,#4297,.F.);
#5691=ORIENTED_EDGE('',*,*,#4298,.F.);
#5692=ORIENTED_EDGE('',*,*,#4299,.F.);
#5693=ORIENTED_EDGE('',*,*,#4300,.F.);
#5694=ORIENTED_EDGE('',*,*,#4301,.F.);
#5695=ORIENTED_EDGE('',*,*,#4302,.F.);
#5696=ORIENTED_EDGE('',*,*,#4303,.F.);
#5697=ORIENTED_EDGE('',*,*,#4304,.F.);
#5698=ORIENTED_EDGE('',*,*,#4305,.F.);
#5699=ORIENTED_EDGE('',*,*,#4306,.F.);
#5700=ORIENTED_EDGE('',*,*,#4307,.F.);
#5701=ORIENTED_EDGE('',*,*,#4308,.F.);
#5702=ORIENTED_EDGE('',*,*,#4309,.F.);
#5703=ORIENTED_EDGE('',*,*,#4310,.F.);
#5704=ORIENTED_EDGE('',*,*,#4311,.F.);
#5705=ORIENTED_EDGE('',*,*,#4312,.F.);
#5706=ORIENTED_EDGE('',*,*,#4313,.F.);
#5707=ORIENTED_EDGE('',*,*,#4314,.F.);
#5708=ORIENTED_EDGE('',*,*,#4315,.F.);
#5709=ORIENTED_EDGE('',*,*,#4316,.F.);
#5710=ORIENTED_EDGE('',*,*,#4317,.F.);
#5711=ORIENTED_EDGE('',*,*,#4318,.F.);
#5712=ORIENTED_EDGE('',*,*,#4319,.F.);
#5713=ORIENTED_EDGE('',*,*,#4320,.F.);
#5714=ORIENTED_EDGE('',*,*,#4321,.F.);
#5715=ORIENTED_EDGE('',*,*,#4322,.F.);
#5716=ORIENTED_EDGE('',*,*,#4323,.F.);
#5717=ORIENTED_EDGE('',*,*,#4324,.F.);
#5718=ORIENTED_EDGE('',*,*,#4325,.F.);
#5719=ORIENTED_EDGE('',*,*,#4326,.F.);
#5720=ORIENTED_EDGE('',*,*,#4327,.F.);
#5721=ORIENTED_EDGE('',*,*,#4328,.F.);
#5722=ORIENTED_EDGE('',*,*,#4329,.F.);
#5723=ORIENTED_EDGE('',*,*,#4330,.F.);
#5724=ORIENTED_EDGE('',*,*,#4331,.F.);
#5725=ORIENTED_EDGE('',*,*,#4332,.F.);
#5726=ORIENTED_EDGE('',*,*,#4333,.F.);
#5727=ORIENTED_EDGE('',*,*,#4334,.F.);
#5728=ORIENTED_EDGE('',*,*,#4335,.F.);
#5729=ORIENTED_EDGE('',*,*,#4336,.F.);
#5730=ORIENTED_EDGE('',*,*,#4337,.F.);
#5731=ORIENTED_EDGE('',*,*,#4338,.F.);
#5732=ORIENTED_EDGE('',*,*,#4339,.F.);
#5733=ORIENTED_EDGE('',*,*,#4340,.F.);
#5734=ORIENTED_EDGE('',*,*,#4341,.F.);
#5735=ORIENTED_EDGE('',*,*,#4342,.F.);
#5736=ORIENTED_EDGE('',*,*,#4343,.F.);
#5737=ORIENTED_EDGE('',*,*,#4344,.F.);
#5738=ORIENTED_EDGE('',*,*,#4345,.F.);
#5739=ORIENTED_EDGE('',*,*,#4346,.F.);
#5740=ORIENTED_EDGE('',*,*,#4347,.F.);
#5741=ORIENTED_EDGE('',*,*,#4348,.F.);
#5742=ORIENTED_EDGE('',*,*,#4349,.F.);
#5743=ORIENTED_EDGE('',*,*,#4350,.F.);
#5744=ORIENTED_EDGE('',*,*,#4351,.F.);
#5745=ORIENTED_EDGE('',*,*,#4352,.F.);
#5746=ORIENTED_EDGE('',*,*,#4353,.F.);
#5747=ORIENTED_EDGE('',*,*,#4354,.F.);
#5748=ORIENTED_EDGE('',*,*,#4355,.F.);
#5749=ORIENTED_EDGE('',*,*,#4356,.F.);
#5750=ORIENTED_EDGE('',*,*,#4357,.F.);
#5751=ORIENTED_EDGE('',*,*,#4358,.F.);
#5752=ORIENTED_EDGE('',*,*,#4359,.F.);
#5753=ORIENTED_EDGE('',*,*,#4360,.F.);
#5754=ORIENTED_EDGE('',*,*,#4361,.F.);
#5755=ORIENTED_EDGE('',*,*,#4362,.F.);
#5756=ORIENTED_EDGE('',*,*,#4363,.F.);
#5757=ORIENTED_EDGE('',*,*,#4364,.T.);
#5758=ORIENTED_EDGE('',*,*,#4365,.F.);
#5759=ORIENTED_EDGE('',*,*,#4364,.F.);
#5760=ORIENTED_EDGE('',*,*,#4366,.F.);
#5761=ORIENTED_EDGE('',*,*,#4367,.T.);
#5762=ORIENTED_EDGE('',*,*,#4368,.F.);
#5763=ORIENTED_EDGE('',*,*,#4367,.F.);
#5764=ORIENTED_EDGE('',*,*,#4361,.T.);
#5765=ORIENTED_EDGE('',*,*,#4369,.F.);
#5766=ORIENTED_EDGE('',*,*,#4370,.T.);
#5767=ORIENTED_EDGE('',*,*,#4371,.F.);
#5768=ORIENTED_EDGE('',*,*,#4335,.T.);
#5769=ORIENTED_EDGE('',*,*,#4372,.F.);
#5770=ORIENTED_EDGE('',*,*,#4345,.T.);
#5771=ORIENTED_EDGE('',*,*,#4373,.F.);
#5772=ORIENTED_EDGE('',*,*,#4327,.T.);
#5773=ORIENTED_EDGE('',*,*,#4374,.F.);
#5774=ORIENTED_EDGE('',*,*,#4353,.T.);
#5775=ORIENTED_EDGE('',*,*,#4375,.F.);
#5776=ORIENTED_EDGE('',*,*,#4319,.T.);
#5777=ORIENTED_EDGE('',*,*,#4376,.F.);
#5778=ORIENTED_EDGE('',*,*,#4377,.F.);
#5779=ORIENTED_EDGE('',*,*,#4378,.F.);
#5780=ORIENTED_EDGE('',*,*,#4305,.T.);
#5781=ORIENTED_EDGE('',*,*,#4379,.F.);
#5782=ORIENTED_EDGE('',*,*,#4359,.T.);
#5783=ORIENTED_EDGE('',*,*,#4380,.F.);
#5784=ORIENTED_EDGE('',*,*,#4297,.T.);
#5785=ORIENTED_EDGE('',*,*,#4381,.F.);
#5786=ORIENTED_EDGE('',*,*,#4351,.T.);
#5787=ORIENTED_EDGE('',*,*,#4382,.F.);
#5788=ORIENTED_EDGE('',*,*,#4287,.T.);
#5789=ORIENTED_EDGE('',*,*,#4383,.F.);
#5790=ORIENTED_EDGE('',*,*,#4313,.T.);
#5791=ORIENTED_EDGE('',*,*,#4384,.F.);
#5792=ORIENTED_EDGE('',*,*,#4289,.T.);
#5793=ORIENTED_EDGE('',*,*,#4385,.F.);
#5794=ORIENTED_EDGE('',*,*,#4343,.T.);
#5795=ORIENTED_EDGE('',*,*,#4386,.F.);
#5796=ORIENTED_EDGE('',*,*,#4279,.T.);
#5797=ORIENTED_EDGE('',*,*,#4387,.F.);
#5798=ORIENTED_EDGE('',*,*,#4337,.T.);
#5799=ORIENTED_EDGE('',*,*,#4388,.F.);
#5800=ORIENTED_EDGE('',*,*,#4281,.T.);
#5801=ORIENTED_EDGE('',*,*,#4389,.F.);
#5802=ORIENTED_EDGE('',*,*,#4295,.T.);
#5803=ORIENTED_EDGE('',*,*,#4390,.F.);
#5804=ORIENTED_EDGE('',*,*,#4271,.T.);
#5805=ORIENTED_EDGE('',*,*,#4391,.F.);
#5806=ORIENTED_EDGE('',*,*,#4329,.T.);
#5807=ORIENTED_EDGE('',*,*,#4392,.F.);
#5808=ORIENTED_EDGE('',*,*,#4273,.T.);
#5809=ORIENTED_EDGE('',*,*,#4393,.F.);
#5810=ORIENTED_EDGE('',*,*,#4303,.T.);
#5811=ORIENTED_EDGE('',*,*,#4394,.F.);
#5812=ORIENTED_EDGE('',*,*,#4263,.T.);
#5813=ORIENTED_EDGE('',*,*,#4395,.F.);
#5814=ORIENTED_EDGE('',*,*,#4321,.T.);
#5815=ORIENTED_EDGE('',*,*,#4396,.F.);
#5816=ORIENTED_EDGE('',*,*,#4265,.T.);
#5817=ORIENTED_EDGE('',*,*,#4397,.F.);
#5818=ORIENTED_EDGE('',*,*,#4311,.T.);
#5819=ORIENTED_EDGE('',*,*,#4398,.F.);
#5820=ORIENTED_EDGE('',*,*,#4357,.T.);
#5821=ORIENTED_EDGE('',*,*,#4399,.F.);
#5822=ORIENTED_EDGE('',*,*,#4400,.T.);
#5823=ORIENTED_EDGE('',*,*,#4401,.F.);
#5824=ORIENTED_EDGE('',*,*,#4331,.T.);
#5825=ORIENTED_EDGE('',*,*,#4402,.F.);
#5826=ORIENTED_EDGE('',*,*,#4341,.T.);
#5827=ORIENTED_EDGE('',*,*,#4403,.F.);
#5828=ORIENTED_EDGE('',*,*,#4323,.T.);
#5829=ORIENTED_EDGE('',*,*,#4404,.F.);
#5830=ORIENTED_EDGE('',*,*,#4349,.T.);
#5831=ORIENTED_EDGE('',*,*,#4405,.F.);
#5832=ORIENTED_EDGE('',*,*,#4315,.T.);
#5833=ORIENTED_EDGE('',*,*,#4406,.F.);
#5834=ORIENTED_EDGE('',*,*,#4407,.F.);
#5835=ORIENTED_EDGE('',*,*,#4408,.F.);
#5836=ORIENTED_EDGE('',*,*,#4301,.T.);
#5837=ORIENTED_EDGE('',*,*,#4409,.F.);
#5838=ORIENTED_EDGE('',*,*,#4355,.T.);
#5839=ORIENTED_EDGE('',*,*,#4410,.F.);
#5840=ORIENTED_EDGE('',*,*,#4293,.T.);
#5841=ORIENTED_EDGE('',*,*,#4411,.F.);
#5842=ORIENTED_EDGE('',*,*,#4347,.T.);
#5843=ORIENTED_EDGE('',*,*,#4412,.F.);
#5844=ORIENTED_EDGE('',*,*,#4283,.T.);
#5845=ORIENTED_EDGE('',*,*,#4413,.F.);
#5846=ORIENTED_EDGE('',*,*,#4309,.T.);
#5847=ORIENTED_EDGE('',*,*,#4414,.F.);
#5848=ORIENTED_EDGE('',*,*,#4285,.T.);
#5849=ORIENTED_EDGE('',*,*,#4415,.F.);
#5850=ORIENTED_EDGE('',*,*,#4339,.T.);
#5851=ORIENTED_EDGE('',*,*,#4416,.F.);
#5852=ORIENTED_EDGE('',*,*,#4275,.T.);
#5853=ORIENTED_EDGE('',*,*,#4417,.F.);
#5854=ORIENTED_EDGE('',*,*,#4333,.T.);
#5855=ORIENTED_EDGE('',*,*,#4418,.F.);
#5856=ORIENTED_EDGE('',*,*,#4277,.T.);
#5857=ORIENTED_EDGE('',*,*,#4419,.F.);
#5858=ORIENTED_EDGE('',*,*,#4291,.T.);
#5859=ORIENTED_EDGE('',*,*,#4420,.F.);
#5860=ORIENTED_EDGE('',*,*,#4267,.T.);
#5861=ORIENTED_EDGE('',*,*,#4421,.F.);
#5862=ORIENTED_EDGE('',*,*,#4325,.T.);
#5863=ORIENTED_EDGE('',*,*,#4422,.F.);
#5864=ORIENTED_EDGE('',*,*,#4269,.T.);
#5865=ORIENTED_EDGE('',*,*,#4423,.F.);
#5866=ORIENTED_EDGE('',*,*,#4299,.T.);
#5867=ORIENTED_EDGE('',*,*,#4424,.F.);
#5868=ORIENTED_EDGE('',*,*,#4259,.T.);
#5869=ORIENTED_EDGE('',*,*,#4425,.F.);
#5870=ORIENTED_EDGE('',*,*,#4317,.T.);
#5871=ORIENTED_EDGE('',*,*,#4426,.F.);
#5872=ORIENTED_EDGE('',*,*,#4261,.T.);
#5873=ORIENTED_EDGE('',*,*,#4427,.F.);
#5874=ORIENTED_EDGE('',*,*,#4307,.T.);
#5875=ORIENTED_EDGE('',*,*,#4428,.F.);
#5876=ORIENTED_EDGE('',*,*,#4260,.T.);
#5877=ORIENTED_EDGE('',*,*,#4426,.T.);
#5878=ORIENTED_EDGE('',*,*,#4316,.T.);
#5879=ORIENTED_EDGE('',*,*,#4408,.T.);
#5880=ORIENTED_EDGE('',*,*,#4429,.F.);
#5881=ORIENTED_EDGE('',*,*,#4430,.T.);
#5882=ORIENTED_EDGE('',*,*,#4431,.F.);
#5883=ORIENTED_EDGE('',*,*,#4432,.T.);
#5884=ORIENTED_EDGE('',*,*,#4433,.T.);
#5885=ORIENTED_EDGE('',*,*,#4434,.T.);
#5886=ORIENTED_EDGE('',*,*,#4399,.T.);
#5887=ORIENTED_EDGE('',*,*,#4356,.T.);
#5888=ORIENTED_EDGE('',*,*,#4409,.T.);
#5889=ORIENTED_EDGE('',*,*,#4300,.T.);
#5890=ORIENTED_EDGE('',*,*,#4423,.T.);
#5891=ORIENTED_EDGE('',*,*,#4268,.T.);
#5892=ORIENTED_EDGE('',*,*,#4422,.T.);
#5893=ORIENTED_EDGE('',*,*,#4324,.T.);
#5894=ORIENTED_EDGE('',*,*,#4405,.T.);
#5895=ORIENTED_EDGE('',*,*,#4348,.T.);
#5896=ORIENTED_EDGE('',*,*,#4411,.T.);
#5897=ORIENTED_EDGE('',*,*,#4292,.T.);
#5898=ORIENTED_EDGE('',*,*,#4419,.T.);
#5899=ORIENTED_EDGE('',*,*,#4276,.T.);
#5900=ORIENTED_EDGE('',*,*,#4418,.T.);
#5901=ORIENTED_EDGE('',*,*,#4332,.T.);
#5902=ORIENTED_EDGE('',*,*,#4403,.T.);
#5903=ORIENTED_EDGE('',*,*,#4340,.T.);
#5904=ORIENTED_EDGE('',*,*,#4415,.T.);
#5905=ORIENTED_EDGE('',*,*,#4284,.T.);
#5906=ORIENTED_EDGE('',*,*,#4414,.T.);
#5907=ORIENTED_EDGE('',*,*,#4308,.T.);
#5908=ORIENTED_EDGE('',*,*,#4427,.T.);
#5909=ORIENTED_EDGE('',*,*,#4363,.T.);
#5910=ORIENTED_EDGE('',*,*,#4264,.T.);
#5911=ORIENTED_EDGE('',*,*,#4396,.T.);
#5912=ORIENTED_EDGE('',*,*,#4320,.T.);
#5913=ORIENTED_EDGE('',*,*,#4378,.T.);
#5914=ORIENTED_EDGE('',*,*,#4435,.F.);
#5915=ORIENTED_EDGE('',*,*,#4436,.T.);
#5916=ORIENTED_EDGE('',*,*,#4184,.F.);
#5917=ORIENTED_EDGE('',*,*,#4437,.T.);
#5918=ORIENTED_EDGE('',*,*,#4438,.T.);
#5919=ORIENTED_EDGE('',*,*,#4439,.T.);
#5920=ORIENTED_EDGE('',*,*,#4369,.T.);
#5921=ORIENTED_EDGE('',*,*,#4360,.T.);
#5922=ORIENTED_EDGE('',*,*,#4379,.T.);
#5923=ORIENTED_EDGE('',*,*,#4304,.T.);
#5924=ORIENTED_EDGE('',*,*,#4393,.T.);
#5925=ORIENTED_EDGE('',*,*,#4272,.T.);
#5926=ORIENTED_EDGE('',*,*,#4392,.T.);
#5927=ORIENTED_EDGE('',*,*,#4328,.T.);
#5928=ORIENTED_EDGE('',*,*,#4375,.T.);
#5929=ORIENTED_EDGE('',*,*,#4352,.T.);
#5930=ORIENTED_EDGE('',*,*,#4381,.T.);
#5931=ORIENTED_EDGE('',*,*,#4296,.T.);
#5932=ORIENTED_EDGE('',*,*,#4389,.T.);
#5933=ORIENTED_EDGE('',*,*,#4280,.T.);
#5934=ORIENTED_EDGE('',*,*,#4388,.T.);
#5935=ORIENTED_EDGE('',*,*,#4336,.T.);
#5936=ORIENTED_EDGE('',*,*,#4373,.T.);
#5937=ORIENTED_EDGE('',*,*,#4344,.T.);
#5938=ORIENTED_EDGE('',*,*,#4385,.T.);
#5939=ORIENTED_EDGE('',*,*,#4288,.T.);
#5940=ORIENTED_EDGE('',*,*,#4384,.T.);
#5941=ORIENTED_EDGE('',*,*,#4312,.T.);
#5942=ORIENTED_EDGE('',*,*,#4397,.T.);
#5943=ORIENTED_EDGE('',*,*,#4366,.T.);
#5944=ORIENTED_EDGE('',*,*,#4440,.F.);
#5945=ORIENTED_EDGE('',*,*,#4441,.T.);
#5946=ORIENTED_EDGE('',*,*,#4437,.F.);
#5947=ORIENTED_EDGE('',*,*,#4183,.F.);
#5948=ORIENTED_EDGE('',*,*,#4442,.F.);
#5949=ORIENTED_EDGE('',*,*,#4443,.T.);
#5950=ORIENTED_EDGE('',*,*,#4432,.F.);
#5951=ORIENTED_EDGE('',*,*,#4444,.F.);
#5952=ORIENTED_EDGE('',*,*,#4445,.F.);
#5953=ORIENTED_EDGE('',*,*,#4446,.F.);
#5954=ORIENTED_EDGE('',*,*,#4438,.F.);
#5955=ORIENTED_EDGE('',*,*,#4441,.F.);
#5956=ORIENTED_EDGE('',*,*,#4447,.F.);
#5957=ORIENTED_EDGE('',*,*,#4370,.F.);
#5958=ORIENTED_EDGE('',*,*,#4439,.F.);
#5959=ORIENTED_EDGE('',*,*,#4446,.T.);
#5960=ORIENTED_EDGE('',*,*,#4448,.F.);
#5961=ORIENTED_EDGE('',*,*,#4400,.F.);
#5962=ORIENTED_EDGE('',*,*,#4434,.F.);
#5963=ORIENTED_EDGE('',*,*,#4449,.T.);
#5964=ORIENTED_EDGE('',*,*,#4450,.F.);
#5965=ORIENTED_EDGE('',*,*,#4449,.F.);
#5966=ORIENTED_EDGE('',*,*,#4433,.F.);
#5967=ORIENTED_EDGE('',*,*,#4443,.F.);
#5968=ORIENTED_EDGE('',*,*,#4179,.F.);
#5969=ORIENTED_EDGE('',*,*,#4148,.T.);
#5970=ORIENTED_EDGE('',*,*,#4155,.T.);
#5971=ORIENTED_EDGE('',*,*,#4451,.T.);
#5972=ORIENTED_EDGE('',*,*,#4452,.T.);
#5973=ORIENTED_EDGE('',*,*,#4444,.T.);
#5974=ORIENTED_EDGE('',*,*,#4431,.T.);
#5975=ORIENTED_EDGE('',*,*,#4453,.T.);
#5976=ORIENTED_EDGE('',*,*,#4454,.T.);
#5977=ORIENTED_EDGE('',*,*,#4407,.T.);
#5978=ORIENTED_EDGE('',*,*,#4455,.T.);
#5979=ORIENTED_EDGE('',*,*,#4456,.T.);
#5980=ORIENTED_EDGE('',*,*,#4153,.T.);
#5981=ORIENTED_EDGE('',*,*,#4457,.T.);
#5982=ORIENTED_EDGE('',*,*,#4435,.T.);
#5983=ORIENTED_EDGE('',*,*,#4377,.T.);
#5984=ORIENTED_EDGE('',*,*,#4458,.T.);
#5985=ORIENTED_EDGE('',*,*,#4459,.T.);
#5986=ORIENTED_EDGE('',*,*,#4460,.T.);
#5987=ORIENTED_EDGE('',*,*,#4461,.T.);
#5988=ORIENTED_EDGE('',*,*,#4429,.T.);
#5989=ORIENTED_EDGE('',*,*,#4462,.F.);
#5990=ORIENTED_EDGE('',*,*,#4453,.F.);
#5991=ORIENTED_EDGE('',*,*,#4430,.F.);
#5992=ORIENTED_EDGE('',*,*,#4461,.F.);
#5993=ORIENTED_EDGE('',*,*,#4262,.T.);
#5994=ORIENTED_EDGE('',*,*,#4428,.T.);
#5995=ORIENTED_EDGE('',*,*,#4310,.T.);
#5996=ORIENTED_EDGE('',*,*,#4413,.T.);
#5997=ORIENTED_EDGE('',*,*,#4286,.T.);
#5998=ORIENTED_EDGE('',*,*,#4416,.T.);
#5999=ORIENTED_EDGE('',*,*,#4342,.T.);
#6000=ORIENTED_EDGE('',*,*,#4402,.T.);
#6001=ORIENTED_EDGE('',*,*,#4334,.T.);
#6002=ORIENTED_EDGE('',*,*,#4417,.T.);
#6003=ORIENTED_EDGE('',*,*,#4278,.T.);
#6004=ORIENTED_EDGE('',*,*,#4420,.T.);
#6005=ORIENTED_EDGE('',*,*,#4294,.T.);
#6006=ORIENTED_EDGE('',*,*,#4412,.T.);
#6007=ORIENTED_EDGE('',*,*,#4350,.T.);
#6008=ORIENTED_EDGE('',*,*,#4404,.T.);
#6009=ORIENTED_EDGE('',*,*,#4326,.T.);
#6010=ORIENTED_EDGE('',*,*,#4421,.T.);
#6011=ORIENTED_EDGE('',*,*,#4270,.T.);
#6012=ORIENTED_EDGE('',*,*,#4424,.T.);
#6013=ORIENTED_EDGE('',*,*,#4302,.T.);
#6014=ORIENTED_EDGE('',*,*,#4410,.T.);
#6015=ORIENTED_EDGE('',*,*,#4358,.T.);
#6016=ORIENTED_EDGE('',*,*,#4401,.T.);
#6017=ORIENTED_EDGE('',*,*,#4448,.T.);
#6018=ORIENTED_EDGE('',*,*,#4450,.T.);
#6019=ORIENTED_EDGE('',*,*,#4442,.T.);
#6020=ORIENTED_EDGE('',*,*,#4452,.F.);
#6021=ORIENTED_EDGE('',*,*,#4463,.F.);
#6022=ORIENTED_EDGE('',*,*,#4455,.F.);
#6023=ORIENTED_EDGE('',*,*,#4406,.T.);
#6024=ORIENTED_EDGE('',*,*,#4318,.T.);
#6025=ORIENTED_EDGE('',*,*,#4425,.T.);
#6026=ORIENTED_EDGE('',*,*,#4365,.T.);
#6027=ORIENTED_EDGE('',*,*,#4463,.T.);
#6028=ORIENTED_EDGE('',*,*,#4451,.F.);
#6029=ORIENTED_EDGE('',*,*,#4154,.F.);
#6030=ORIENTED_EDGE('',*,*,#4456,.F.);
#6031=ORIENTED_EDGE('',*,*,#4152,.T.);
#6032=ORIENTED_EDGE('',*,*,#4185,.F.);
#6033=ORIENTED_EDGE('',*,*,#4436,.F.);
#6034=ORIENTED_EDGE('',*,*,#4457,.F.);
#6035=ORIENTED_EDGE('',*,*,#4266,.T.);
#6036=ORIENTED_EDGE('',*,*,#4398,.T.);
#6037=ORIENTED_EDGE('',*,*,#4314,.T.);
#6038=ORIENTED_EDGE('',*,*,#4383,.T.);
#6039=ORIENTED_EDGE('',*,*,#4290,.T.);
#6040=ORIENTED_EDGE('',*,*,#4386,.T.);
#6041=ORIENTED_EDGE('',*,*,#4346,.T.);
#6042=ORIENTED_EDGE('',*,*,#4372,.T.);
#6043=ORIENTED_EDGE('',*,*,#4338,.T.);
#6044=ORIENTED_EDGE('',*,*,#4387,.T.);
#6045=ORIENTED_EDGE('',*,*,#4282,.T.);
#6046=ORIENTED_EDGE('',*,*,#4390,.T.);
#6047=ORIENTED_EDGE('',*,*,#4298,.T.);
#6048=ORIENTED_EDGE('',*,*,#4382,.T.);
#6049=ORIENTED_EDGE('',*,*,#4354,.T.);
#6050=ORIENTED_EDGE('',*,*,#4374,.T.);
#6051=ORIENTED_EDGE('',*,*,#4330,.T.);
#6052=ORIENTED_EDGE('',*,*,#4391,.T.);
#6053=ORIENTED_EDGE('',*,*,#4274,.T.);
#6054=ORIENTED_EDGE('',*,*,#4394,.T.);
#6055=ORIENTED_EDGE('',*,*,#4306,.T.);
#6056=ORIENTED_EDGE('',*,*,#4380,.T.);
#6057=ORIENTED_EDGE('',*,*,#4362,.T.);
#6058=ORIENTED_EDGE('',*,*,#4371,.T.);
#6059=ORIENTED_EDGE('',*,*,#4447,.T.);
#6060=ORIENTED_EDGE('',*,*,#4445,.T.);
#6061=ORIENTED_EDGE('',*,*,#4440,.T.);
#6062=ORIENTED_EDGE('',*,*,#4182,.F.);
#6063=ORIENTED_EDGE('',*,*,#4464,.F.);
#6064=ORIENTED_EDGE('',*,*,#4458,.F.);
#6065=ORIENTED_EDGE('',*,*,#4376,.T.);
#6066=ORIENTED_EDGE('',*,*,#4322,.T.);
#6067=ORIENTED_EDGE('',*,*,#4395,.T.);
#6068=ORIENTED_EDGE('',*,*,#4368,.T.);
#6069=ORIENTED_EDGE('',*,*,#4464,.T.);
#6070=ORIENTED_EDGE('',*,*,#4181,.F.);
#6071=ORIENTED_EDGE('',*,*,#4465,.F.);
#6072=ORIENTED_EDGE('',*,*,#4459,.F.);
#6073=ORIENTED_EDGE('',*,*,#4465,.T.);
#6074=ORIENTED_EDGE('',*,*,#4180,.F.);
#6075=ORIENTED_EDGE('',*,*,#4177,.T.);
#6076=ORIENTED_EDGE('',*,*,#4454,.F.);
#6077=ORIENTED_EDGE('',*,*,#4462,.T.);
#6078=ORIENTED_EDGE('',*,*,#4460,.F.);
#6079=ORIENTED_EDGE('',*,*,#4231,.T.);
#6080=ORIENTED_EDGE('',*,*,#4466,.F.);
#6081=ORIENTED_EDGE('',*,*,#4467,.T.);
#6082=ORIENTED_EDGE('',*,*,#4466,.T.);
#6083=ORIENTED_EDGE('',*,*,#4468,.T.);
#6084=ORIENTED_EDGE('',*,*,#4469,.T.);
#6085=ORIENTED_EDGE('',*,*,#4468,.F.);
#6086=ORIENTED_EDGE('',*,*,#4467,.F.);
#6087=ORIENTED_EDGE('',*,*,#4470,.T.);
#6088=ORIENTED_EDGE('',*,*,#4469,.F.);
#6089=ORIENTED_EDGE('',*,*,#4470,.F.);
#6090=ORIENTED_EDGE('',*,*,#4471,.T.);
#6091=ORIENTED_EDGE('',*,*,#4472,.T.);
#6092=ORIENTED_EDGE('',*,*,#4473,.T.);
#6093=ORIENTED_EDGE('',*,*,#4474,.T.);
#6094=ORIENTED_EDGE('',*,*,#4475,.T.);
#6095=ORIENTED_EDGE('',*,*,#4476,.T.);
#6096=ORIENTED_EDGE('',*,*,#4477,.T.);
#6097=ORIENTED_EDGE('',*,*,#4478,.T.);
#6098=ORIENTED_EDGE('',*,*,#4474,.F.);
#6099=ORIENTED_EDGE('',*,*,#4479,.F.);
#6100=ORIENTED_EDGE('',*,*,#4480,.F.);
#6101=ORIENTED_EDGE('',*,*,#4481,.T.);
#6102=ORIENTED_EDGE('',*,*,#4473,.F.);
#6103=ORIENTED_EDGE('',*,*,#4482,.F.);
#6104=ORIENTED_EDGE('',*,*,#4483,.F.);
#6105=ORIENTED_EDGE('',*,*,#4479,.T.);
#6106=ORIENTED_EDGE('',*,*,#4472,.F.);
#6107=ORIENTED_EDGE('',*,*,#4484,.F.);
#6108=ORIENTED_EDGE('',*,*,#4485,.F.);
#6109=ORIENTED_EDGE('',*,*,#4482,.T.);
#6110=ORIENTED_EDGE('',*,*,#4471,.F.);
#6111=ORIENTED_EDGE('',*,*,#4486,.F.);
#6112=ORIENTED_EDGE('',*,*,#4487,.F.);
#6113=ORIENTED_EDGE('',*,*,#4484,.T.);
#6114=ORIENTED_EDGE('',*,*,#4478,.F.);
#6115=ORIENTED_EDGE('',*,*,#4488,.F.);
#6116=ORIENTED_EDGE('',*,*,#4489,.F.);
#6117=ORIENTED_EDGE('',*,*,#4486,.T.);
#6118=ORIENTED_EDGE('',*,*,#4477,.F.);
#6119=ORIENTED_EDGE('',*,*,#4490,.F.);
#6120=ORIENTED_EDGE('',*,*,#4491,.F.);
#6121=ORIENTED_EDGE('',*,*,#4488,.T.);
#6122=ORIENTED_EDGE('',*,*,#4476,.F.);
#6123=ORIENTED_EDGE('',*,*,#4492,.F.);
#6124=ORIENTED_EDGE('',*,*,#4493,.F.);
#6125=ORIENTED_EDGE('',*,*,#4490,.T.);
#6126=ORIENTED_EDGE('',*,*,#4475,.F.);
#6127=ORIENTED_EDGE('',*,*,#4481,.F.);
#6128=ORIENTED_EDGE('',*,*,#4494,.F.);
#6129=ORIENTED_EDGE('',*,*,#4492,.T.);
#6130=ORIENTED_EDGE('',*,*,#4495,.F.);
#6131=ORIENTED_EDGE('',*,*,#4496,.T.);
#6132=ORIENTED_EDGE('',*,*,#4497,.F.);
#6133=ORIENTED_EDGE('',*,*,#4496,.F.);
#6134=ORIENTED_EDGE('',*,*,#4498,.F.);
#6135=ORIENTED_EDGE('',*,*,#4499,.T.);
#6136=ORIENTED_EDGE('',*,*,#4500,.F.);
#6137=ORIENTED_EDGE('',*,*,#4499,.F.);
#6138=ORIENTED_EDGE('',*,*,#4495,.T.);
#6139=ORIENTED_EDGE('',*,*,#4500,.T.);
#6140=ORIENTED_EDGE('',*,*,#4501,.T.);
#6141=ORIENTED_EDGE('',*,*,#4502,.T.);
#6142=ORIENTED_EDGE('',*,*,#4503,.T.);
#6143=ORIENTED_EDGE('',*,*,#4504,.T.);
#6144=ORIENTED_EDGE('',*,*,#4502,.F.);
#6145=ORIENTED_EDGE('',*,*,#4505,.F.);
#6146=ORIENTED_EDGE('',*,*,#4506,.F.);
#6147=ORIENTED_EDGE('',*,*,#4507,.T.);
#6148=ORIENTED_EDGE('',*,*,#4501,.F.);
#6149=ORIENTED_EDGE('',*,*,#4508,.F.);
#6150=ORIENTED_EDGE('',*,*,#4509,.F.);
#6151=ORIENTED_EDGE('',*,*,#4505,.T.);
#6152=ORIENTED_EDGE('',*,*,#4504,.F.);
#6153=ORIENTED_EDGE('',*,*,#4510,.F.);
#6154=ORIENTED_EDGE('',*,*,#4511,.F.);
#6155=ORIENTED_EDGE('',*,*,#4508,.T.);
#6156=ORIENTED_EDGE('',*,*,#4503,.F.);
#6157=ORIENTED_EDGE('',*,*,#4507,.F.);
#6158=ORIENTED_EDGE('',*,*,#4512,.F.);
#6159=ORIENTED_EDGE('',*,*,#4510,.T.);
#6160=ORIENTED_EDGE('',*,*,#4513,.F.);
#6161=ORIENTED_EDGE('',*,*,#4514,.F.);
#6162=ORIENTED_EDGE('',*,*,#4515,.F.);
#6163=ORIENTED_EDGE('',*,*,#4516,.T.);
#6164=ORIENTED_EDGE('',*,*,#4517,.F.);
#6165=ORIENTED_EDGE('',*,*,#4516,.F.);
#6166=ORIENTED_EDGE('',*,*,#4518,.F.);
#6167=ORIENTED_EDGE('',*,*,#4519,.T.);
#6168=ORIENTED_EDGE('',*,*,#4520,.F.);
#6169=ORIENTED_EDGE('',*,*,#4519,.F.);
#6170=ORIENTED_EDGE('',*,*,#4521,.F.);
#6171=ORIENTED_EDGE('',*,*,#4522,.T.);
#6172=ORIENTED_EDGE('',*,*,#4523,.F.);
#6173=ORIENTED_EDGE('',*,*,#4522,.F.);
#6174=ORIENTED_EDGE('',*,*,#4524,.F.);
#6175=ORIENTED_EDGE('',*,*,#4514,.T.);
#6176=ORIENTED_EDGE('',*,*,#4520,.T.);
#6177=ORIENTED_EDGE('',*,*,#4523,.T.);
#6178=ORIENTED_EDGE('',*,*,#4513,.T.);
#6179=ORIENTED_EDGE('',*,*,#4517,.T.);
#6180=ORIENTED_EDGE('',*,*,#4498,.T.);
#6181=ORIENTED_EDGE('',*,*,#4515,.T.);
#6182=ORIENTED_EDGE('',*,*,#4524,.T.);
#6183=ORIENTED_EDGE('',*,*,#4521,.T.);
#6184=ORIENTED_EDGE('',*,*,#4518,.T.);
#6185=ORIENTED_EDGE('',*,*,#4506,.T.);
#6186=ORIENTED_EDGE('',*,*,#4509,.T.);
#6187=ORIENTED_EDGE('',*,*,#4511,.T.);
#6188=ORIENTED_EDGE('',*,*,#4512,.T.);
#6189=ORIENTED_EDGE('',*,*,#4480,.T.);
#6190=ORIENTED_EDGE('',*,*,#4483,.T.);
#6191=ORIENTED_EDGE('',*,*,#4485,.T.);
#6192=ORIENTED_EDGE('',*,*,#4487,.T.);
#6193=ORIENTED_EDGE('',*,*,#4489,.T.);
#6194=ORIENTED_EDGE('',*,*,#4491,.T.);
#6195=ORIENTED_EDGE('',*,*,#4493,.T.);
#6196=ORIENTED_EDGE('',*,*,#4494,.T.);
#6197=ORIENTED_EDGE('',*,*,#4525,.T.);
#6198=ORIENTED_EDGE('',*,*,#4526,.T.);
#6199=ORIENTED_EDGE('',*,*,#4527,.T.);
#6200=ORIENTED_EDGE('',*,*,#4528,.T.);
#6201=ORIENTED_EDGE('',*,*,#4529,.T.);
#6202=ORIENTED_EDGE('',*,*,#4530,.T.);
#6203=ORIENTED_EDGE('',*,*,#4529,.F.);
#6204=ORIENTED_EDGE('',*,*,#4531,.T.);
#6205=ORIENTED_EDGE('',*,*,#4532,.T.);
#6206=ORIENTED_EDGE('',*,*,#4533,.T.);
#6207=ORIENTED_EDGE('',*,*,#4534,.F.);
#6208=ORIENTED_EDGE('',*,*,#4535,.T.);
#6209=ORIENTED_EDGE('',*,*,#4536,.T.);
#6210=ORIENTED_EDGE('',*,*,#4537,.T.);
#6211=ORIENTED_EDGE('',*,*,#4528,.F.);
#6212=ORIENTED_EDGE('',*,*,#4538,.F.);
#6213=ORIENTED_EDGE('',*,*,#4539,.F.);
#6214=ORIENTED_EDGE('',*,*,#4540,.T.);
#6215=ORIENTED_EDGE('',*,*,#4531,.F.);
#6216=ORIENTED_EDGE('',*,*,#4527,.F.);
#6217=ORIENTED_EDGE('',*,*,#4541,.T.);
#6218=ORIENTED_EDGE('',*,*,#4542,.T.);
#6219=ORIENTED_EDGE('',*,*,#4543,.F.);
#6220=ORIENTED_EDGE('',*,*,#4544,.T.);
#6221=ORIENTED_EDGE('',*,*,#4545,.F.);
#6222=ORIENTED_EDGE('',*,*,#4546,.T.);
#6223=ORIENTED_EDGE('',*,*,#4547,.F.);
#6224=ORIENTED_EDGE('',*,*,#4548,.T.);
#6225=ORIENTED_EDGE('',*,*,#4549,.T.);
#6226=ORIENTED_EDGE('',*,*,#4550,.T.);
#6227=ORIENTED_EDGE('',*,*,#4551,.T.);
#6228=ORIENTED_EDGE('',*,*,#4552,.T.);
#6229=ORIENTED_EDGE('',*,*,#4553,.T.);
#6230=ORIENTED_EDGE('',*,*,#4554,.T.);
#6231=ORIENTED_EDGE('',*,*,#4555,.T.);
#6232=ORIENTED_EDGE('',*,*,#4556,.T.);
#6233=ORIENTED_EDGE('',*,*,#4557,.T.);
#6234=ORIENTED_EDGE('',*,*,#4558,.T.);
#6235=ORIENTED_EDGE('',*,*,#4559,.T.);
#6236=ORIENTED_EDGE('',*,*,#4560,.T.);
#6237=ORIENTED_EDGE('',*,*,#4561,.T.);
#6238=ORIENTED_EDGE('',*,*,#4562,.T.);
#6239=ORIENTED_EDGE('',*,*,#4563,.T.);
#6240=ORIENTED_EDGE('',*,*,#4564,.T.);
#6241=ORIENTED_EDGE('',*,*,#4565,.T.);
#6242=ORIENTED_EDGE('',*,*,#4566,.T.);
#6243=ORIENTED_EDGE('',*,*,#4567,.T.);
#6244=ORIENTED_EDGE('',*,*,#4568,.F.);
#6245=ORIENTED_EDGE('',*,*,#4538,.T.);
#6246=ORIENTED_EDGE('',*,*,#4569,.T.);
#6247=ORIENTED_EDGE('',*,*,#4534,.T.);
#6248=ORIENTED_EDGE('',*,*,#4570,.T.);
#6249=ORIENTED_EDGE('',*,*,#4571,.T.);
#6250=ORIENTED_EDGE('',*,*,#4572,.T.);
#6251=ORIENTED_EDGE('',*,*,#4573,.T.);
#6252=ORIENTED_EDGE('',*,*,#4571,.F.);
#6253=ORIENTED_EDGE('',*,*,#4574,.F.);
#6254=ORIENTED_EDGE('',*,*,#4575,.F.);
#6255=ORIENTED_EDGE('',*,*,#4576,.T.);
#6256=ORIENTED_EDGE('',*,*,#4577,.T.);
#6257=ORIENTED_EDGE('',*,*,#4578,.T.);
#6258=ORIENTED_EDGE('',*,*,#4579,.T.);
#6259=ORIENTED_EDGE('',*,*,#4580,.T.);
#6260=ORIENTED_EDGE('',*,*,#4581,.T.);
#6261=ORIENTED_EDGE('',*,*,#4582,.T.);
#6262=ORIENTED_EDGE('',*,*,#4583,.T.);
#6263=ORIENTED_EDGE('',*,*,#4584,.T.);
#6264=ORIENTED_EDGE('',*,*,#4585,.T.);
#6265=ORIENTED_EDGE('',*,*,#4586,.T.);
#6266=ORIENTED_EDGE('',*,*,#4587,.T.);
#6267=ORIENTED_EDGE('',*,*,#4588,.T.);
#6268=ORIENTED_EDGE('',*,*,#4589,.T.);
#6269=ORIENTED_EDGE('',*,*,#4590,.T.);
#6270=ORIENTED_EDGE('',*,*,#4591,.T.);
#6271=ORIENTED_EDGE('',*,*,#4592,.T.);
#6272=ORIENTED_EDGE('',*,*,#4593,.T.);
#6273=ORIENTED_EDGE('',*,*,#4594,.T.);
#6274=ORIENTED_EDGE('',*,*,#4595,.T.);
#6275=ORIENTED_EDGE('',*,*,#4596,.T.);
#6276=ORIENTED_EDGE('',*,*,#4597,.T.);
#6277=ORIENTED_EDGE('',*,*,#4598,.T.);
#6278=ORIENTED_EDGE('',*,*,#4599,.T.);
#6279=ORIENTED_EDGE('',*,*,#4600,.T.);
#6280=ORIENTED_EDGE('',*,*,#4601,.T.);
#6281=ORIENTED_EDGE('',*,*,#4602,.T.);
#6282=ORIENTED_EDGE('',*,*,#4570,.F.);
#6283=ORIENTED_EDGE('',*,*,#4533,.F.);
#6284=ORIENTED_EDGE('',*,*,#4603,.F.);
#6285=ORIENTED_EDGE('',*,*,#4604,.F.);
#6286=ORIENTED_EDGE('',*,*,#4574,.T.);
#6287=ORIENTED_EDGE('',*,*,#4605,.F.);
#6288=ORIENTED_EDGE('',*,*,#4606,.F.);
#6289=ORIENTED_EDGE('',*,*,#4607,.F.);
#6290=ORIENTED_EDGE('',*,*,#4608,.F.);
#6291=ORIENTED_EDGE('',*,*,#4609,.F.);
#6292=ORIENTED_EDGE('',*,*,#4595,.F.);
#6293=ORIENTED_EDGE('',*,*,#4610,.F.);
#6294=ORIENTED_EDGE('',*,*,#4548,.F.);
#6295=ORIENTED_EDGE('',*,*,#4611,.F.);
#6296=ORIENTED_EDGE('',*,*,#4612,.F.);
#6297=ORIENTED_EDGE('',*,*,#4613,.F.);
#6298=ORIENTED_EDGE('',*,*,#4614,.F.);
#6299=ORIENTED_EDGE('',*,*,#4615,.F.);
#6300=ORIENTED_EDGE('',*,*,#4616,.F.);
#6301=ORIENTED_EDGE('',*,*,#4617,.F.);
#6302=ORIENTED_EDGE('',*,*,#4587,.F.);
#6303=ORIENTED_EDGE('',*,*,#4618,.F.);
#6304=ORIENTED_EDGE('',*,*,#4556,.F.);
#6305=ORIENTED_EDGE('',*,*,#4619,.F.);
#6306=ORIENTED_EDGE('',*,*,#4620,.F.);
#6307=ORIENTED_EDGE('',*,*,#4621,.F.);
#6308=ORIENTED_EDGE('',*,*,#4622,.F.);
#6309=ORIENTED_EDGE('',*,*,#4623,.F.);
#6310=ORIENTED_EDGE('',*,*,#4579,.F.);
#6311=ORIENTED_EDGE('',*,*,#4624,.F.);
#6312=ORIENTED_EDGE('',*,*,#4564,.F.);
#6313=ORIENTED_EDGE('',*,*,#4625,.F.);
#6314=ORIENTED_EDGE('',*,*,#4626,.F.);
#6315=ORIENTED_EDGE('',*,*,#4627,.F.);
#6316=ORIENTED_EDGE('',*,*,#4628,.F.);
#6317=ORIENTED_EDGE('',*,*,#4629,.F.);
#6318=ORIENTED_EDGE('',*,*,#4630,.F.);
#6319=ORIENTED_EDGE('',*,*,#4631,.F.);
#6320=ORIENTED_EDGE('',*,*,#4632,.F.);
#6321=ORIENTED_EDGE('',*,*,#4633,.F.);
#6322=ORIENTED_EDGE('',*,*,#4634,.F.);
#6323=ORIENTED_EDGE('',*,*,#4635,.F.);
#6324=ORIENTED_EDGE('',*,*,#4636,.F.);
#6325=ORIENTED_EDGE('',*,*,#4637,.F.);
#6326=ORIENTED_EDGE('',*,*,#4638,.F.);
#6327=ORIENTED_EDGE('',*,*,#4639,.F.);
#6328=ORIENTED_EDGE('',*,*,#4640,.F.);
#6329=ORIENTED_EDGE('',*,*,#4641,.F.);
#6330=ORIENTED_EDGE('',*,*,#4642,.F.);
#6331=ORIENTED_EDGE('',*,*,#4643,.F.);
#6332=ORIENTED_EDGE('',*,*,#4581,.F.);
#6333=ORIENTED_EDGE('',*,*,#4644,.F.);
#6334=ORIENTED_EDGE('',*,*,#4562,.F.);
#6335=ORIENTED_EDGE('',*,*,#4645,.F.);
#6336=ORIENTED_EDGE('',*,*,#4646,.F.);
#6337=ORIENTED_EDGE('',*,*,#4647,.F.);
#6338=ORIENTED_EDGE('',*,*,#4648,.F.);
#6339=ORIENTED_EDGE('',*,*,#4649,.F.);
#6340=ORIENTED_EDGE('',*,*,#4589,.F.);
#6341=ORIENTED_EDGE('',*,*,#4650,.F.);
#6342=ORIENTED_EDGE('',*,*,#4554,.F.);
#6343=ORIENTED_EDGE('',*,*,#4651,.F.);
#6344=ORIENTED_EDGE('',*,*,#4652,.F.);
#6345=ORIENTED_EDGE('',*,*,#4546,.F.);
#6346=ORIENTED_EDGE('',*,*,#4653,.F.);
#6347=ORIENTED_EDGE('',*,*,#4654,.F.);
#6348=ORIENTED_EDGE('',*,*,#4655,.F.);
#6349=ORIENTED_EDGE('',*,*,#4656,.F.);
#6350=ORIENTED_EDGE('',*,*,#4657,.F.);
#6351=ORIENTED_EDGE('',*,*,#4658,.F.);
#6352=ORIENTED_EDGE('',*,*,#4659,.F.);
#6353=ORIENTED_EDGE('',*,*,#4660,.F.);
#6354=ORIENTED_EDGE('',*,*,#4661,.F.);
#6355=ORIENTED_EDGE('',*,*,#4662,.F.);
#6356=ORIENTED_EDGE('',*,*,#4663,.F.);
#6357=ORIENTED_EDGE('',*,*,#4664,.F.);
#6358=ORIENTED_EDGE('',*,*,#4665,.F.);
#6359=ORIENTED_EDGE('',*,*,#4597,.F.);
#6360=ORIENTED_EDGE('',*,*,#4666,.F.);
#6361=ORIENTED_EDGE('',*,*,#4667,.F.);
#6362=ORIENTED_EDGE('',*,*,#4668,.F.);
#6363=ORIENTED_EDGE('',*,*,#4669,.F.);
#6364=ORIENTED_EDGE('',*,*,#4593,.F.);
#6365=ORIENTED_EDGE('',*,*,#4670,.F.);
#6366=ORIENTED_EDGE('',*,*,#4550,.F.);
#6367=ORIENTED_EDGE('',*,*,#4671,.F.);
#6368=ORIENTED_EDGE('',*,*,#4672,.F.);
#6369=ORIENTED_EDGE('',*,*,#4673,.F.);
#6370=ORIENTED_EDGE('',*,*,#4674,.F.);
#6371=ORIENTED_EDGE('',*,*,#4675,.F.);
#6372=ORIENTED_EDGE('',*,*,#4585,.F.);
#6373=ORIENTED_EDGE('',*,*,#4676,.F.);
#6374=ORIENTED_EDGE('',*,*,#4558,.F.);
#6375=ORIENTED_EDGE('',*,*,#4677,.F.);
#6376=ORIENTED_EDGE('',*,*,#4678,.F.);
#6377=ORIENTED_EDGE('',*,*,#4679,.F.);
#6378=ORIENTED_EDGE('',*,*,#4680,.F.);
#6379=ORIENTED_EDGE('',*,*,#4681,.F.);
#6380=ORIENTED_EDGE('',*,*,#4577,.F.);
#6381=ORIENTED_EDGE('',*,*,#4682,.F.);
#6382=ORIENTED_EDGE('',*,*,#4566,.F.);
#6383=ORIENTED_EDGE('',*,*,#4683,.F.);
#6384=ORIENTED_EDGE('',*,*,#4684,.F.);
#6385=ORIENTED_EDGE('',*,*,#4685,.F.);
#6386=ORIENTED_EDGE('',*,*,#4686,.T.);
#6387=ORIENTED_EDGE('',*,*,#4687,.F.);
#6388=ORIENTED_EDGE('',*,*,#4686,.F.);
#6389=ORIENTED_EDGE('',*,*,#4688,.F.);
#6390=ORIENTED_EDGE('',*,*,#4689,.T.);
#6391=ORIENTED_EDGE('',*,*,#4690,.F.);
#6392=ORIENTED_EDGE('',*,*,#4689,.F.);
#6393=ORIENTED_EDGE('',*,*,#4691,.F.);
#6394=ORIENTED_EDGE('',*,*,#4692,.F.);
#6395=ORIENTED_EDGE('',*,*,#4693,.F.);
#6396=ORIENTED_EDGE('',*,*,#4583,.F.);
#6397=ORIENTED_EDGE('',*,*,#4694,.F.);
#6398=ORIENTED_EDGE('',*,*,#4560,.F.);
#6399=ORIENTED_EDGE('',*,*,#4695,.F.);
#6400=ORIENTED_EDGE('',*,*,#4696,.F.);
#6401=ORIENTED_EDGE('',*,*,#4697,.F.);
#6402=ORIENTED_EDGE('',*,*,#4698,.F.);
#6403=ORIENTED_EDGE('',*,*,#4699,.F.);
#6404=ORIENTED_EDGE('',*,*,#4591,.F.);
#6405=ORIENTED_EDGE('',*,*,#4700,.F.);
#6406=ORIENTED_EDGE('',*,*,#4552,.F.);
#6407=ORIENTED_EDGE('',*,*,#4701,.F.);
#6408=ORIENTED_EDGE('',*,*,#4702,.F.);
#6409=ORIENTED_EDGE('',*,*,#4544,.F.);
#6410=ORIENTED_EDGE('',*,*,#4703,.F.);
#6411=ORIENTED_EDGE('',*,*,#4704,.F.);
#6412=ORIENTED_EDGE('',*,*,#4705,.F.);
#6413=ORIENTED_EDGE('',*,*,#4706,.F.);
#6414=ORIENTED_EDGE('',*,*,#4707,.F.);
#6415=ORIENTED_EDGE('',*,*,#4708,.F.);
#6416=ORIENTED_EDGE('',*,*,#4709,.F.);
#6417=ORIENTED_EDGE('',*,*,#4710,.F.);
#6418=ORIENTED_EDGE('',*,*,#4711,.F.);
#6419=ORIENTED_EDGE('',*,*,#4712,.F.);
#6420=ORIENTED_EDGE('',*,*,#4713,.F.);
#6421=ORIENTED_EDGE('',*,*,#4714,.F.);
#6422=ORIENTED_EDGE('',*,*,#4715,.F.);
#6423=ORIENTED_EDGE('',*,*,#4716,.F.);
#6424=ORIENTED_EDGE('',*,*,#4717,.F.);
#6425=ORIENTED_EDGE('',*,*,#4718,.F.);
#6426=ORIENTED_EDGE('',*,*,#4599,.F.);
#6427=ORIENTED_EDGE('',*,*,#4719,.F.);
#6428=ORIENTED_EDGE('',*,*,#4720,.F.);
#6429=ORIENTED_EDGE('',*,*,#4637,.T.);
#6430=ORIENTED_EDGE('',*,*,#4721,.T.);
#6431=ORIENTED_EDGE('',*,*,#4722,.T.);
#6432=ORIENTED_EDGE('',*,*,#4723,.T.);
#6433=ORIENTED_EDGE('',*,*,#4724,.T.);
#6434=ORIENTED_EDGE('',*,*,#4725,.T.);
#6435=ORIENTED_EDGE('',*,*,#4726,.T.);
#6436=ORIENTED_EDGE('',*,*,#4727,.F.);
#6437=ORIENTED_EDGE('',*,*,#4629,.T.);
#6438=ORIENTED_EDGE('',*,*,#4728,.T.);
#6439=ORIENTED_EDGE('',*,*,#4729,.T.);
#6440=ORIENTED_EDGE('',*,*,#4730,.T.);
#6441=ORIENTED_EDGE('',*,*,#4731,.F.);
#6442=ORIENTED_EDGE('',*,*,#4732,.T.);
#6443=ORIENTED_EDGE('',*,*,#4733,.T.);
#6444=ORIENTED_EDGE('',*,*,#4734,.T.);
#6445=ORIENTED_EDGE('',*,*,#4665,.T.);
#6446=ORIENTED_EDGE('',*,*,#4735,.T.);
#6447=ORIENTED_EDGE('',*,*,#4736,.T.);
#6448=ORIENTED_EDGE('',*,*,#4719,.T.);
#6449=ORIENTED_EDGE('',*,*,#4598,.F.);
#6450=ORIENTED_EDGE('',*,*,#4639,.T.);
#6451=ORIENTED_EDGE('',*,*,#4737,.T.);
#6452=ORIENTED_EDGE('',*,*,#4738,.T.);
#6453=ORIENTED_EDGE('',*,*,#4600,.F.);
#6454=ORIENTED_EDGE('',*,*,#4718,.T.);
#6455=ORIENTED_EDGE('',*,*,#4739,.T.);
#6456=ORIENTED_EDGE('',*,*,#4573,.F.);
#6457=ORIENTED_EDGE('',*,*,#4740,.T.);
#6458=ORIENTED_EDGE('',*,*,#4741,.T.);
#6459=ORIENTED_EDGE('',*,*,#4742,.T.);
#6460=ORIENTED_EDGE('',*,*,#4714,.T.);
#6461=ORIENTED_EDGE('',*,*,#4743,.T.);
#6462=ORIENTED_EDGE('',*,*,#4662,.T.);
#6463=ORIENTED_EDGE('',*,*,#4744,.T.);
#6464=ORIENTED_EDGE('',*,*,#4606,.T.);
#6465=ORIENTED_EDGE('',*,*,#4745,.T.);
#6466=ORIENTED_EDGE('',*,*,#4668,.T.);
#6467=ORIENTED_EDGE('',*,*,#4746,.T.);
#6468=ORIENTED_EDGE('',*,*,#4698,.T.);
#6469=ORIENTED_EDGE('',*,*,#4747,.T.);
#6470=ORIENTED_EDGE('',*,*,#4648,.T.);
#6471=ORIENTED_EDGE('',*,*,#4748,.T.);
#6472=ORIENTED_EDGE('',*,*,#4616,.T.);
#6473=ORIENTED_EDGE('',*,*,#4749,.T.);
#6474=ORIENTED_EDGE('',*,*,#4674,.T.);
#6475=ORIENTED_EDGE('',*,*,#4750,.T.);
#6476=ORIENTED_EDGE('',*,*,#4692,.T.);
#6477=ORIENTED_EDGE('',*,*,#4751,.T.);
#6478=ORIENTED_EDGE('',*,*,#4642,.T.);
#6479=ORIENTED_EDGE('',*,*,#4752,.T.);
#6480=ORIENTED_EDGE('',*,*,#4622,.T.);
#6481=ORIENTED_EDGE('',*,*,#4753,.T.);
#6482=ORIENTED_EDGE('',*,*,#4680,.T.);
#6483=ORIENTED_EDGE('',*,*,#4754,.T.);
#6484=ORIENTED_EDGE('',*,*,#4755,.F.);
#6485=ORIENTED_EDGE('',*,*,#4756,.T.);
#6486=ORIENTED_EDGE('',*,*,#4720,.T.);
#6487=ORIENTED_EDGE('',*,*,#4736,.F.);
#6488=ORIENTED_EDGE('',*,*,#4757,.T.);
#6489=ORIENTED_EDGE('',*,*,#4640,.T.);
#6490=ORIENTED_EDGE('',*,*,#4739,.F.);
#6491=ORIENTED_EDGE('',*,*,#4717,.T.);
#6492=ORIENTED_EDGE('',*,*,#4758,.T.);
#6493=ORIENTED_EDGE('',*,*,#4663,.T.);
#6494=ORIENTED_EDGE('',*,*,#4743,.F.);
#6495=ORIENTED_EDGE('',*,*,#4713,.T.);
#6496=ORIENTED_EDGE('',*,*,#4759,.T.);
#6497=ORIENTED_EDGE('',*,*,#4635,.T.);
#6498=ORIENTED_EDGE('',*,*,#4760,.T.);
#6499=ORIENTED_EDGE('',*,*,#4715,.T.);
#6500=ORIENTED_EDGE('',*,*,#4742,.F.);
#6501=ORIENTED_EDGE('',*,*,#4761,.T.);
#6502=ORIENTED_EDGE('',*,*,#4762,.F.);
#6503=ORIENTED_EDGE('',*,*,#4763,.T.);
#6504=ORIENTED_EDGE('',*,*,#4607,.T.);
#6505=ORIENTED_EDGE('',*,*,#4744,.F.);
#6506=ORIENTED_EDGE('',*,*,#4661,.T.);
#6507=ORIENTED_EDGE('',*,*,#4764,.T.);
#6508=ORIENTED_EDGE('',*,*,#4679,.T.);
#6509=ORIENTED_EDGE('',*,*,#4576,.F.);
#6510=ORIENTED_EDGE('',*,*,#4765,.F.);
#6511=ORIENTED_EDGE('',*,*,#4754,.F.);
#6512=ORIENTED_EDGE('',*,*,#4673,.T.);
#6513=ORIENTED_EDGE('',*,*,#4584,.F.);
#6514=ORIENTED_EDGE('',*,*,#4693,.T.);
#6515=ORIENTED_EDGE('',*,*,#4750,.F.);
#6516=ORIENTED_EDGE('',*,*,#4667,.T.);
#6517=ORIENTED_EDGE('',*,*,#4592,.F.);
#6518=ORIENTED_EDGE('',*,*,#4699,.T.);
#6519=ORIENTED_EDGE('',*,*,#4746,.F.);
#6520=ORIENTED_EDGE('',*,*,#4664,.T.);
#6521=ORIENTED_EDGE('',*,*,#4759,.F.);
#6522=ORIENTED_EDGE('',*,*,#4712,.T.);
#6523=ORIENTED_EDGE('',*,*,#4757,.F.);
#6524=ORIENTED_EDGE('',*,*,#4735,.F.);
#6525=ORIENTED_EDGE('',*,*,#4649,.T.);
#6526=ORIENTED_EDGE('',*,*,#4747,.F.);
#6527=ORIENTED_EDGE('',*,*,#4697,.T.);
#6528=ORIENTED_EDGE('',*,*,#4590,.F.);
#6529=ORIENTED_EDGE('',*,*,#4643,.T.);
#6530=ORIENTED_EDGE('',*,*,#4751,.F.);
#6531=ORIENTED_EDGE('',*,*,#4691,.T.);
#6532=ORIENTED_EDGE('',*,*,#4582,.F.);
#6533=ORIENTED_EDGE('',*,*,#4634,.T.);
#6534=ORIENTED_EDGE('',*,*,#4758,.F.);
#6535=ORIENTED_EDGE('',*,*,#4716,.T.);
#6536=ORIENTED_EDGE('',*,*,#4760,.F.);
#6537=ORIENTED_EDGE('',*,*,#4636,.T.);
#6538=ORIENTED_EDGE('',*,*,#4763,.F.);
#6539=ORIENTED_EDGE('',*,*,#4766,.F.);
#6540=ORIENTED_EDGE('',*,*,#4767,.T.);
#6541=ORIENTED_EDGE('',*,*,#4721,.F.);
#6542=ORIENTED_EDGE('',*,*,#4621,.T.);
#6543=ORIENTED_EDGE('',*,*,#4578,.F.);
#6544=ORIENTED_EDGE('',*,*,#4681,.T.);
#6545=ORIENTED_EDGE('',*,*,#4753,.F.);
#6546=ORIENTED_EDGE('',*,*,#4623,.T.);
#6547=ORIENTED_EDGE('',*,*,#4752,.F.);
#6548=ORIENTED_EDGE('',*,*,#4641,.T.);
#6549=ORIENTED_EDGE('',*,*,#4580,.F.);
#6550=ORIENTED_EDGE('',*,*,#4615,.T.);
#6551=ORIENTED_EDGE('',*,*,#4586,.F.);
#6552=ORIENTED_EDGE('',*,*,#4675,.T.);
#6553=ORIENTED_EDGE('',*,*,#4749,.F.);
#6554=ORIENTED_EDGE('',*,*,#4617,.T.);
#6555=ORIENTED_EDGE('',*,*,#4748,.F.);
#6556=ORIENTED_EDGE('',*,*,#4647,.T.);
#6557=ORIENTED_EDGE('',*,*,#4588,.F.);
#6558=ORIENTED_EDGE('',*,*,#4605,.T.);
#6559=ORIENTED_EDGE('',*,*,#4594,.F.);
#6560=ORIENTED_EDGE('',*,*,#4669,.T.);
#6561=ORIENTED_EDGE('',*,*,#4745,.F.);
#6562=ORIENTED_EDGE('',*,*,#4608,.T.);
#6563=ORIENTED_EDGE('',*,*,#4764,.F.);
#6564=ORIENTED_EDGE('',*,*,#4660,.T.);
#6565=ORIENTED_EDGE('',*,*,#4768,.F.);
#6566=ORIENTED_EDGE('',*,*,#4655,.T.);
#6567=ORIENTED_EDGE('',*,*,#4769,.T.);
#6568=ORIENTED_EDGE('',*,*,#4708,.T.);
#6569=ORIENTED_EDGE('',*,*,#4770,.F.);
#6570=ORIENTED_EDGE('',*,*,#4631,.T.);
#6571=ORIENTED_EDGE('',*,*,#4771,.T.);
#6572=ORIENTED_EDGE('',*,*,#4772,.T.);
#6573=ORIENTED_EDGE('',*,*,#4773,.T.);
#6574=ORIENTED_EDGE('',*,*,#4774,.F.);
#6575=ORIENTED_EDGE('',*,*,#4706,.T.);
#6576=ORIENTED_EDGE('',*,*,#4775,.T.);
#6577=ORIENTED_EDGE('',*,*,#4682,.T.);
#6578=ORIENTED_EDGE('',*,*,#4776,.F.);
#6579=ORIENTED_EDGE('',*,*,#4777,.F.);
#6580=ORIENTED_EDGE('',*,*,#4567,.F.);
#6581=ORIENTED_EDGE('',*,*,#4676,.T.);
#6582=ORIENTED_EDGE('',*,*,#4778,.F.);
#6583=ORIENTED_EDGE('',*,*,#4695,.T.);
#6584=ORIENTED_EDGE('',*,*,#4559,.F.);
#6585=ORIENTED_EDGE('',*,*,#4670,.T.);
#6586=ORIENTED_EDGE('',*,*,#4779,.F.);
#6587=ORIENTED_EDGE('',*,*,#4701,.T.);
#6588=ORIENTED_EDGE('',*,*,#4551,.F.);
#6589=ORIENTED_EDGE('',*,*,#4654,.T.);
#6590=ORIENTED_EDGE('',*,*,#4780,.F.);
#6591=ORIENTED_EDGE('',*,*,#4781,.F.);
#6592=ORIENTED_EDGE('',*,*,#4709,.T.);
#6593=ORIENTED_EDGE('',*,*,#4769,.F.);
#6594=ORIENTED_EDGE('',*,*,#4651,.T.);
#6595=ORIENTED_EDGE('',*,*,#4553,.F.);
#6596=ORIENTED_EDGE('',*,*,#4700,.T.);
#6597=ORIENTED_EDGE('',*,*,#4782,.F.);
#6598=ORIENTED_EDGE('',*,*,#4645,.T.);
#6599=ORIENTED_EDGE('',*,*,#4561,.F.);
#6600=ORIENTED_EDGE('',*,*,#4694,.T.);
#6601=ORIENTED_EDGE('',*,*,#4783,.F.);
#6602=ORIENTED_EDGE('',*,*,#4632,.T.);
#6603=ORIENTED_EDGE('',*,*,#4775,.F.);
#6604=ORIENTED_EDGE('',*,*,#4705,.T.);
#6605=ORIENTED_EDGE('',*,*,#4784,.F.);
#6606=ORIENTED_EDGE('',*,*,#4630,.T.);
#6607=ORIENTED_EDGE('',*,*,#4734,.F.);
#6608=ORIENTED_EDGE('',*,*,#4785,.T.);
#6609=ORIENTED_EDGE('',*,*,#4786,.F.);
#6610=ORIENTED_EDGE('',*,*,#4771,.F.);
#6611=ORIENTED_EDGE('',*,*,#4624,.T.);
#6612=ORIENTED_EDGE('',*,*,#4787,.F.);
#6613=ORIENTED_EDGE('',*,*,#4683,.T.);
#6614=ORIENTED_EDGE('',*,*,#4565,.F.);
#6615=ORIENTED_EDGE('',*,*,#4625,.T.);
#6616=ORIENTED_EDGE('',*,*,#4563,.F.);
#6617=ORIENTED_EDGE('',*,*,#4644,.T.);
#6618=ORIENTED_EDGE('',*,*,#4788,.F.);
#6619=ORIENTED_EDGE('',*,*,#4618,.T.);
#6620=ORIENTED_EDGE('',*,*,#4789,.F.);
#6621=ORIENTED_EDGE('',*,*,#4677,.T.);
#6622=ORIENTED_EDGE('',*,*,#4557,.F.);
#6623=ORIENTED_EDGE('',*,*,#4619,.T.);
#6624=ORIENTED_EDGE('',*,*,#4555,.F.);
#6625=ORIENTED_EDGE('',*,*,#4650,.T.);
#6626=ORIENTED_EDGE('',*,*,#4790,.F.);
#6627=ORIENTED_EDGE('',*,*,#4610,.T.);
#6628=ORIENTED_EDGE('',*,*,#4791,.F.);
#6629=ORIENTED_EDGE('',*,*,#4671,.T.);
#6630=ORIENTED_EDGE('',*,*,#4549,.F.);
#6631=ORIENTED_EDGE('',*,*,#4612,.T.);
#6632=ORIENTED_EDGE('',*,*,#4792,.F.);
#6633=ORIENTED_EDGE('',*,*,#4658,.T.);
#6634=ORIENTED_EDGE('',*,*,#4793,.F.);
#6635=ORIENTED_EDGE('',*,*,#4628,.T.);
#6636=ORIENTED_EDGE('',*,*,#4794,.T.);
#6637=ORIENTED_EDGE('',*,*,#4795,.T.);
#6638=ORIENTED_EDGE('',*,*,#4728,.F.);
#6639=ORIENTED_EDGE('',*,*,#4710,.T.);
#6640=ORIENTED_EDGE('',*,*,#4781,.T.);
#6641=ORIENTED_EDGE('',*,*,#4796,.T.);
#6642=ORIENTED_EDGE('',*,*,#4653,.T.);
#6643=ORIENTED_EDGE('',*,*,#4545,.T.);
#6644=ORIENTED_EDGE('',*,*,#4711,.T.);
#6645=ORIENTED_EDGE('',*,*,#4796,.F.);
#6646=ORIENTED_EDGE('',*,*,#4780,.T.);
#6647=ORIENTED_EDGE('',*,*,#4627,.T.);
#6648=ORIENTED_EDGE('',*,*,#4797,.F.);
#6649=ORIENTED_EDGE('',*,*,#4703,.T.);
#6650=ORIENTED_EDGE('',*,*,#4543,.T.);
#6651=ORIENTED_EDGE('',*,*,#4798,.T.);
#6652=ORIENTED_EDGE('',*,*,#4794,.F.);
#6653=ORIENTED_EDGE('',*,*,#4611,.T.);
#6654=ORIENTED_EDGE('',*,*,#4547,.T.);
#6655=ORIENTED_EDGE('',*,*,#4659,.T.);
#6656=ORIENTED_EDGE('',*,*,#4792,.T.);
#6657=ORIENTED_EDGE('',*,*,#4799,.F.);
#6658=ORIENTED_EDGE('',*,*,#4785,.F.);
#6659=ORIENTED_EDGE('',*,*,#4733,.F.);
#6660=ORIENTED_EDGE('',*,*,#4800,.T.);
#6661=ORIENTED_EDGE('',*,*,#4722,.F.);
#6662=ORIENTED_EDGE('',*,*,#4767,.F.);
#6663=ORIENTED_EDGE('',*,*,#4801,.F.);
#6664=ORIENTED_EDGE('',*,*,#4802,.T.);
#6665=ORIENTED_EDGE('',*,*,#4803,.F.);
#6666=ORIENTED_EDGE('',*,*,#4800,.F.);
#6667=ORIENTED_EDGE('',*,*,#4732,.F.);
#6668=ORIENTED_EDGE('',*,*,#4804,.F.);
#6669=ORIENTED_EDGE('',*,*,#4730,.F.);
#6670=ORIENTED_EDGE('',*,*,#4805,.T.);
#6671=ORIENTED_EDGE('',*,*,#4806,.F.);
#6672=ORIENTED_EDGE('',*,*,#4807,.F.);
#6673=ORIENTED_EDGE('',*,*,#4808,.F.);
#6674=ORIENTED_EDGE('',*,*,#4809,.F.);
#6675=ORIENTED_EDGE('',*,*,#4723,.F.);
#6676=ORIENTED_EDGE('',*,*,#4802,.F.);
#6677=ORIENTED_EDGE('',*,*,#4810,.F.);
#6678=ORIENTED_EDGE('',*,*,#4811,.F.);
#6679=ORIENTED_EDGE('',*,*,#4812,.F.);
#6680=ORIENTED_EDGE('',*,*,#4813,.F.);
#6681=ORIENTED_EDGE('',*,*,#4814,.F.);
#6682=ORIENTED_EDGE('',*,*,#4815,.T.);
#6683=ORIENTED_EDGE('',*,*,#4725,.F.);
#6684=ORIENTED_EDGE('',*,*,#4816,.F.);
#6685=ORIENTED_EDGE('',*,*,#4817,.F.);
#6686=ORIENTED_EDGE('',*,*,#4805,.F.);
#6687=ORIENTED_EDGE('',*,*,#4729,.F.);
#6688=ORIENTED_EDGE('',*,*,#4795,.F.);
#6689=ORIENTED_EDGE('',*,*,#4798,.F.);
#6690=ORIENTED_EDGE('',*,*,#4542,.F.);
#6691=ORIENTED_EDGE('',*,*,#4818,.T.);
#6692=ORIENTED_EDGE('',*,*,#4819,.F.);
#6693=ORIENTED_EDGE('',*,*,#4773,.F.);
#6694=ORIENTED_EDGE('',*,*,#4726,.F.);
#6695=ORIENTED_EDGE('',*,*,#4815,.F.);
#6696=ORIENTED_EDGE('',*,*,#4820,.F.);
#6697=ORIENTED_EDGE('',*,*,#4761,.F.);
#6698=ORIENTED_EDGE('',*,*,#4741,.F.);
#6699=ORIENTED_EDGE('',*,*,#4821,.T.);
#6700=ORIENTED_EDGE('',*,*,#4601,.F.);
#6701=ORIENTED_EDGE('',*,*,#4738,.F.);
#6702=ORIENTED_EDGE('',*,*,#4822,.F.);
#6703=ORIENTED_EDGE('',*,*,#4526,.F.);
#6704=ORIENTED_EDGE('',*,*,#4823,.F.);
#6705=ORIENTED_EDGE('',*,*,#4818,.F.);
#6706=ORIENTED_EDGE('',*,*,#4541,.F.);
#6707=ORIENTED_EDGE('',*,*,#4572,.F.);
#6708=ORIENTED_EDGE('',*,*,#4602,.F.);
#6709=ORIENTED_EDGE('',*,*,#4821,.F.);
#6710=ORIENTED_EDGE('',*,*,#4740,.F.);
#6711=ORIENTED_EDGE('',*,*,#4816,.T.);
#6712=ORIENTED_EDGE('',*,*,#4724,.F.);
#6713=ORIENTED_EDGE('',*,*,#4690,.T.);
#6714=ORIENTED_EDGE('',*,*,#4638,.T.);
#6715=ORIENTED_EDGE('',*,*,#4727,.T.);
#6716=ORIENTED_EDGE('',*,*,#4822,.T.);
#6717=ORIENTED_EDGE('',*,*,#4737,.F.);
#6718=ORIENTED_EDGE('',*,*,#4808,.T.);
#6719=ORIENTED_EDGE('',*,*,#4824,.F.);
#6720=ORIENTED_EDGE('',*,*,#4687,.T.);
#6721=ORIENTED_EDGE('',*,*,#4809,.T.);
#6722=ORIENTED_EDGE('',*,*,#4824,.T.);
#6723=ORIENTED_EDGE('',*,*,#4807,.T.);
#6724=ORIENTED_EDGE('',*,*,#4825,.F.);
#6725=ORIENTED_EDGE('',*,*,#4786,.T.);
#6726=ORIENTED_EDGE('',*,*,#4799,.T.);
#6727=ORIENTED_EDGE('',*,*,#4803,.T.);
#6728=ORIENTED_EDGE('',*,*,#4825,.T.);
#6729=ORIENTED_EDGE('',*,*,#4806,.T.);
#6730=ORIENTED_EDGE('',*,*,#4817,.T.);
#6731=ORIENTED_EDGE('',*,*,#4772,.F.);
#6732=ORIENTED_EDGE('',*,*,#4613,.T.);
#6733=ORIENTED_EDGE('',*,*,#4793,.T.);
#6734=ORIENTED_EDGE('',*,*,#4657,.T.);
#6735=ORIENTED_EDGE('',*,*,#4826,.F.);
#6736=ORIENTED_EDGE('',*,*,#4765,.T.);
#6737=ORIENTED_EDGE('',*,*,#4575,.T.);
#6738=ORIENTED_EDGE('',*,*,#4604,.T.);
#6739=ORIENTED_EDGE('',*,*,#4827,.T.);
#6740=ORIENTED_EDGE('',*,*,#4539,.T.);
#6741=ORIENTED_EDGE('',*,*,#4568,.T.);
#6742=ORIENTED_EDGE('',*,*,#4777,.T.);
#6743=ORIENTED_EDGE('',*,*,#4828,.T.);
#6744=ORIENTED_EDGE('',*,*,#4829,.T.);
#6745=ORIENTED_EDGE('',*,*,#4830,.T.);
#6746=ORIENTED_EDGE('',*,*,#4831,.T.);
#6747=ORIENTED_EDGE('',*,*,#4755,.T.);
#6748=ORIENTED_EDGE('',*,*,#4766,.T.);
#6749=ORIENTED_EDGE('',*,*,#4762,.T.);
#6750=ORIENTED_EDGE('',*,*,#4820,.T.);
#6751=ORIENTED_EDGE('',*,*,#4814,.T.);
#6752=ORIENTED_EDGE('',*,*,#4832,.F.);
#6753=ORIENTED_EDGE('',*,*,#4810,.T.);
#6754=ORIENTED_EDGE('',*,*,#4801,.T.);
#6755=ORIENTED_EDGE('',*,*,#4811,.T.);
#6756=ORIENTED_EDGE('',*,*,#4832,.T.);
#6757=ORIENTED_EDGE('',*,*,#4813,.T.);
#6758=ORIENTED_EDGE('',*,*,#4833,.F.);
#6759=ORIENTED_EDGE('',*,*,#4812,.T.);
#6760=ORIENTED_EDGE('',*,*,#4833,.T.);
#6761=ORIENTED_EDGE('',*,*,#4688,.T.);
#6762=ORIENTED_EDGE('',*,*,#4609,.T.);
#6763=ORIENTED_EDGE('',*,*,#4768,.T.);
#6764=ORIENTED_EDGE('',*,*,#4666,.T.);
#6765=ORIENTED_EDGE('',*,*,#4596,.F.);
#6766=ORIENTED_EDGE('',*,*,#4603,.T.);
#6767=ORIENTED_EDGE('',*,*,#4532,.F.);
#6768=ORIENTED_EDGE('',*,*,#4540,.F.);
#6769=ORIENTED_EDGE('',*,*,#4827,.F.);
#6770=ORIENTED_EDGE('',*,*,#4633,.T.);
#6771=ORIENTED_EDGE('',*,*,#4784,.T.);
#6772=ORIENTED_EDGE('',*,*,#4704,.T.);
#6773=ORIENTED_EDGE('',*,*,#4797,.T.);
#6774=ORIENTED_EDGE('',*,*,#4804,.T.);
#6775=ORIENTED_EDGE('',*,*,#4731,.T.);
#6776=ORIENTED_EDGE('',*,*,#4685,.T.);
#6777=ORIENTED_EDGE('',*,*,#4525,.F.);
#6778=ORIENTED_EDGE('',*,*,#4834,.F.);
#6779=ORIENTED_EDGE('',*,*,#4828,.F.);
#6780=ORIENTED_EDGE('',*,*,#4776,.T.);
#6781=ORIENTED_EDGE('',*,*,#4684,.T.);
#6782=ORIENTED_EDGE('',*,*,#4787,.T.);
#6783=ORIENTED_EDGE('',*,*,#4626,.T.);
#6784=ORIENTED_EDGE('',*,*,#4788,.T.);
#6785=ORIENTED_EDGE('',*,*,#4646,.T.);
#6786=ORIENTED_EDGE('',*,*,#4783,.T.);
#6787=ORIENTED_EDGE('',*,*,#4696,.T.);
#6788=ORIENTED_EDGE('',*,*,#4778,.T.);
#6789=ORIENTED_EDGE('',*,*,#4678,.T.);
#6790=ORIENTED_EDGE('',*,*,#4789,.T.);
#6791=ORIENTED_EDGE('',*,*,#4620,.T.);
#6792=ORIENTED_EDGE('',*,*,#4790,.T.);
#6793=ORIENTED_EDGE('',*,*,#4652,.T.);
#6794=ORIENTED_EDGE('',*,*,#4782,.T.);
#6795=ORIENTED_EDGE('',*,*,#4702,.T.);
#6796=ORIENTED_EDGE('',*,*,#4779,.T.);
#6797=ORIENTED_EDGE('',*,*,#4672,.T.);
#6798=ORIENTED_EDGE('',*,*,#4791,.T.);
#6799=ORIENTED_EDGE('',*,*,#4614,.T.);
#6800=ORIENTED_EDGE('',*,*,#4826,.T.);
#6801=ORIENTED_EDGE('',*,*,#4656,.T.);
#6802=ORIENTED_EDGE('',*,*,#4770,.T.);
#6803=ORIENTED_EDGE('',*,*,#4707,.T.);
#6804=ORIENTED_EDGE('',*,*,#4774,.T.);
#6805=ORIENTED_EDGE('',*,*,#4819,.T.);
#6806=ORIENTED_EDGE('',*,*,#4823,.T.);
#6807=ORIENTED_EDGE('',*,*,#4530,.F.);
#6808=ORIENTED_EDGE('',*,*,#4537,.F.);
#6809=ORIENTED_EDGE('',*,*,#4835,.F.);
#6810=ORIENTED_EDGE('',*,*,#4829,.F.);
#6811=ORIENTED_EDGE('',*,*,#4834,.T.);
#6812=ORIENTED_EDGE('',*,*,#4835,.T.);
#6813=ORIENTED_EDGE('',*,*,#4536,.F.);
#6814=ORIENTED_EDGE('',*,*,#4836,.F.);
#6815=ORIENTED_EDGE('',*,*,#4830,.F.);
#6816=ORIENTED_EDGE('',*,*,#4497,.T.);
#6817=ORIENTED_EDGE('',*,*,#4569,.F.);
#6818=ORIENTED_EDGE('',*,*,#4756,.F.);
#6819=ORIENTED_EDGE('',*,*,#4831,.F.);
#6820=ORIENTED_EDGE('',*,*,#4836,.T.);
#6821=ORIENTED_EDGE('',*,*,#4535,.F.);
#6822=ORIENTED_EDGE('',*,*,#4837,.T.);
#6823=ORIENTED_EDGE('',*,*,#4838,.T.);
#6824=ORIENTED_EDGE('',*,*,#4839,.F.);
#6825=ORIENTED_EDGE('',*,*,#4840,.F.);
#6826=ORIENTED_EDGE('',*,*,#4841,.T.);
#6827=ORIENTED_EDGE('',*,*,#4842,.T.);
#6828=ORIENTED_EDGE('',*,*,#4843,.F.);
#6829=ORIENTED_EDGE('',*,*,#4838,.F.);
#6830=ORIENTED_EDGE('',*,*,#4844,.T.);
#6831=ORIENTED_EDGE('',*,*,#4845,.T.);
#6832=ORIENTED_EDGE('',*,*,#4846,.F.);
#6833=ORIENTED_EDGE('',*,*,#4842,.F.);
#6834=ORIENTED_EDGE('',*,*,#4847,.T.);
#6835=ORIENTED_EDGE('',*,*,#4848,.T.);
#6836=ORIENTED_EDGE('',*,*,#4849,.F.);
#6837=ORIENTED_EDGE('',*,*,#4845,.F.);
#6838=ORIENTED_EDGE('',*,*,#4850,.T.);
#6839=ORIENTED_EDGE('',*,*,#4851,.T.);
#6840=ORIENTED_EDGE('',*,*,#4852,.F.);
#6841=ORIENTED_EDGE('',*,*,#4848,.F.);
#6842=ORIENTED_EDGE('',*,*,#4853,.T.);
#6843=ORIENTED_EDGE('',*,*,#4854,.T.);
#6844=ORIENTED_EDGE('',*,*,#4855,.F.);
#6845=ORIENTED_EDGE('',*,*,#4851,.F.);
#6846=ORIENTED_EDGE('',*,*,#4856,.T.);
#6847=ORIENTED_EDGE('',*,*,#4857,.T.);
#6848=ORIENTED_EDGE('',*,*,#4858,.F.);
#6849=ORIENTED_EDGE('',*,*,#4854,.F.);
#6850=ORIENTED_EDGE('',*,*,#4859,.T.);
#6851=ORIENTED_EDGE('',*,*,#4860,.T.);
#6852=ORIENTED_EDGE('',*,*,#4861,.F.);
#6853=ORIENTED_EDGE('',*,*,#4857,.F.);
#6854=ORIENTED_EDGE('',*,*,#4862,.T.);
#6855=ORIENTED_EDGE('',*,*,#4863,.T.);
#6856=ORIENTED_EDGE('',*,*,#4864,.F.);
#6857=ORIENTED_EDGE('',*,*,#4860,.F.);
#6858=ORIENTED_EDGE('',*,*,#4865,.T.);
#6859=ORIENTED_EDGE('',*,*,#4866,.T.);
#6860=ORIENTED_EDGE('',*,*,#4867,.F.);
#6861=ORIENTED_EDGE('',*,*,#4863,.F.);
#6862=ORIENTED_EDGE('',*,*,#4868,.T.);
#6863=ORIENTED_EDGE('',*,*,#4869,.T.);
#6864=ORIENTED_EDGE('',*,*,#4870,.F.);
#6865=ORIENTED_EDGE('',*,*,#4866,.F.);
#6866=ORIENTED_EDGE('',*,*,#4871,.T.);
#6867=ORIENTED_EDGE('',*,*,#4872,.T.);
#6868=ORIENTED_EDGE('',*,*,#4873,.F.);
#6869=ORIENTED_EDGE('',*,*,#4869,.F.);
#6870=ORIENTED_EDGE('',*,*,#4874,.T.);
#6871=ORIENTED_EDGE('',*,*,#4875,.T.);
#6872=ORIENTED_EDGE('',*,*,#4876,.F.);
#6873=ORIENTED_EDGE('',*,*,#4872,.F.);
#6874=ORIENTED_EDGE('',*,*,#4877,.T.);
#6875=ORIENTED_EDGE('',*,*,#4878,.T.);
#6876=ORIENTED_EDGE('',*,*,#4879,.F.);
#6877=ORIENTED_EDGE('',*,*,#4875,.F.);
#6878=ORIENTED_EDGE('',*,*,#4880,.T.);
#6879=ORIENTED_EDGE('',*,*,#4881,.T.);
#6880=ORIENTED_EDGE('',*,*,#4882,.F.);
#6881=ORIENTED_EDGE('',*,*,#4878,.F.);
#6882=ORIENTED_EDGE('',*,*,#4883,.T.);
#6883=ORIENTED_EDGE('',*,*,#4840,.T.);
#6884=ORIENTED_EDGE('',*,*,#4884,.F.);
#6885=ORIENTED_EDGE('',*,*,#4881,.F.);
#6886=ORIENTED_EDGE('',*,*,#4885,.F.);
#6887=ORIENTED_EDGE('',*,*,#4886,.F.);
#6888=ORIENTED_EDGE('',*,*,#4880,.F.);
#6889=ORIENTED_EDGE('',*,*,#4887,.T.);
#6890=ORIENTED_EDGE('',*,*,#4888,.F.);
#6891=ORIENTED_EDGE('',*,*,#4887,.F.);
#6892=ORIENTED_EDGE('',*,*,#4877,.F.);
#6893=ORIENTED_EDGE('',*,*,#4889,.T.);
#6894=ORIENTED_EDGE('',*,*,#4890,.F.);
#6895=ORIENTED_EDGE('',*,*,#4889,.F.);
#6896=ORIENTED_EDGE('',*,*,#4874,.F.);
#6897=ORIENTED_EDGE('',*,*,#4891,.T.);
#6898=ORIENTED_EDGE('',*,*,#4892,.F.);
#6899=ORIENTED_EDGE('',*,*,#4891,.F.);
#6900=ORIENTED_EDGE('',*,*,#4871,.F.);
#6901=ORIENTED_EDGE('',*,*,#4893,.T.);
#6902=ORIENTED_EDGE('',*,*,#4894,.F.);
#6903=ORIENTED_EDGE('',*,*,#4893,.F.);
#6904=ORIENTED_EDGE('',*,*,#4868,.F.);
#6905=ORIENTED_EDGE('',*,*,#4895,.T.);
#6906=ORIENTED_EDGE('',*,*,#4896,.F.);
#6907=ORIENTED_EDGE('',*,*,#4895,.F.);
#6908=ORIENTED_EDGE('',*,*,#4865,.F.);
#6909=ORIENTED_EDGE('',*,*,#4897,.T.);
#6910=ORIENTED_EDGE('',*,*,#4898,.F.);
#6911=ORIENTED_EDGE('',*,*,#4897,.F.);
#6912=ORIENTED_EDGE('',*,*,#4862,.F.);
#6913=ORIENTED_EDGE('',*,*,#4899,.T.);
#6914=ORIENTED_EDGE('',*,*,#4900,.F.);
#6915=ORIENTED_EDGE('',*,*,#4899,.F.);
#6916=ORIENTED_EDGE('',*,*,#4859,.F.);
#6917=ORIENTED_EDGE('',*,*,#4901,.T.);
#6918=ORIENTED_EDGE('',*,*,#4902,.F.);
#6919=ORIENTED_EDGE('',*,*,#4901,.F.);
#6920=ORIENTED_EDGE('',*,*,#4856,.F.);
#6921=ORIENTED_EDGE('',*,*,#4903,.T.);
#6922=ORIENTED_EDGE('',*,*,#4904,.F.);
#6923=ORIENTED_EDGE('',*,*,#4903,.F.);
#6924=ORIENTED_EDGE('',*,*,#4853,.F.);
#6925=ORIENTED_EDGE('',*,*,#4905,.T.);
#6926=ORIENTED_EDGE('',*,*,#4906,.F.);
#6927=ORIENTED_EDGE('',*,*,#4905,.F.);
#6928=ORIENTED_EDGE('',*,*,#4850,.F.);
#6929=ORIENTED_EDGE('',*,*,#4907,.T.);
#6930=ORIENTED_EDGE('',*,*,#4908,.F.);
#6931=ORIENTED_EDGE('',*,*,#4907,.F.);
#6932=ORIENTED_EDGE('',*,*,#4847,.F.);
#6933=ORIENTED_EDGE('',*,*,#4909,.T.);
#6934=ORIENTED_EDGE('',*,*,#4910,.F.);
#6935=ORIENTED_EDGE('',*,*,#4909,.F.);
#6936=ORIENTED_EDGE('',*,*,#4844,.F.);
#6937=ORIENTED_EDGE('',*,*,#4911,.T.);
#6938=ORIENTED_EDGE('',*,*,#4912,.F.);
#6939=ORIENTED_EDGE('',*,*,#4911,.F.);
#6940=ORIENTED_EDGE('',*,*,#4841,.F.);
#6941=ORIENTED_EDGE('',*,*,#4913,.T.);
#6942=ORIENTED_EDGE('',*,*,#4914,.F.);
#6943=ORIENTED_EDGE('',*,*,#4913,.F.);
#6944=ORIENTED_EDGE('',*,*,#4837,.F.);
#6945=ORIENTED_EDGE('',*,*,#4915,.T.);
#6946=ORIENTED_EDGE('',*,*,#4916,.F.);
#6947=ORIENTED_EDGE('',*,*,#4915,.F.);
#6948=ORIENTED_EDGE('',*,*,#4883,.F.);
#6949=ORIENTED_EDGE('',*,*,#4886,.T.);
#6950=ORIENTED_EDGE('',*,*,#4917,.F.);
#6951=ORIENTED_EDGE('',*,*,#4918,.T.);
#6952=ORIENTED_EDGE('',*,*,#4919,.F.);
#6953=ORIENTED_EDGE('',*,*,#4920,.F.);
#6954=ORIENTED_EDGE('',*,*,#4921,.F.);
#6955=ORIENTED_EDGE('',*,*,#4920,.T.);
#6956=ORIENTED_EDGE('',*,*,#4922,.F.);
#6957=ORIENTED_EDGE('',*,*,#4923,.F.);
#6958=ORIENTED_EDGE('',*,*,#4924,.F.);
#6959=ORIENTED_EDGE('',*,*,#4923,.T.);
#6960=ORIENTED_EDGE('',*,*,#4925,.F.);
#6961=ORIENTED_EDGE('',*,*,#4926,.F.);
#6962=ORIENTED_EDGE('',*,*,#4927,.F.);
#6963=ORIENTED_EDGE('',*,*,#4926,.T.);
#6964=ORIENTED_EDGE('',*,*,#4928,.F.);
#6965=ORIENTED_EDGE('',*,*,#4929,.F.);
#6966=ORIENTED_EDGE('',*,*,#4930,.F.);
#6967=ORIENTED_EDGE('',*,*,#4929,.T.);
#6968=ORIENTED_EDGE('',*,*,#4931,.F.);
#6969=ORIENTED_EDGE('',*,*,#4932,.F.);
#6970=ORIENTED_EDGE('',*,*,#4933,.F.);
#6971=ORIENTED_EDGE('',*,*,#4932,.T.);
#6972=ORIENTED_EDGE('',*,*,#4934,.F.);
#6973=ORIENTED_EDGE('',*,*,#4935,.F.);
#6974=ORIENTED_EDGE('',*,*,#4936,.F.);
#6975=ORIENTED_EDGE('',*,*,#4935,.T.);
#6976=ORIENTED_EDGE('',*,*,#4937,.F.);
#6977=ORIENTED_EDGE('',*,*,#4938,.F.);
#6978=ORIENTED_EDGE('',*,*,#4939,.F.);
#6979=ORIENTED_EDGE('',*,*,#4938,.T.);
#6980=ORIENTED_EDGE('',*,*,#4940,.F.);
#6981=ORIENTED_EDGE('',*,*,#4941,.F.);
#6982=ORIENTED_EDGE('',*,*,#4942,.F.);
#6983=ORIENTED_EDGE('',*,*,#4941,.T.);
#6984=ORIENTED_EDGE('',*,*,#4943,.F.);
#6985=ORIENTED_EDGE('',*,*,#4944,.F.);
#6986=ORIENTED_EDGE('',*,*,#4945,.F.);
#6987=ORIENTED_EDGE('',*,*,#4944,.T.);
#6988=ORIENTED_EDGE('',*,*,#4946,.F.);
#6989=ORIENTED_EDGE('',*,*,#4947,.F.);
#6990=ORIENTED_EDGE('',*,*,#4948,.F.);
#6991=ORIENTED_EDGE('',*,*,#4947,.T.);
#6992=ORIENTED_EDGE('',*,*,#4949,.F.);
#6993=ORIENTED_EDGE('',*,*,#4950,.F.);
#6994=ORIENTED_EDGE('',*,*,#4951,.F.);
#6995=ORIENTED_EDGE('',*,*,#4950,.T.);
#6996=ORIENTED_EDGE('',*,*,#4952,.F.);
#6997=ORIENTED_EDGE('',*,*,#4953,.F.);
#6998=ORIENTED_EDGE('',*,*,#4954,.F.);
#6999=ORIENTED_EDGE('',*,*,#4953,.T.);
#7000=ORIENTED_EDGE('',*,*,#4955,.F.);
#7001=ORIENTED_EDGE('',*,*,#4956,.F.);
#7002=ORIENTED_EDGE('',*,*,#4957,.F.);
#7003=ORIENTED_EDGE('',*,*,#4956,.T.);
#7004=ORIENTED_EDGE('',*,*,#4958,.F.);
#7005=ORIENTED_EDGE('',*,*,#4959,.F.);
#7006=ORIENTED_EDGE('',*,*,#4960,.F.);
#7007=ORIENTED_EDGE('',*,*,#4959,.T.);
#7008=ORIENTED_EDGE('',*,*,#4961,.F.);
#7009=ORIENTED_EDGE('',*,*,#4962,.F.);
#7010=ORIENTED_EDGE('',*,*,#4963,.F.);
#7011=ORIENTED_EDGE('',*,*,#4962,.T.);
#7012=ORIENTED_EDGE('',*,*,#4964,.F.);
#7013=ORIENTED_EDGE('',*,*,#4918,.F.);
#7014=ORIENTED_EDGE('',*,*,#4964,.T.);
#7015=ORIENTED_EDGE('',*,*,#4961,.T.);
#7016=ORIENTED_EDGE('',*,*,#4958,.T.);
#7017=ORIENTED_EDGE('',*,*,#4955,.T.);
#7018=ORIENTED_EDGE('',*,*,#4952,.T.);
#7019=ORIENTED_EDGE('',*,*,#4949,.T.);
#7020=ORIENTED_EDGE('',*,*,#4946,.T.);
#7021=ORIENTED_EDGE('',*,*,#4943,.T.);
#7022=ORIENTED_EDGE('',*,*,#4940,.T.);
#7023=ORIENTED_EDGE('',*,*,#4937,.T.);
#7024=ORIENTED_EDGE('',*,*,#4934,.T.);
#7025=ORIENTED_EDGE('',*,*,#4931,.T.);
#7026=ORIENTED_EDGE('',*,*,#4928,.T.);
#7027=ORIENTED_EDGE('',*,*,#4925,.T.);
#7028=ORIENTED_EDGE('',*,*,#4922,.T.);
#7029=ORIENTED_EDGE('',*,*,#4919,.T.);
#7030=ORIENTED_EDGE('',*,*,#4839,.T.);
#7031=ORIENTED_EDGE('',*,*,#4843,.T.);
#7032=ORIENTED_EDGE('',*,*,#4846,.T.);
#7033=ORIENTED_EDGE('',*,*,#4849,.T.);
#7034=ORIENTED_EDGE('',*,*,#4852,.T.);
#7035=ORIENTED_EDGE('',*,*,#4855,.T.);
#7036=ORIENTED_EDGE('',*,*,#4858,.T.);
#7037=ORIENTED_EDGE('',*,*,#4861,.T.);
#7038=ORIENTED_EDGE('',*,*,#4864,.T.);
#7039=ORIENTED_EDGE('',*,*,#4867,.T.);
#7040=ORIENTED_EDGE('',*,*,#4870,.T.);
#7041=ORIENTED_EDGE('',*,*,#4873,.T.);
#7042=ORIENTED_EDGE('',*,*,#4876,.T.);
#7043=ORIENTED_EDGE('',*,*,#4879,.T.);
#7044=ORIENTED_EDGE('',*,*,#4882,.T.);
#7045=ORIENTED_EDGE('',*,*,#4884,.T.);
#7046=ORIENTED_EDGE('',*,*,#4965,.T.);
#7047=ORIENTED_EDGE('',*,*,#4966,.F.);
#7048=ORIENTED_EDGE('',*,*,#4960,.T.);
#7049=ORIENTED_EDGE('',*,*,#4967,.T.);
#7050=ORIENTED_EDGE('',*,*,#4968,.T.);
#7051=ORIENTED_EDGE('',*,*,#4969,.F.);
#7052=ORIENTED_EDGE('',*,*,#4957,.T.);
#7053=ORIENTED_EDGE('',*,*,#4966,.T.);
#7054=ORIENTED_EDGE('',*,*,#4970,.T.);
#7055=ORIENTED_EDGE('',*,*,#4971,.F.);
#7056=ORIENTED_EDGE('',*,*,#4954,.T.);
#7057=ORIENTED_EDGE('',*,*,#4969,.T.);
#7058=ORIENTED_EDGE('',*,*,#4972,.T.);
#7059=ORIENTED_EDGE('',*,*,#4973,.F.);
#7060=ORIENTED_EDGE('',*,*,#4951,.T.);
#7061=ORIENTED_EDGE('',*,*,#4971,.T.);
#7062=ORIENTED_EDGE('',*,*,#4974,.T.);
#7063=ORIENTED_EDGE('',*,*,#4975,.F.);
#7064=ORIENTED_EDGE('',*,*,#4948,.T.);
#7065=ORIENTED_EDGE('',*,*,#4973,.T.);
#7066=ORIENTED_EDGE('',*,*,#4976,.T.);
#7067=ORIENTED_EDGE('',*,*,#4977,.F.);
#7068=ORIENTED_EDGE('',*,*,#4945,.T.);
#7069=ORIENTED_EDGE('',*,*,#4975,.T.);
#7070=ORIENTED_EDGE('',*,*,#4978,.T.);
#7071=ORIENTED_EDGE('',*,*,#4979,.F.);
#7072=ORIENTED_EDGE('',*,*,#4942,.T.);
#7073=ORIENTED_EDGE('',*,*,#4977,.T.);
#7074=ORIENTED_EDGE('',*,*,#4980,.T.);
#7075=ORIENTED_EDGE('',*,*,#4981,.F.);
#7076=ORIENTED_EDGE('',*,*,#4939,.T.);
#7077=ORIENTED_EDGE('',*,*,#4979,.T.);
#7078=ORIENTED_EDGE('',*,*,#4982,.T.);
#7079=ORIENTED_EDGE('',*,*,#4983,.F.);
#7080=ORIENTED_EDGE('',*,*,#4936,.T.);
#7081=ORIENTED_EDGE('',*,*,#4981,.T.);
#7082=ORIENTED_EDGE('',*,*,#4984,.T.);
#7083=ORIENTED_EDGE('',*,*,#4985,.F.);
#7084=ORIENTED_EDGE('',*,*,#4933,.T.);
#7085=ORIENTED_EDGE('',*,*,#4983,.T.);
#7086=ORIENTED_EDGE('',*,*,#4986,.T.);
#7087=ORIENTED_EDGE('',*,*,#4987,.F.);
#7088=ORIENTED_EDGE('',*,*,#4930,.T.);
#7089=ORIENTED_EDGE('',*,*,#4985,.T.);
#7090=ORIENTED_EDGE('',*,*,#4988,.T.);
#7091=ORIENTED_EDGE('',*,*,#4989,.F.);
#7092=ORIENTED_EDGE('',*,*,#4927,.T.);
#7093=ORIENTED_EDGE('',*,*,#4987,.T.);
#7094=ORIENTED_EDGE('',*,*,#4990,.T.);
#7095=ORIENTED_EDGE('',*,*,#4991,.F.);
#7096=ORIENTED_EDGE('',*,*,#4924,.T.);
#7097=ORIENTED_EDGE('',*,*,#4989,.T.);
#7098=ORIENTED_EDGE('',*,*,#4992,.T.);
#7099=ORIENTED_EDGE('',*,*,#4993,.F.);
#7100=ORIENTED_EDGE('',*,*,#4921,.T.);
#7101=ORIENTED_EDGE('',*,*,#4991,.T.);
#7102=ORIENTED_EDGE('',*,*,#4994,.T.);
#7103=ORIENTED_EDGE('',*,*,#4995,.F.);
#7104=ORIENTED_EDGE('',*,*,#4917,.T.);
#7105=ORIENTED_EDGE('',*,*,#4993,.T.);
#7106=ORIENTED_EDGE('',*,*,#4996,.T.);
#7107=ORIENTED_EDGE('',*,*,#4967,.F.);
#7108=ORIENTED_EDGE('',*,*,#4963,.T.);
#7109=ORIENTED_EDGE('',*,*,#4995,.T.);
#7110=ORIENTED_EDGE('',*,*,#4965,.F.);
#7111=ORIENTED_EDGE('',*,*,#4996,.F.);
#7112=ORIENTED_EDGE('',*,*,#4994,.F.);
#7113=ORIENTED_EDGE('',*,*,#4992,.F.);
#7114=ORIENTED_EDGE('',*,*,#4990,.F.);
#7115=ORIENTED_EDGE('',*,*,#4988,.F.);
#7116=ORIENTED_EDGE('',*,*,#4986,.F.);
#7117=ORIENTED_EDGE('',*,*,#4984,.F.);
#7118=ORIENTED_EDGE('',*,*,#4982,.F.);
#7119=ORIENTED_EDGE('',*,*,#4980,.F.);
#7120=ORIENTED_EDGE('',*,*,#4978,.F.);
#7121=ORIENTED_EDGE('',*,*,#4976,.F.);
#7122=ORIENTED_EDGE('',*,*,#4974,.F.);
#7123=ORIENTED_EDGE('',*,*,#4972,.F.);
#7124=ORIENTED_EDGE('',*,*,#4970,.F.);
#7125=ORIENTED_EDGE('',*,*,#4968,.F.);
#7126=ORIENTED_EDGE('',*,*,#4885,.T.);
#7127=ORIENTED_EDGE('',*,*,#4888,.T.);
#7128=ORIENTED_EDGE('',*,*,#4890,.T.);
#7129=ORIENTED_EDGE('',*,*,#4892,.T.);
#7130=ORIENTED_EDGE('',*,*,#4894,.T.);
#7131=ORIENTED_EDGE('',*,*,#4896,.T.);
#7132=ORIENTED_EDGE('',*,*,#4898,.T.);
#7133=ORIENTED_EDGE('',*,*,#4900,.T.);
#7134=ORIENTED_EDGE('',*,*,#4902,.T.);
#7135=ORIENTED_EDGE('',*,*,#4904,.T.);
#7136=ORIENTED_EDGE('',*,*,#4906,.T.);
#7137=ORIENTED_EDGE('',*,*,#4908,.T.);
#7138=ORIENTED_EDGE('',*,*,#4910,.T.);
#7139=ORIENTED_EDGE('',*,*,#4912,.T.);
#7140=ORIENTED_EDGE('',*,*,#4914,.T.);
#7141=ORIENTED_EDGE('',*,*,#4916,.T.);
#7142=ORIENTED_EDGE('',*,*,#4997,.T.);
#7143=ORIENTED_EDGE('',*,*,#4998,.F.);
#7144=ORIENTED_EDGE('',*,*,#4999,.T.);
#7145=ORIENTED_EDGE('',*,*,#5000,.F.);
#7146=ORIENTED_EDGE('',*,*,#4997,.F.);
#7147=ORIENTED_EDGE('',*,*,#5001,.F.);
#7148=ORIENTED_EDGE('',*,*,#5002,.T.);
#7149=ORIENTED_EDGE('',*,*,#5003,.F.);
#7150=ORIENTED_EDGE('',*,*,#4999,.F.);
#7151=ORIENTED_EDGE('',*,*,#5004,.F.);
#7152=ORIENTED_EDGE('',*,*,#5005,.F.);
#7153=ORIENTED_EDGE('',*,*,#5006,.F.);
#7154=ORIENTED_EDGE('',*,*,#5007,.F.);
#7155=ORIENTED_EDGE('',*,*,#5008,.F.);
#7156=ORIENTED_EDGE('',*,*,#5009,.F.);
#7157=ORIENTED_EDGE('',*,*,#5005,.T.);
#7158=ORIENTED_EDGE('',*,*,#5010,.F.);
#7159=ORIENTED_EDGE('',*,*,#5002,.F.);
#7160=ORIENTED_EDGE('',*,*,#5011,.F.);
#7161=ORIENTED_EDGE('',*,*,#5012,.F.);
#7162=ORIENTED_EDGE('',*,*,#5013,.T.);
#7163=ORIENTED_EDGE('',*,*,#5007,.T.);
#7164=ORIENTED_EDGE('',*,*,#5014,.T.);
#7165=ORIENTED_EDGE('',*,*,#5015,.T.);
#7166=ORIENTED_EDGE('',*,*,#5008,.T.);
#7167=ORIENTED_EDGE('',*,*,#5013,.F.);
#7168=ORIENTED_EDGE('',*,*,#5006,.T.);
#7169=ORIENTED_EDGE('',*,*,#5011,.T.);
#7170=ORIENTED_EDGE('',*,*,#5004,.T.);
#7171=ORIENTED_EDGE('',*,*,#5001,.T.);
#7172=ORIENTED_EDGE('',*,*,#5016,.F.);
#7173=ORIENTED_EDGE('',*,*,#5017,.T.);
#7174=ORIENTED_EDGE('',*,*,#5014,.F.);
#7175=ORIENTED_EDGE('',*,*,#5012,.T.);
#7176=ORIENTED_EDGE('',*,*,#5018,.F.);
#7177=ORIENTED_EDGE('',*,*,#5019,.T.);
#7178=ORIENTED_EDGE('',*,*,#5016,.T.);
#7179=ORIENTED_EDGE('',*,*,#4998,.T.);
#7180=ORIENTED_EDGE('',*,*,#5020,.T.);
#7181=ORIENTED_EDGE('',*,*,#5019,.F.);
#7182=ORIENTED_EDGE('',*,*,#5018,.T.);
#7183=ORIENTED_EDGE('',*,*,#5000,.T.);
#7184=ORIENTED_EDGE('',*,*,#5003,.T.);
#7185=ORIENTED_EDGE('',*,*,#5010,.T.);
#7186=ORIENTED_EDGE('',*,*,#5009,.T.);
#7187=ORIENTED_EDGE('',*,*,#5015,.F.);
#7188=ORIENTED_EDGE('',*,*,#5017,.F.);
#7189=ORIENTED_EDGE('',*,*,#5020,.F.);
#7190=ORIENTED_EDGE('',*,*,#5021,.T.);
#7191=ORIENTED_EDGE('',*,*,#5022,.F.);
#7192=ORIENTED_EDGE('',*,*,#5023,.F.);
#7193=ORIENTED_EDGE('',*,*,#5024,.F.);
#7194=ORIENTED_EDGE('',*,*,#5025,.T.);
#7195=ORIENTED_EDGE('',*,*,#5026,.F.);
#7196=ORIENTED_EDGE('',*,*,#5027,.T.);
#7197=ORIENTED_EDGE('',*,*,#5028,.T.);
#7198=ORIENTED_EDGE('',*,*,#5029,.F.);
#7199=ORIENTED_EDGE('',*,*,#5030,.F.);
#7200=ORIENTED_EDGE('',*,*,#5031,.F.);
#7201=ORIENTED_EDGE('',*,*,#5032,.T.);
#7202=ORIENTED_EDGE('',*,*,#5033,.F.);
#7203=ORIENTED_EDGE('',*,*,#5034,.T.);
#7204=ORIENTED_EDGE('',*,*,#5035,.T.);
#7205=ORIENTED_EDGE('',*,*,#5036,.T.);
#7206=ORIENTED_EDGE('',*,*,#5037,.F.);
#7207=ORIENTED_EDGE('',*,*,#5038,.F.);
#7208=ORIENTED_EDGE('',*,*,#5039,.F.);
#7209=ORIENTED_EDGE('',*,*,#5040,.T.);
#7210=ORIENTED_EDGE('',*,*,#5041,.T.);
#7211=ORIENTED_EDGE('',*,*,#5042,.T.);
#7212=ORIENTED_EDGE('',*,*,#5041,.F.);
#7213=ORIENTED_EDGE('',*,*,#5043,.F.);
#7214=ORIENTED_EDGE('',*,*,#5044,.F.);
#7215=ORIENTED_EDGE('',*,*,#5045,.T.);
#7216=ORIENTED_EDGE('',*,*,#5046,.F.);
#7217=ORIENTED_EDGE('',*,*,#5022,.T.);
#7218=ORIENTED_EDGE('',*,*,#5047,.T.);
#7219=ORIENTED_EDGE('',*,*,#5048,.F.);
#7220=ORIENTED_EDGE('',*,*,#5049,.F.);
#7221=ORIENTED_EDGE('',*,*,#5050,.T.);
#7222=ORIENTED_EDGE('',*,*,#5051,.T.);
#7223=ORIENTED_EDGE('',*,*,#5052,.T.);
#7224=ORIENTED_EDGE('',*,*,#5053,.F.);
#7225=ORIENTED_EDGE('',*,*,#5054,.F.);
#7226=ORIENTED_EDGE('',*,*,#5044,.T.);
#7227=ORIENTED_EDGE('',*,*,#5055,.T.);
#7228=ORIENTED_EDGE('',*,*,#5056,.F.);
#7229=ORIENTED_EDGE('',*,*,#5052,.F.);
#7230=ORIENTED_EDGE('',*,*,#5057,.T.);
#7231=ORIENTED_EDGE('',*,*,#5058,.T.);
#7232=ORIENTED_EDGE('',*,*,#5059,.F.);
#7233=ORIENTED_EDGE('',*,*,#5055,.F.);
#7234=ORIENTED_EDGE('',*,*,#5039,.T.);
#7235=ORIENTED_EDGE('',*,*,#5060,.T.);
#7236=ORIENTED_EDGE('',*,*,#5061,.F.);
#7237=ORIENTED_EDGE('',*,*,#5058,.F.);
#7238=ORIENTED_EDGE('',*,*,#5062,.T.);
#7239=ORIENTED_EDGE('',*,*,#5063,.T.);
#7240=ORIENTED_EDGE('',*,*,#5064,.F.);
#7241=ORIENTED_EDGE('',*,*,#5060,.F.);
#7242=ORIENTED_EDGE('',*,*,#5031,.T.);
#7243=ORIENTED_EDGE('',*,*,#5065,.T.);
#7244=ORIENTED_EDGE('',*,*,#5066,.F.);
#7245=ORIENTED_EDGE('',*,*,#5063,.F.);
#7246=ORIENTED_EDGE('',*,*,#5067,.T.);
#7247=ORIENTED_EDGE('',*,*,#5068,.T.);
#7248=ORIENTED_EDGE('',*,*,#5069,.F.);
#7249=ORIENTED_EDGE('',*,*,#5065,.F.);
#7250=ORIENTED_EDGE('',*,*,#5024,.T.);
#7251=ORIENTED_EDGE('',*,*,#5070,.T.);
#7252=ORIENTED_EDGE('',*,*,#5071,.F.);
#7253=ORIENTED_EDGE('',*,*,#5068,.F.);
#7254=ORIENTED_EDGE('',*,*,#5072,.T.);
#7255=ORIENTED_EDGE('',*,*,#5073,.T.);
#7256=ORIENTED_EDGE('',*,*,#5074,.F.);
#7257=ORIENTED_EDGE('',*,*,#5070,.F.);
#7258=ORIENTED_EDGE('',*,*,#5049,.T.);
#7259=ORIENTED_EDGE('',*,*,#5075,.T.);
#7260=ORIENTED_EDGE('',*,*,#5076,.F.);
#7261=ORIENTED_EDGE('',*,*,#5073,.F.);
#7262=ORIENTED_EDGE('',*,*,#5077,.T.);
#7263=ORIENTED_EDGE('',*,*,#5078,.T.);
#7264=ORIENTED_EDGE('',*,*,#5079,.F.);
#7265=ORIENTED_EDGE('',*,*,#5075,.F.);
#7266=ORIENTED_EDGE('',*,*,#5080,.T.);
#7267=ORIENTED_EDGE('',*,*,#5081,.T.);
#7268=ORIENTED_EDGE('',*,*,#5082,.F.);
#7269=ORIENTED_EDGE('',*,*,#5078,.F.);
#7270=ORIENTED_EDGE('',*,*,#5083,.T.);
#7271=ORIENTED_EDGE('',*,*,#5084,.T.);
#7272=ORIENTED_EDGE('',*,*,#5085,.F.);
#7273=ORIENTED_EDGE('',*,*,#5081,.F.);
#7274=ORIENTED_EDGE('',*,*,#5086,.T.);
#7275=ORIENTED_EDGE('',*,*,#5087,.T.);
#7276=ORIENTED_EDGE('',*,*,#5088,.F.);
#7277=ORIENTED_EDGE('',*,*,#5084,.F.);
#7278=ORIENTED_EDGE('',*,*,#5089,.T.);
#7279=ORIENTED_EDGE('',*,*,#5090,.T.);
#7280=ORIENTED_EDGE('',*,*,#5091,.F.);
#7281=ORIENTED_EDGE('',*,*,#5087,.F.);
#7282=ORIENTED_EDGE('',*,*,#5092,.T.);
#7283=ORIENTED_EDGE('',*,*,#5054,.T.);
#7284=ORIENTED_EDGE('',*,*,#5093,.F.);
#7285=ORIENTED_EDGE('',*,*,#5090,.F.);
#7286=ORIENTED_EDGE('',*,*,#5042,.F.);
#7287=ORIENTED_EDGE('',*,*,#5046,.T.);
#7288=ORIENTED_EDGE('',*,*,#5094,.F.);
#7289=ORIENTED_EDGE('',*,*,#5095,.F.);
#7290=ORIENTED_EDGE('',*,*,#5092,.F.);
#7291=ORIENTED_EDGE('',*,*,#5096,.T.);
#7292=ORIENTED_EDGE('',*,*,#5036,.F.);
#7293=ORIENTED_EDGE('',*,*,#5096,.F.);
#7294=ORIENTED_EDGE('',*,*,#5089,.F.);
#7295=ORIENTED_EDGE('',*,*,#5097,.T.);
#7296=ORIENTED_EDGE('',*,*,#5034,.F.);
#7297=ORIENTED_EDGE('',*,*,#5098,.F.);
#7298=ORIENTED_EDGE('',*,*,#5035,.F.);
#7299=ORIENTED_EDGE('',*,*,#5097,.F.);
#7300=ORIENTED_EDGE('',*,*,#5086,.F.);
#7301=ORIENTED_EDGE('',*,*,#5099,.T.);
#7302=ORIENTED_EDGE('',*,*,#5028,.F.);
#7303=ORIENTED_EDGE('',*,*,#5099,.F.);
#7304=ORIENTED_EDGE('',*,*,#5083,.F.);
#7305=ORIENTED_EDGE('',*,*,#5100,.T.);
#7306=ORIENTED_EDGE('',*,*,#5027,.F.);
#7307=ORIENTED_EDGE('',*,*,#5101,.F.);
#7308=ORIENTED_EDGE('',*,*,#5021,.F.);
#7309=ORIENTED_EDGE('',*,*,#5100,.F.);
#7310=ORIENTED_EDGE('',*,*,#5080,.F.);
#7311=ORIENTED_EDGE('',*,*,#5102,.T.);
#7312=ORIENTED_EDGE('',*,*,#5047,.F.);
#7313=ORIENTED_EDGE('',*,*,#5077,.F.);
#7314=ORIENTED_EDGE('',*,*,#5048,.T.);
#7315=ORIENTED_EDGE('',*,*,#5102,.F.);
#7316=ORIENTED_EDGE('',*,*,#5023,.T.);
#7317=ORIENTED_EDGE('',*,*,#5050,.F.);
#7318=ORIENTED_EDGE('',*,*,#5072,.F.);
#7319=ORIENTED_EDGE('',*,*,#5103,.F.);
#7320=ORIENTED_EDGE('',*,*,#5025,.F.);
#7321=ORIENTED_EDGE('',*,*,#5067,.F.);
#7322=ORIENTED_EDGE('',*,*,#5030,.T.);
#7323=ORIENTED_EDGE('',*,*,#5104,.F.);
#7324=ORIENTED_EDGE('',*,*,#5032,.F.);
#7325=ORIENTED_EDGE('',*,*,#5062,.F.);
#7326=ORIENTED_EDGE('',*,*,#5038,.T.);
#7327=ORIENTED_EDGE('',*,*,#5043,.T.);
#7328=ORIENTED_EDGE('',*,*,#5040,.F.);
#7329=ORIENTED_EDGE('',*,*,#5057,.F.);
#7330=ORIENTED_EDGE('',*,*,#5051,.F.);
#7331=ORIENTED_EDGE('',*,*,#5095,.T.);
#7332=ORIENTED_EDGE('',*,*,#5105,.T.);
#7333=ORIENTED_EDGE('',*,*,#5105,.F.);
#7334=ORIENTED_EDGE('',*,*,#5094,.T.);
#7335=ORIENTED_EDGE('',*,*,#5045,.F.);
#7336=ORIENTED_EDGE('',*,*,#5106,.F.);
#7337=ORIENTED_EDGE('',*,*,#5107,.T.);
#7338=ORIENTED_EDGE('',*,*,#5108,.F.);
#7339=ORIENTED_EDGE('',*,*,#5109,.F.);
#7340=ORIENTED_EDGE('',*,*,#5110,.F.);
#7341=ORIENTED_EDGE('',*,*,#5109,.T.);
#7342=ORIENTED_EDGE('',*,*,#5111,.F.);
#7343=ORIENTED_EDGE('',*,*,#5112,.F.);
#7344=ORIENTED_EDGE('',*,*,#5113,.F.);
#7345=ORIENTED_EDGE('',*,*,#5112,.T.);
#7346=ORIENTED_EDGE('',*,*,#5114,.F.);
#7347=ORIENTED_EDGE('',*,*,#5115,.F.);
#7348=ORIENTED_EDGE('',*,*,#5116,.F.);
#7349=ORIENTED_EDGE('',*,*,#5115,.T.);
#7350=ORIENTED_EDGE('',*,*,#5117,.F.);
#7351=ORIENTED_EDGE('',*,*,#5118,.F.);
#7352=ORIENTED_EDGE('',*,*,#5119,.F.);
#7353=ORIENTED_EDGE('',*,*,#5118,.T.);
#7354=ORIENTED_EDGE('',*,*,#5120,.F.);
#7355=ORIENTED_EDGE('',*,*,#5121,.F.);
#7356=ORIENTED_EDGE('',*,*,#5122,.F.);
#7357=ORIENTED_EDGE('',*,*,#5121,.T.);
#7358=ORIENTED_EDGE('',*,*,#5123,.F.);
#7359=ORIENTED_EDGE('',*,*,#5124,.F.);
#7360=ORIENTED_EDGE('',*,*,#5125,.F.);
#7361=ORIENTED_EDGE('',*,*,#5124,.T.);
#7362=ORIENTED_EDGE('',*,*,#5126,.F.);
#7363=ORIENTED_EDGE('',*,*,#5127,.F.);
#7364=ORIENTED_EDGE('',*,*,#5128,.F.);
#7365=ORIENTED_EDGE('',*,*,#5127,.T.);
#7366=ORIENTED_EDGE('',*,*,#5129,.F.);
#7367=ORIENTED_EDGE('',*,*,#5130,.F.);
#7368=ORIENTED_EDGE('',*,*,#5131,.F.);
#7369=ORIENTED_EDGE('',*,*,#5130,.T.);
#7370=ORIENTED_EDGE('',*,*,#5132,.F.);
#7371=ORIENTED_EDGE('',*,*,#5133,.F.);
#7372=ORIENTED_EDGE('',*,*,#5134,.F.);
#7373=ORIENTED_EDGE('',*,*,#5133,.T.);
#7374=ORIENTED_EDGE('',*,*,#5135,.F.);
#7375=ORIENTED_EDGE('',*,*,#5136,.F.);
#7376=ORIENTED_EDGE('',*,*,#5137,.F.);
#7377=ORIENTED_EDGE('',*,*,#5136,.T.);
#7378=ORIENTED_EDGE('',*,*,#5138,.F.);
#7379=ORIENTED_EDGE('',*,*,#5139,.F.);
#7380=ORIENTED_EDGE('',*,*,#5140,.F.);
#7381=ORIENTED_EDGE('',*,*,#5139,.T.);
#7382=ORIENTED_EDGE('',*,*,#5141,.F.);
#7383=ORIENTED_EDGE('',*,*,#5142,.F.);
#7384=ORIENTED_EDGE('',*,*,#5143,.F.);
#7385=ORIENTED_EDGE('',*,*,#5142,.T.);
#7386=ORIENTED_EDGE('',*,*,#5144,.F.);
#7387=ORIENTED_EDGE('',*,*,#5145,.F.);
#7388=ORIENTED_EDGE('',*,*,#5146,.F.);
#7389=ORIENTED_EDGE('',*,*,#5145,.T.);
#7390=ORIENTED_EDGE('',*,*,#5147,.F.);
#7391=ORIENTED_EDGE('',*,*,#5148,.F.);
#7392=ORIENTED_EDGE('',*,*,#5149,.F.);
#7393=ORIENTED_EDGE('',*,*,#5148,.T.);
#7394=ORIENTED_EDGE('',*,*,#5150,.F.);
#7395=ORIENTED_EDGE('',*,*,#5151,.F.);
#7396=ORIENTED_EDGE('',*,*,#5152,.F.);
#7397=ORIENTED_EDGE('',*,*,#5151,.T.);
#7398=ORIENTED_EDGE('',*,*,#5153,.F.);
#7399=ORIENTED_EDGE('',*,*,#5107,.F.);
#7400=ORIENTED_EDGE('',*,*,#5153,.T.);
#7401=ORIENTED_EDGE('',*,*,#5150,.T.);
#7402=ORIENTED_EDGE('',*,*,#5147,.T.);
#7403=ORIENTED_EDGE('',*,*,#5144,.T.);
#7404=ORIENTED_EDGE('',*,*,#5141,.T.);
#7405=ORIENTED_EDGE('',*,*,#5138,.T.);
#7406=ORIENTED_EDGE('',*,*,#5135,.T.);
#7407=ORIENTED_EDGE('',*,*,#5132,.T.);
#7408=ORIENTED_EDGE('',*,*,#5129,.T.);
#7409=ORIENTED_EDGE('',*,*,#5126,.T.);
#7410=ORIENTED_EDGE('',*,*,#5123,.T.);
#7411=ORIENTED_EDGE('',*,*,#5120,.T.);
#7412=ORIENTED_EDGE('',*,*,#5117,.T.);
#7413=ORIENTED_EDGE('',*,*,#5114,.T.);
#7414=ORIENTED_EDGE('',*,*,#5111,.T.);
#7415=ORIENTED_EDGE('',*,*,#5108,.T.);
#7416=ORIENTED_EDGE('',*,*,#5053,.T.);
#7417=ORIENTED_EDGE('',*,*,#5056,.T.);
#7418=ORIENTED_EDGE('',*,*,#5059,.T.);
#7419=ORIENTED_EDGE('',*,*,#5061,.T.);
#7420=ORIENTED_EDGE('',*,*,#5064,.T.);
#7421=ORIENTED_EDGE('',*,*,#5066,.T.);
#7422=ORIENTED_EDGE('',*,*,#5069,.T.);
#7423=ORIENTED_EDGE('',*,*,#5071,.T.);
#7424=ORIENTED_EDGE('',*,*,#5074,.T.);
#7425=ORIENTED_EDGE('',*,*,#5076,.T.);
#7426=ORIENTED_EDGE('',*,*,#5079,.T.);
#7427=ORIENTED_EDGE('',*,*,#5082,.T.);
#7428=ORIENTED_EDGE('',*,*,#5085,.T.);
#7429=ORIENTED_EDGE('',*,*,#5088,.T.);
#7430=ORIENTED_EDGE('',*,*,#5091,.T.);
#7431=ORIENTED_EDGE('',*,*,#5093,.T.);
#7432=ORIENTED_EDGE('',*,*,#5154,.T.);
#7433=ORIENTED_EDGE('',*,*,#5155,.F.);
#7434=ORIENTED_EDGE('',*,*,#5152,.T.);
#7435=ORIENTED_EDGE('',*,*,#5156,.T.);
#7436=ORIENTED_EDGE('',*,*,#5157,.T.);
#7437=ORIENTED_EDGE('',*,*,#5158,.F.);
#7438=ORIENTED_EDGE('',*,*,#5149,.T.);
#7439=ORIENTED_EDGE('',*,*,#5155,.T.);
#7440=ORIENTED_EDGE('',*,*,#5159,.T.);
#7441=ORIENTED_EDGE('',*,*,#5160,.F.);
#7442=ORIENTED_EDGE('',*,*,#5146,.T.);
#7443=ORIENTED_EDGE('',*,*,#5158,.T.);
#7444=ORIENTED_EDGE('',*,*,#5161,.T.);
#7445=ORIENTED_EDGE('',*,*,#5162,.F.);
#7446=ORIENTED_EDGE('',*,*,#5143,.T.);
#7447=ORIENTED_EDGE('',*,*,#5160,.T.);
#7448=ORIENTED_EDGE('',*,*,#5163,.T.);
#7449=ORIENTED_EDGE('',*,*,#5164,.F.);
#7450=ORIENTED_EDGE('',*,*,#5140,.T.);
#7451=ORIENTED_EDGE('',*,*,#5162,.T.);
#7452=ORIENTED_EDGE('',*,*,#5165,.T.);
#7453=ORIENTED_EDGE('',*,*,#5166,.F.);
#7454=ORIENTED_EDGE('',*,*,#5137,.T.);
#7455=ORIENTED_EDGE('',*,*,#5164,.T.);
#7456=ORIENTED_EDGE('',*,*,#5167,.T.);
#7457=ORIENTED_EDGE('',*,*,#5168,.F.);
#7458=ORIENTED_EDGE('',*,*,#5134,.T.);
#7459=ORIENTED_EDGE('',*,*,#5166,.T.);
#7460=ORIENTED_EDGE('',*,*,#5169,.T.);
#7461=ORIENTED_EDGE('',*,*,#5170,.F.);
#7462=ORIENTED_EDGE('',*,*,#5131,.T.);
#7463=ORIENTED_EDGE('',*,*,#5168,.T.);
#7464=ORIENTED_EDGE('',*,*,#5171,.T.);
#7465=ORIENTED_EDGE('',*,*,#5172,.F.);
#7466=ORIENTED_EDGE('',*,*,#5128,.T.);
#7467=ORIENTED_EDGE('',*,*,#5170,.T.);
#7468=ORIENTED_EDGE('',*,*,#5173,.T.);
#7469=ORIENTED_EDGE('',*,*,#5174,.F.);
#7470=ORIENTED_EDGE('',*,*,#5125,.T.);
#7471=ORIENTED_EDGE('',*,*,#5172,.T.);
#7472=ORIENTED_EDGE('',*,*,#5175,.T.);
#7473=ORIENTED_EDGE('',*,*,#5176,.F.);
#7474=ORIENTED_EDGE('',*,*,#5122,.T.);
#7475=ORIENTED_EDGE('',*,*,#5174,.T.);
#7476=ORIENTED_EDGE('',*,*,#5177,.T.);
#7477=ORIENTED_EDGE('',*,*,#5178,.F.);
#7478=ORIENTED_EDGE('',*,*,#5119,.T.);
#7479=ORIENTED_EDGE('',*,*,#5176,.T.);
#7480=ORIENTED_EDGE('',*,*,#5179,.T.);
#7481=ORIENTED_EDGE('',*,*,#5180,.F.);
#7482=ORIENTED_EDGE('',*,*,#5116,.T.);
#7483=ORIENTED_EDGE('',*,*,#5178,.T.);
#7484=ORIENTED_EDGE('',*,*,#5181,.T.);
#7485=ORIENTED_EDGE('',*,*,#5182,.F.);
#7486=ORIENTED_EDGE('',*,*,#5113,.T.);
#7487=ORIENTED_EDGE('',*,*,#5180,.T.);
#7488=ORIENTED_EDGE('',*,*,#5183,.T.);
#7489=ORIENTED_EDGE('',*,*,#5184,.F.);
#7490=ORIENTED_EDGE('',*,*,#5110,.T.);
#7491=ORIENTED_EDGE('',*,*,#5182,.T.);
#7492=ORIENTED_EDGE('',*,*,#5185,.T.);
#7493=ORIENTED_EDGE('',*,*,#5156,.F.);
#7494=ORIENTED_EDGE('',*,*,#5106,.T.);
#7495=ORIENTED_EDGE('',*,*,#5184,.T.);
#7496=ORIENTED_EDGE('',*,*,#5154,.F.);
#7497=ORIENTED_EDGE('',*,*,#5185,.F.);
#7498=ORIENTED_EDGE('',*,*,#5183,.F.);
#7499=ORIENTED_EDGE('',*,*,#5181,.F.);
#7500=ORIENTED_EDGE('',*,*,#5179,.F.);
#7501=ORIENTED_EDGE('',*,*,#5177,.F.);
#7502=ORIENTED_EDGE('',*,*,#5175,.F.);
#7503=ORIENTED_EDGE('',*,*,#5173,.F.);
#7504=ORIENTED_EDGE('',*,*,#5171,.F.);
#7505=ORIENTED_EDGE('',*,*,#5169,.F.);
#7506=ORIENTED_EDGE('',*,*,#5167,.F.);
#7507=ORIENTED_EDGE('',*,*,#5165,.F.);
#7508=ORIENTED_EDGE('',*,*,#5163,.F.);
#7509=ORIENTED_EDGE('',*,*,#5161,.F.);
#7510=ORIENTED_EDGE('',*,*,#5159,.F.);
#7511=ORIENTED_EDGE('',*,*,#5157,.F.);
#7512=ORIENTED_EDGE('',*,*,#5029,.T.);
#7513=ORIENTED_EDGE('',*,*,#5101,.T.);
#7514=ORIENTED_EDGE('',*,*,#5026,.T.);
#7515=ORIENTED_EDGE('',*,*,#5103,.T.);
#7516=ORIENTED_EDGE('',*,*,#5037,.T.);
#7517=ORIENTED_EDGE('',*,*,#5098,.T.);
#7518=ORIENTED_EDGE('',*,*,#5033,.T.);
#7519=ORIENTED_EDGE('',*,*,#5104,.T.);
#7520=ORIENTED_EDGE('',*,*,#5186,.T.);
#7521=ORIENTED_EDGE('',*,*,#5187,.T.);
#7522=ORIENTED_EDGE('',*,*,#5188,.T.);
#7523=ORIENTED_EDGE('',*,*,#5189,.T.);
#7524=ORIENTED_EDGE('',*,*,#5187,.F.);
#7525=ORIENTED_EDGE('',*,*,#5188,.F.);
#7526=ORIENTED_EDGE('',*,*,#5189,.F.);
#7527=ORIENTED_EDGE('',*,*,#5190,.T.);
#7528=ORIENTED_EDGE('',*,*,#5191,.T.);
#7529=ORIENTED_EDGE('',*,*,#5190,.F.);
#7530=ORIENTED_EDGE('',*,*,#5186,.F.);
#7531=ORIENTED_EDGE('',*,*,#5192,.T.);
#7532=ORIENTED_EDGE('',*,*,#5193,.T.);
#7533=ORIENTED_EDGE('',*,*,#5194,.T.);
#7534=ORIENTED_EDGE('',*,*,#5195,.T.);
#7535=ORIENTED_EDGE('',*,*,#5193,.F.);
#7536=ORIENTED_EDGE('',*,*,#5196,.T.);
#7537=ORIENTED_EDGE('',*,*,#5197,.T.);
#7538=ORIENTED_EDGE('',*,*,#5198,.T.);
#7539=ORIENTED_EDGE('',*,*,#5199,.T.);
#7540=ORIENTED_EDGE('',*,*,#5200,.T.);
#7541=ORIENTED_EDGE('',*,*,#5201,.T.);
#7542=ORIENTED_EDGE('',*,*,#5202,.T.);
#7543=ORIENTED_EDGE('',*,*,#5200,.F.);
#7544=ORIENTED_EDGE('',*,*,#5203,.T.);
#7545=ORIENTED_EDGE('',*,*,#5204,.T.);
#7546=ORIENTED_EDGE('',*,*,#5205,.T.);
#7547=ORIENTED_EDGE('',*,*,#5206,.T.);
#7548=ORIENTED_EDGE('',*,*,#5207,.T.);
#7549=ORIENTED_EDGE('',*,*,#5208,.T.);
#7550=ORIENTED_EDGE('',*,*,#5209,.T.);
#7551=ORIENTED_EDGE('',*,*,#5207,.F.);
#7552=ORIENTED_EDGE('',*,*,#5210,.T.);
#7553=ORIENTED_EDGE('',*,*,#5211,.T.);
#7554=ORIENTED_EDGE('',*,*,#5212,.T.);
#7555=ORIENTED_EDGE('',*,*,#5213,.T.);
#7556=ORIENTED_EDGE('',*,*,#5214,.T.);
#7557=ORIENTED_EDGE('',*,*,#5215,.T.);
#7558=ORIENTED_EDGE('',*,*,#5216,.T.);
#7559=ORIENTED_EDGE('',*,*,#5217,.T.);
#7560=ORIENTED_EDGE('',*,*,#5215,.F.);
#7561=ORIENTED_EDGE('',*,*,#5218,.T.);
#7562=ORIENTED_EDGE('',*,*,#5219,.T.);
#7563=ORIENTED_EDGE('',*,*,#5220,.T.);
#7564=ORIENTED_EDGE('',*,*,#5221,.T.);
#7565=ORIENTED_EDGE('',*,*,#5222,.T.);
#7566=ORIENTED_EDGE('',*,*,#5223,.T.);
#7567=ORIENTED_EDGE('',*,*,#5224,.T.);
#7568=ORIENTED_EDGE('',*,*,#5223,.F.);
#7569=ORIENTED_EDGE('',*,*,#5224,.F.);
#7570=ORIENTED_EDGE('',*,*,#5225,.F.);
#7571=ORIENTED_EDGE('',*,*,#5226,.F.);
#7572=ORIENTED_EDGE('',*,*,#5227,.F.);
#7573=ORIENTED_EDGE('',*,*,#5217,.F.);
#7574=ORIENTED_EDGE('',*,*,#5228,.F.);
#7575=ORIENTED_EDGE('',*,*,#5229,.F.);
#7576=ORIENTED_EDGE('',*,*,#5230,.F.);
#7577=ORIENTED_EDGE('',*,*,#5209,.F.);
#7578=ORIENTED_EDGE('',*,*,#5231,.F.);
#7579=ORIENTED_EDGE('',*,*,#5232,.F.);
#7580=ORIENTED_EDGE('',*,*,#5233,.F.);
#7581=ORIENTED_EDGE('',*,*,#5202,.F.);
#7582=ORIENTED_EDGE('',*,*,#5234,.F.);
#7583=ORIENTED_EDGE('',*,*,#5235,.F.);
#7584=ORIENTED_EDGE('',*,*,#5236,.F.);
#7585=ORIENTED_EDGE('',*,*,#5195,.F.);
#7586=ORIENTED_EDGE('',*,*,#5237,.F.);
#7587=ORIENTED_EDGE('',*,*,#5238,.T.);
#7588=ORIENTED_EDGE('',*,*,#5221,.F.);
#7589=ORIENTED_EDGE('',*,*,#5222,.F.);
#7590=ORIENTED_EDGE('',*,*,#5238,.F.);
#7591=ORIENTED_EDGE('',*,*,#5234,.T.);
#7592=ORIENTED_EDGE('',*,*,#5201,.F.);
#7593=ORIENTED_EDGE('',*,*,#5205,.F.);
#7594=ORIENTED_EDGE('',*,*,#5239,.F.);
#7595=ORIENTED_EDGE('',*,*,#5240,.F.);
#7596=ORIENTED_EDGE('',*,*,#5233,.T.);
#7597=ORIENTED_EDGE('',*,*,#5241,.T.);
#7598=ORIENTED_EDGE('',*,*,#5242,.F.);
#7599=ORIENTED_EDGE('',*,*,#5203,.F.);
#7600=ORIENTED_EDGE('',*,*,#5199,.F.);
#7601=ORIENTED_EDGE('',*,*,#5232,.T.);
#7602=ORIENTED_EDGE('',*,*,#5243,.T.);
#7603=ORIENTED_EDGE('',*,*,#5244,.F.);
#7604=ORIENTED_EDGE('',*,*,#5241,.F.);
#7605=ORIENTED_EDGE('',*,*,#5231,.T.);
#7606=ORIENTED_EDGE('',*,*,#5208,.F.);
#7607=ORIENTED_EDGE('',*,*,#5213,.F.);
#7608=ORIENTED_EDGE('',*,*,#5245,.F.);
#7609=ORIENTED_EDGE('',*,*,#5243,.F.);
#7610=ORIENTED_EDGE('',*,*,#5230,.T.);
#7611=ORIENTED_EDGE('',*,*,#5246,.T.);
#7612=ORIENTED_EDGE('',*,*,#5247,.F.);
#7613=ORIENTED_EDGE('',*,*,#5210,.F.);
#7614=ORIENTED_EDGE('',*,*,#5206,.F.);
#7615=ORIENTED_EDGE('',*,*,#5229,.T.);
#7616=ORIENTED_EDGE('',*,*,#5248,.T.);
#7617=ORIENTED_EDGE('',*,*,#5249,.F.);
#7618=ORIENTED_EDGE('',*,*,#5246,.F.);
#7619=ORIENTED_EDGE('',*,*,#5235,.T.);
#7620=ORIENTED_EDGE('',*,*,#5240,.T.);
#7621=ORIENTED_EDGE('',*,*,#5250,.F.);
#7622=ORIENTED_EDGE('',*,*,#5251,.F.);
#7623=ORIENTED_EDGE('',*,*,#5225,.T.);
#7624=ORIENTED_EDGE('',*,*,#5194,.F.);
#7625=ORIENTED_EDGE('',*,*,#5198,.F.);
#7626=ORIENTED_EDGE('',*,*,#5252,.F.);
#7627=ORIENTED_EDGE('',*,*,#5253,.F.);
#7628=ORIENTED_EDGE('',*,*,#5228,.T.);
#7629=ORIENTED_EDGE('',*,*,#5216,.F.);
#7630=ORIENTED_EDGE('',*,*,#5220,.F.);
#7631=ORIENTED_EDGE('',*,*,#5254,.F.);
#7632=ORIENTED_EDGE('',*,*,#5248,.F.);
#7633=ORIENTED_EDGE('',*,*,#5227,.T.);
#7634=ORIENTED_EDGE('',*,*,#5255,.T.);
#7635=ORIENTED_EDGE('',*,*,#5256,.F.);
#7636=ORIENTED_EDGE('',*,*,#5218,.F.);
#7637=ORIENTED_EDGE('',*,*,#5214,.F.);
#7638=ORIENTED_EDGE('',*,*,#5226,.T.);
#7639=ORIENTED_EDGE('',*,*,#5253,.T.);
#7640=ORIENTED_EDGE('',*,*,#5257,.F.);
#7641=ORIENTED_EDGE('',*,*,#5255,.F.);
#7642=ORIENTED_EDGE('',*,*,#5236,.T.);
#7643=ORIENTED_EDGE('',*,*,#5251,.T.);
#7644=ORIENTED_EDGE('',*,*,#5258,.F.);
#7645=ORIENTED_EDGE('',*,*,#5196,.F.);
#7646=ORIENTED_EDGE('',*,*,#5192,.F.);
#7647=ORIENTED_EDGE('',*,*,#5259,.T.);
#7648=ORIENTED_EDGE('',*,*,#5211,.F.);
#7649=ORIENTED_EDGE('',*,*,#5247,.T.);
#7650=ORIENTED_EDGE('',*,*,#5249,.T.);
#7651=ORIENTED_EDGE('',*,*,#5254,.T.);
#7652=ORIENTED_EDGE('',*,*,#5219,.F.);
#7653=ORIENTED_EDGE('',*,*,#5256,.T.);
#7654=ORIENTED_EDGE('',*,*,#5257,.T.);
#7655=ORIENTED_EDGE('',*,*,#5252,.T.);
#7656=ORIENTED_EDGE('',*,*,#5197,.F.);
#7657=ORIENTED_EDGE('',*,*,#5258,.T.);
#7658=ORIENTED_EDGE('',*,*,#5250,.T.);
#7659=ORIENTED_EDGE('',*,*,#5239,.T.);
#7660=ORIENTED_EDGE('',*,*,#5204,.F.);
#7661=ORIENTED_EDGE('',*,*,#5242,.T.);
#7662=ORIENTED_EDGE('',*,*,#5244,.T.);
#7663=ORIENTED_EDGE('',*,*,#5245,.T.);
#7664=ORIENTED_EDGE('',*,*,#5212,.F.);
#7665=ORIENTED_EDGE('',*,*,#5259,.F.);
#7666=ORIENTED_EDGE('',*,*,#5237,.T.);
#7667=ORIENTED_EDGE('',*,*,#5260,.F.);
#7668=ORIENTED_EDGE('',*,*,#5261,.F.);
#7669=ORIENTED_EDGE('',*,*,#5262,.T.);
#7670=ORIENTED_EDGE('',*,*,#5260,.T.);
#7671=ORIENTED_EDGE('',*,*,#5262,.F.);
#7672=ORIENTED_EDGE('',*,*,#5191,.F.);
#7673=ORIENTED_EDGE('',*,*,#5263,.T.);
#7674=ORIENTED_EDGE('',*,*,#5261,.T.);
#7675=ORIENTED_EDGE('',*,*,#5263,.F.);
#7676=ORIENTED_EDGE('',*,*,#5264,.T.);
#7677=ORIENTED_EDGE('',*,*,#5265,.T.);
#7678=ORIENTED_EDGE('',*,*,#5266,.T.);
#7679=ORIENTED_EDGE('',*,*,#5267,.T.);
#7680=ORIENTED_EDGE('',*,*,#5265,.F.);
#7681=ORIENTED_EDGE('',*,*,#5266,.F.);
#7682=ORIENTED_EDGE('',*,*,#5267,.F.);
#7683=ORIENTED_EDGE('',*,*,#5268,.T.);
#7684=ORIENTED_EDGE('',*,*,#5269,.T.);
#7685=ORIENTED_EDGE('',*,*,#5268,.F.);
#7686=ORIENTED_EDGE('',*,*,#5264,.F.);
#7687=ORIENTED_EDGE('',*,*,#5270,.T.);
#7688=ORIENTED_EDGE('',*,*,#5271,.T.);
#7689=ORIENTED_EDGE('',*,*,#5272,.T.);
#7690=ORIENTED_EDGE('',*,*,#5273,.T.);
#7691=ORIENTED_EDGE('',*,*,#5271,.F.);
#7692=ORIENTED_EDGE('',*,*,#5274,.T.);
#7693=ORIENTED_EDGE('',*,*,#5275,.T.);
#7694=ORIENTED_EDGE('',*,*,#5276,.T.);
#7695=ORIENTED_EDGE('',*,*,#5277,.T.);
#7696=ORIENTED_EDGE('',*,*,#5278,.T.);
#7697=ORIENTED_EDGE('',*,*,#5279,.T.);
#7698=ORIENTED_EDGE('',*,*,#5280,.T.);
#7699=ORIENTED_EDGE('',*,*,#5278,.F.);
#7700=ORIENTED_EDGE('',*,*,#5281,.T.);
#7701=ORIENTED_EDGE('',*,*,#5282,.T.);
#7702=ORIENTED_EDGE('',*,*,#5283,.T.);
#7703=ORIENTED_EDGE('',*,*,#5284,.T.);
#7704=ORIENTED_EDGE('',*,*,#5285,.T.);
#7705=ORIENTED_EDGE('',*,*,#5286,.T.);
#7706=ORIENTED_EDGE('',*,*,#5287,.T.);
#7707=ORIENTED_EDGE('',*,*,#5285,.F.);
#7708=ORIENTED_EDGE('',*,*,#5288,.T.);
#7709=ORIENTED_EDGE('',*,*,#5289,.T.);
#7710=ORIENTED_EDGE('',*,*,#5290,.T.);
#7711=ORIENTED_EDGE('',*,*,#5291,.T.);
#7712=ORIENTED_EDGE('',*,*,#5292,.T.);
#7713=ORIENTED_EDGE('',*,*,#5293,.T.);
#7714=ORIENTED_EDGE('',*,*,#5294,.T.);
#7715=ORIENTED_EDGE('',*,*,#5295,.T.);
#7716=ORIENTED_EDGE('',*,*,#5293,.F.);
#7717=ORIENTED_EDGE('',*,*,#5296,.T.);
#7718=ORIENTED_EDGE('',*,*,#5297,.T.);
#7719=ORIENTED_EDGE('',*,*,#5298,.T.);
#7720=ORIENTED_EDGE('',*,*,#5299,.T.);
#7721=ORIENTED_EDGE('',*,*,#5300,.T.);
#7722=ORIENTED_EDGE('',*,*,#5301,.T.);
#7723=ORIENTED_EDGE('',*,*,#5302,.T.);
#7724=ORIENTED_EDGE('',*,*,#5301,.F.);
#7725=ORIENTED_EDGE('',*,*,#5302,.F.);
#7726=ORIENTED_EDGE('',*,*,#5303,.F.);
#7727=ORIENTED_EDGE('',*,*,#5304,.F.);
#7728=ORIENTED_EDGE('',*,*,#5305,.F.);
#7729=ORIENTED_EDGE('',*,*,#5295,.F.);
#7730=ORIENTED_EDGE('',*,*,#5306,.F.);
#7731=ORIENTED_EDGE('',*,*,#5307,.F.);
#7732=ORIENTED_EDGE('',*,*,#5308,.F.);
#7733=ORIENTED_EDGE('',*,*,#5287,.F.);
#7734=ORIENTED_EDGE('',*,*,#5309,.F.);
#7735=ORIENTED_EDGE('',*,*,#5310,.F.);
#7736=ORIENTED_EDGE('',*,*,#5311,.F.);
#7737=ORIENTED_EDGE('',*,*,#5280,.F.);
#7738=ORIENTED_EDGE('',*,*,#5312,.F.);
#7739=ORIENTED_EDGE('',*,*,#5313,.F.);
#7740=ORIENTED_EDGE('',*,*,#5314,.F.);
#7741=ORIENTED_EDGE('',*,*,#5273,.F.);
#7742=ORIENTED_EDGE('',*,*,#5315,.F.);
#7743=ORIENTED_EDGE('',*,*,#5316,.T.);
#7744=ORIENTED_EDGE('',*,*,#5299,.F.);
#7745=ORIENTED_EDGE('',*,*,#5300,.F.);
#7746=ORIENTED_EDGE('',*,*,#5316,.F.);
#7747=ORIENTED_EDGE('',*,*,#5312,.T.);
#7748=ORIENTED_EDGE('',*,*,#5279,.F.);
#7749=ORIENTED_EDGE('',*,*,#5283,.F.);
#7750=ORIENTED_EDGE('',*,*,#5317,.F.);
#7751=ORIENTED_EDGE('',*,*,#5318,.F.);
#7752=ORIENTED_EDGE('',*,*,#5311,.T.);
#7753=ORIENTED_EDGE('',*,*,#5319,.T.);
#7754=ORIENTED_EDGE('',*,*,#5320,.F.);
#7755=ORIENTED_EDGE('',*,*,#5281,.F.);
#7756=ORIENTED_EDGE('',*,*,#5277,.F.);
#7757=ORIENTED_EDGE('',*,*,#5310,.T.);
#7758=ORIENTED_EDGE('',*,*,#5321,.T.);
#7759=ORIENTED_EDGE('',*,*,#5322,.F.);
#7760=ORIENTED_EDGE('',*,*,#5319,.F.);
#7761=ORIENTED_EDGE('',*,*,#5309,.T.);
#7762=ORIENTED_EDGE('',*,*,#5286,.F.);
#7763=ORIENTED_EDGE('',*,*,#5291,.F.);
#7764=ORIENTED_EDGE('',*,*,#5323,.F.);
#7765=ORIENTED_EDGE('',*,*,#5321,.F.);
#7766=ORIENTED_EDGE('',*,*,#5308,.T.);
#7767=ORIENTED_EDGE('',*,*,#5324,.T.);
#7768=ORIENTED_EDGE('',*,*,#5325,.F.);
#7769=ORIENTED_EDGE('',*,*,#5288,.F.);
#7770=ORIENTED_EDGE('',*,*,#5284,.F.);
#7771=ORIENTED_EDGE('',*,*,#5307,.T.);
#7772=ORIENTED_EDGE('',*,*,#5326,.T.);
#7773=ORIENTED_EDGE('',*,*,#5327,.F.);
#7774=ORIENTED_EDGE('',*,*,#5324,.F.);
#7775=ORIENTED_EDGE('',*,*,#5313,.T.);
#7776=ORIENTED_EDGE('',*,*,#5318,.T.);
#7777=ORIENTED_EDGE('',*,*,#5328,.F.);
#7778=ORIENTED_EDGE('',*,*,#5329,.F.);
#7779=ORIENTED_EDGE('',*,*,#5303,.T.);
#7780=ORIENTED_EDGE('',*,*,#5272,.F.);
#7781=ORIENTED_EDGE('',*,*,#5276,.F.);
#7782=ORIENTED_EDGE('',*,*,#5330,.F.);
#7783=ORIENTED_EDGE('',*,*,#5331,.F.);
#7784=ORIENTED_EDGE('',*,*,#5306,.T.);
#7785=ORIENTED_EDGE('',*,*,#5294,.F.);
#7786=ORIENTED_EDGE('',*,*,#5298,.F.);
#7787=ORIENTED_EDGE('',*,*,#5332,.F.);
#7788=ORIENTED_EDGE('',*,*,#5326,.F.);
#7789=ORIENTED_EDGE('',*,*,#5305,.T.);
#7790=ORIENTED_EDGE('',*,*,#5333,.T.);
#7791=ORIENTED_EDGE('',*,*,#5334,.F.);
#7792=ORIENTED_EDGE('',*,*,#5296,.F.);
#7793=ORIENTED_EDGE('',*,*,#5292,.F.);
#7794=ORIENTED_EDGE('',*,*,#5304,.T.);
#7795=ORIENTED_EDGE('',*,*,#5331,.T.);
#7796=ORIENTED_EDGE('',*,*,#5335,.F.);
#7797=ORIENTED_EDGE('',*,*,#5333,.F.);
#7798=ORIENTED_EDGE('',*,*,#5314,.T.);
#7799=ORIENTED_EDGE('',*,*,#5329,.T.);
#7800=ORIENTED_EDGE('',*,*,#5336,.F.);
#7801=ORIENTED_EDGE('',*,*,#5274,.F.);
#7802=ORIENTED_EDGE('',*,*,#5270,.F.);
#7803=ORIENTED_EDGE('',*,*,#5337,.T.);
#7804=ORIENTED_EDGE('',*,*,#5289,.F.);
#7805=ORIENTED_EDGE('',*,*,#5325,.T.);
#7806=ORIENTED_EDGE('',*,*,#5327,.T.);
#7807=ORIENTED_EDGE('',*,*,#5332,.T.);
#7808=ORIENTED_EDGE('',*,*,#5297,.F.);
#7809=ORIENTED_EDGE('',*,*,#5334,.T.);
#7810=ORIENTED_EDGE('',*,*,#5335,.T.);
#7811=ORIENTED_EDGE('',*,*,#5330,.T.);
#7812=ORIENTED_EDGE('',*,*,#5275,.F.);
#7813=ORIENTED_EDGE('',*,*,#5336,.T.);
#7814=ORIENTED_EDGE('',*,*,#5328,.T.);
#7815=ORIENTED_EDGE('',*,*,#5317,.T.);
#7816=ORIENTED_EDGE('',*,*,#5282,.F.);
#7817=ORIENTED_EDGE('',*,*,#5320,.T.);
#7818=ORIENTED_EDGE('',*,*,#5322,.T.);
#7819=ORIENTED_EDGE('',*,*,#5323,.T.);
#7820=ORIENTED_EDGE('',*,*,#5290,.F.);
#7821=ORIENTED_EDGE('',*,*,#5337,.F.);
#7822=ORIENTED_EDGE('',*,*,#5315,.T.);
#7823=ORIENTED_EDGE('',*,*,#5338,.F.);
#7824=ORIENTED_EDGE('',*,*,#5339,.F.);
#7825=ORIENTED_EDGE('',*,*,#5340,.T.);
#7826=ORIENTED_EDGE('',*,*,#5338,.T.);
#7827=ORIENTED_EDGE('',*,*,#5340,.F.);
#7828=ORIENTED_EDGE('',*,*,#5269,.F.);
#7829=ORIENTED_EDGE('',*,*,#5341,.T.);
#7830=ORIENTED_EDGE('',*,*,#5339,.T.);
#7831=ORIENTED_EDGE('',*,*,#5341,.F.);
#7832=CYLINDRICAL_SURFACE('',#8964,0.5);
#7833=CYLINDRICAL_SURFACE('',#8991,1.);
#7834=CYLINDRICAL_SURFACE('',#8993,5.);
#7835=CYLINDRICAL_SURFACE('',#8997,1.);
#7836=CYLINDRICAL_SURFACE('',#8999,1.);
#7837=CYLINDRICAL_SURFACE('',#9001,1.621);
#7838=CYLINDRICAL_SURFACE('',#9004,1.621);
#7839=CYLINDRICAL_SURFACE('',#9007,1.);
#7840=CYLINDRICAL_SURFACE('',#9009,1.);
#7841=CYLINDRICAL_SURFACE('',#9012,1.);
#7842=CYLINDRICAL_SURFACE('',#9014,1.);
#7843=CYLINDRICAL_SURFACE('',#9024,1.);
#7844=CYLINDRICAL_SURFACE('',#9032,1.);
#7845=CYLINDRICAL_SURFACE('',#9033,0.5);
#7846=CYLINDRICAL_SURFACE('',#9038,0.5);
#7847=CYLINDRICAL_SURFACE('',#9039,3.5);
#7848=CYLINDRICAL_SURFACE('',#9050,7.19999999999997);
#7849=CYLINDRICAL_SURFACE('',#9053,6.52499999999997);
#7850=CYLINDRICAL_SURFACE('',#9068,1.);
#7851=CYLINDRICAL_SURFACE('',#9071,1.);
#7852=CYLINDRICAL_SURFACE('',#9074,1.);
#7853=CYLINDRICAL_SURFACE('',#9077,1.);
#7854=CYLINDRICAL_SURFACE('',#9080,1.);
#7855=CYLINDRICAL_SURFACE('',#9083,1.);
#7856=CYLINDRICAL_SURFACE('',#9086,1.);
#7857=CYLINDRICAL_SURFACE('',#9089,1.);
#7858=CYLINDRICAL_SURFACE('',#9092,1.);
#7859=CYLINDRICAL_SURFACE('',#9095,1.);
#7860=CYLINDRICAL_SURFACE('',#9098,1.);
#7861=CYLINDRICAL_SURFACE('',#9101,1.);
#7862=CYLINDRICAL_SURFACE('',#9104,1.);
#7863=CYLINDRICAL_SURFACE('',#9107,1.);
#7864=CYLINDRICAL_SURFACE('',#9110,1.);
#7865=CYLINDRICAL_SURFACE('',#9113,1.);
#7866=CYLINDRICAL_SURFACE('',#9116,1.);
#7867=CYLINDRICAL_SURFACE('',#9119,1.);
#7868=CYLINDRICAL_SURFACE('',#9122,1.);
#7869=CYLINDRICAL_SURFACE('',#9125,1.);
#7870=CYLINDRICAL_SURFACE('',#9128,1.);
#7871=CYLINDRICAL_SURFACE('',#9131,1.);
#7872=CYLINDRICAL_SURFACE('',#9134,1.);
#7873=CYLINDRICAL_SURFACE('',#9137,1.);
#7874=CYLINDRICAL_SURFACE('',#9140,1.);
#7875=CYLINDRICAL_SURFACE('',#9143,1.);
#7876=CYLINDRICAL_SURFACE('',#9146,2.5);
#7877=CYLINDRICAL_SURFACE('',#9149,2.5);
#7878=CYLINDRICAL_SURFACE('',#9186,27.8520959662536);
#7879=CYLINDRICAL_SURFACE('',#9190,27.8520959662536);
#7880=CYLINDRICAL_SURFACE('',#9200,2.);
#7881=CYLINDRICAL_SURFACE('',#9202,1.);
#7882=CYLINDRICAL_SURFACE('',#9203,1.);
#7883=CYLINDRICAL_SURFACE('',#9205,2.);
#7884=CYLINDRICAL_SURFACE('',#9215,2.3);
#7885=CYLINDRICAL_SURFACE('',#9225,7.19999999999998);
#7886=CYLINDRICAL_SURFACE('',#9228,6.52499999999998);
#7887=CYLINDRICAL_SURFACE('',#9251,0.999999999999999);
#7888=CYLINDRICAL_SURFACE('',#9282,0.999999999999999);
#7889=CYLINDRICAL_SURFACE('',#9284,1.);
#7890=CYLINDRICAL_SURFACE('',#9286,1.);
#7891=CYLINDRICAL_SURFACE('',#9288,1.);
#7892=CYLINDRICAL_SURFACE('',#9290,1.);
#7893=CYLINDRICAL_SURFACE('',#9292,1.);
#7894=CYLINDRICAL_SURFACE('',#9294,1.);
#7895=CYLINDRICAL_SURFACE('',#9296,1.);
#7896=CYLINDRICAL_SURFACE('',#9299,1.);
#7897=CYLINDRICAL_SURFACE('',#9302,1.);
#7898=CYLINDRICAL_SURFACE('',#9304,1.);
#7899=CYLINDRICAL_SURFACE('',#9306,1.);
#7900=CYLINDRICAL_SURFACE('',#9308,1.);
#7901=CYLINDRICAL_SURFACE('',#9310,1.);
#7902=CYLINDRICAL_SURFACE('',#9312,1.);
#7903=CYLINDRICAL_SURFACE('',#9314,1.);
#7904=CYLINDRICAL_SURFACE('',#9316,1.);
#7905=CYLINDRICAL_SURFACE('',#9318,1.);
#7906=CYLINDRICAL_SURFACE('',#9320,1.);
#7907=CYLINDRICAL_SURFACE('',#9322,1.);
#7908=CYLINDRICAL_SURFACE('',#9324,1.);
#7909=CYLINDRICAL_SURFACE('',#9326,2.5);
#7910=CYLINDRICAL_SURFACE('',#9329,2.5);
#7911=CYLINDRICAL_SURFACE('',#9332,1.);
#7912=CYLINDRICAL_SURFACE('',#9334,1.);
#7913=CYLINDRICAL_SURFACE('',#9336,1.);
#7914=CYLINDRICAL_SURFACE('',#9338,1.);
#7915=CYLINDRICAL_SURFACE('',#9340,1.);
#7916=CYLINDRICAL_SURFACE('',#9344,1.);
#7917=CYLINDRICAL_SURFACE('',#9348,1.99999999999996);
#7918=CYLINDRICAL_SURFACE('',#9351,1.99999999999996);
#7919=CYLINDRICAL_SURFACE('',#9354,0.999999999999997);
#7920=CYLINDRICAL_SURFACE('',#9356,0.999999999999997);
#7921=CYLINDRICAL_SURFACE('',#9361,2.);
#7922=CYLINDRICAL_SURFACE('',#9363,2.);
#7923=CYLINDRICAL_SURFACE('',#9367,2.);
#7924=CYLINDRICAL_SURFACE('',#9384,2.);
#7925=CYLINDRICAL_SURFACE('',#9386,2.);
#7926=CYLINDRICAL_SURFACE('',#9409,0.999999999999997);
#7927=CYLINDRICAL_SURFACE('',#9410,0.999999999999997);
#7928=CYLINDRICAL_SURFACE('',#9412,0.999999999999997);
#7929=CYLINDRICAL_SURFACE('',#9415,27.8520959662536);
#7930=CYLINDRICAL_SURFACE('',#9420,27.8520959662536);
#7931=CYLINDRICAL_SURFACE('',#9432,0.999999999999956);
#7932=CYLINDRICAL_SURFACE('',#9434,2.);
#7933=CYLINDRICAL_SURFACE('',#9439,0.999999999999956);
#7934=CYLINDRICAL_SURFACE('',#9441,0.999999999999997);
#7935=CYLINDRICAL_SURFACE('',#9446,2.);
#7936=CYLINDRICAL_SURFACE('',#9448,2.);
#7937=CYLINDRICAL_SURFACE('',#9450,2.59999999998414);
#7938=CYLINDRICAL_SURFACE('',#9454,2.59999999998414);
#7939=CYLINDRICAL_SURFACE('',#9458,0.899999999999999);
#7940=CYLINDRICAL_SURFACE('',#9462,0.900000000000002);
#7941=CYLINDRICAL_SURFACE('',#9465,2.78400724108102);
#7942=CYLINDRICAL_SURFACE('',#9468,1.30066476737957);
#7943=CYLINDRICAL_SURFACE('',#9471,6.48333333312779);
#7944=CYLINDRICAL_SURFACE('',#9474,1.30066476737957);
#7945=CYLINDRICAL_SURFACE('',#9477,2.78400724108102);
#7946=CYLINDRICAL_SURFACE('',#9480,0.899999999999999);
#7947=CYLINDRICAL_SURFACE('',#9484,0.899999999999992);
#7948=CYLINDRICAL_SURFACE('',#9515,3.69999999998413);
#7949=CYLINDRICAL_SURFACE('',#9519,3.69999999998413);
#7950=CYLINDRICAL_SURFACE('',#9523,2.);
#7951=CYLINDRICAL_SURFACE('',#9527,2.);
#7952=CYLINDRICAL_SURFACE('',#9530,1.68400724108102);
#7953=CYLINDRICAL_SURFACE('',#9533,2.40066476737957);
#7954=CYLINDRICAL_SURFACE('',#9536,7.58333333312779);
#7955=CYLINDRICAL_SURFACE('',#9539,2.40066476737957);
#7956=CYLINDRICAL_SURFACE('',#9542,1.68400724108102);
#7957=CYLINDRICAL_SURFACE('',#9545,2.);
#7958=CYLINDRICAL_SURFACE('',#9549,1.99999999999999);
#7959=CYLINDRICAL_SURFACE('',#9581,3.005);
#7960=CYLINDRICAL_SURFACE('',#9582,3.005);
#7961=CYLINDRICAL_SURFACE('',#9583,3.005);
#7962=CYLINDRICAL_SURFACE('',#9584,3.005);
#7963=CYLINDRICAL_SURFACE('',#9585,3.005);
#7964=CYLINDRICAL_SURFACE('',#9586,1.);
#7965=CYLINDRICAL_SURFACE('',#9592,1.);
#7966=CYLINDRICAL_SURFACE('',#9601,0.899999999999998);
#7967=CYLINDRICAL_SURFACE('',#9605,0.899999999999992);
#7968=CYLINDRICAL_SURFACE('',#9609,2.59999999998923);
#7969=CYLINDRICAL_SURFACE('',#9613,2.59999999998129);
#7970=CYLINDRICAL_SURFACE('',#9617,0.899999999999999);
#7971=CYLINDRICAL_SURFACE('',#9621,0.900000000000002);
#7972=CYLINDRICAL_SURFACE('',#9625,3.86547295069014);
#7973=CYLINDRICAL_SURFACE('',#9629,3.86501459272204);
#7974=CYLINDRICAL_SURFACE('',#9648,2.);
#7975=CYLINDRICAL_SURFACE('',#9652,1.99999999999999);
#7976=CYLINDRICAL_SURFACE('',#9656,3.69999999998923);
#7977=CYLINDRICAL_SURFACE('',#9660,3.69999999998129);
#7978=CYLINDRICAL_SURFACE('',#9664,2.);
#7979=CYLINDRICAL_SURFACE('',#9668,2.);
#7980=CYLINDRICAL_SURFACE('',#9672,2.76547295069014);
#7981=CYLINDRICAL_SURFACE('',#9676,2.76501459272204);
#7982=CYLINDRICAL_SURFACE('',#9710,2.);
#7983=CYLINDRICAL_SURFACE('',#9765,1.810555);
#7984=CYLINDRICAL_SURFACE('',#9772,2.);
#7985=CYLINDRICAL_SURFACE('',#9827,1.810555);
#7986=STYLED_ITEM('',(#16787),#8464);
#7987=STYLED_ITEM('',(#16787),#8465);
#7988=STYLED_ITEM('',(#16787),#8466);
#7989=STYLED_ITEM('',(#16787),#8467);
#7990=STYLED_ITEM('',(#16787),#8468);
#7991=STYLED_ITEM('',(#16787),#8469);
#7992=STYLED_ITEM('',(#16787),#8470);
#7993=STYLED_ITEM('',(#16787),#8471);
#7994=STYLED_ITEM('',(#16787),#8472);
#7995=STYLED_ITEM('',(#16787),#8473);
#7996=STYLED_ITEM('',(#16787),#8474);
#7997=STYLED_ITEM('',(#16787),#8475);
#7998=STYLED_ITEM('',(#16787),#8476);
#7999=STYLED_ITEM('',(#16787),#8477);
#8000=STYLED_ITEM('',(#16787),#8478);
#8001=STYLED_ITEM('',(#16787),#8479);
#8002=STYLED_ITEM('',(#16787),#8480);
#8003=STYLED_ITEM('',(#16787),#8481);
#8004=STYLED_ITEM('',(#16787),#8482);
#8005=STYLED_ITEM('',(#16787),#8483);
#8006=STYLED_ITEM('',(#16787),#8484);
#8007=STYLED_ITEM('',(#16787),#8485);
#8008=STYLED_ITEM('',(#16787),#8486);
#8009=STYLED_ITEM('',(#16787),#8487);
#8010=STYLED_ITEM('',(#16787),#8488);
#8011=STYLED_ITEM('',(#16787),#8489);
#8012=STYLED_ITEM('',(#16787),#8490);
#8013=STYLED_ITEM('',(#16787),#8491);
#8014=STYLED_ITEM('',(#16787),#8492);
#8015=STYLED_ITEM('',(#16787),#8493);
#8016=STYLED_ITEM('',(#16787),#8494);
#8017=STYLED_ITEM('',(#16787),#8495);
#8018=STYLED_ITEM('',(#16787),#8496);
#8019=STYLED_ITEM('',(#16787),#8497);
#8020=STYLED_ITEM('',(#16787),#8498);
#8021=STYLED_ITEM('',(#16787),#8499);
#8022=STYLED_ITEM('',(#16787),#8500);
#8023=STYLED_ITEM('',(#16788),#8501);
#8024=STYLED_ITEM('',(#16787),#8502);
#8025=STYLED_ITEM('',(#16787),#8503);
#8026=STYLED_ITEM('',(#16787),#8504);
#8027=STYLED_ITEM('',(#16787),#8505);
#8028=STYLED_ITEM('',(#16787),#8506);
#8029=STYLED_ITEM('',(#16787),#8507);
#8030=STYLED_ITEM('',(#16787),#8508);
#8031=STYLED_ITEM('',(#16787),#8509);
#8032=STYLED_ITEM('',(#16787),#8510);
#8033=STYLED_ITEM('',(#16787),#8511);
#8034=STYLED_ITEM('',(#16788),#8512);
#8035=STYLED_ITEM('',(#16788),#8513);
#8036=STYLED_ITEM('',(#16787),#8514);
#8037=STYLED_ITEM('',(#16787),#8515);
#8038=STYLED_ITEM('',(#16787),#8516);
#8039=STYLED_ITEM('',(#16787),#8517);
#8040=STYLED_ITEM('',(#16787),#8518);
#8041=STYLED_ITEM('',(#16787),#8519);
#8042=STYLED_ITEM('',(#16787),#8520);
#8043=STYLED_ITEM('',(#16787),#8521);
#8044=STYLED_ITEM('',(#16788),#8522);
#8045=STYLED_ITEM('',(#16787),#8523);
#8046=STYLED_ITEM('',(#16787),#8524);
#8047=STYLED_ITEM('',(#16787),#8525);
#8048=STYLED_ITEM('',(#16787),#8526);
#8049=STYLED_ITEM('',(#16787),#8527);
#8050=STYLED_ITEM('',(#16787),#8528);
#8051=STYLED_ITEM('',(#16787),#8529);
#8052=STYLED_ITEM('',(#16787),#8530);
#8053=STYLED_ITEM('',(#16787),#8531);
#8054=STYLED_ITEM('',(#16787),#8532);
#8055=STYLED_ITEM('',(#16787),#8533);
#8056=STYLED_ITEM('',(#16787),#8534);
#8057=STYLED_ITEM('',(#16787),#8535);
#8058=STYLED_ITEM('',(#16787),#8536);
#8059=STYLED_ITEM('',(#16787),#8537);
#8060=STYLED_ITEM('',(#16787),#8538);
#8061=STYLED_ITEM('',(#16787),#8539);
#8062=STYLED_ITEM('',(#16787),#8540);
#8063=STYLED_ITEM('',(#16787),#8541);
#8064=STYLED_ITEM('',(#16787),#8542);
#8065=STYLED_ITEM('',(#16787),#8543);
#8066=STYLED_ITEM('',(#16787),#8544);
#8067=STYLED_ITEM('',(#16787),#8545);
#8068=STYLED_ITEM('',(#16787),#8546);
#8069=STYLED_ITEM('',(#16787),#8547);
#8070=STYLED_ITEM('',(#16787),#8548);
#8071=STYLED_ITEM('',(#16787),#8549);
#8072=STYLED_ITEM('',(#16787),#8550);
#8073=STYLED_ITEM('',(#16787),#8551);
#8074=STYLED_ITEM('',(#16787),#8552);
#8075=STYLED_ITEM('',(#16787),#8553);
#8076=STYLED_ITEM('',(#16787),#8554);
#8077=STYLED_ITEM('',(#16787),#8555);
#8078=STYLED_ITEM('',(#16787),#8556);
#8079=STYLED_ITEM('',(#16787),#8557);
#8080=STYLED_ITEM('',(#16787),#8558);
#8081=STYLED_ITEM('',(#16787),#8559);
#8082=STYLED_ITEM('',(#16787),#8560);
#8083=STYLED_ITEM('',(#16787),#8561);
#8084=STYLED_ITEM('',(#16787),#8562);
#8085=STYLED_ITEM('',(#16787),#8563);
#8086=STYLED_ITEM('',(#16787),#8564);
#8087=STYLED_ITEM('',(#16787),#8565);
#8088=STYLED_ITEM('',(#16787),#8566);
#8089=STYLED_ITEM('',(#16787),#8567);
#8090=STYLED_ITEM('',(#16787),#8568);
#8091=STYLED_ITEM('',(#16787),#8569);
#8092=STYLED_ITEM('',(#16787),#8570);
#8093=STYLED_ITEM('',(#16787),#8571);
#8094=STYLED_ITEM('',(#16787),#8572);
#8095=STYLED_ITEM('',(#16787),#8573);
#8096=STYLED_ITEM('',(#16787),#8574);
#8097=STYLED_ITEM('',(#16787),#8575);
#8098=STYLED_ITEM('',(#16787),#8576);
#8099=STYLED_ITEM('',(#16787),#8577);
#8100=STYLED_ITEM('',(#16787),#8578);
#8101=STYLED_ITEM('',(#16787),#8579);
#8102=STYLED_ITEM('',(#16787),#8580);
#8103=STYLED_ITEM('',(#16787),#8581);
#8104=STYLED_ITEM('',(#16787),#8582);
#8105=STYLED_ITEM('',(#16787),#8583);
#8106=STYLED_ITEM('',(#16787),#8584);
#8107=STYLED_ITEM('',(#16787),#8585);
#8108=STYLED_ITEM('',(#16787),#8586);
#8109=STYLED_ITEM('',(#16787),#8587);
#8110=STYLED_ITEM('',(#16787),#8588);
#8111=STYLED_ITEM('',(#16787),#8589);
#8112=STYLED_ITEM('',(#16787),#8590);
#8113=STYLED_ITEM('',(#16787),#8591);
#8114=STYLED_ITEM('',(#16787),#8592);
#8115=STYLED_ITEM('',(#16787),#8593);
#8116=STYLED_ITEM('',(#16787),#8594);
#8117=STYLED_ITEM('',(#16787),#8595);
#8118=STYLED_ITEM('',(#16787),#8596);
#8119=STYLED_ITEM('',(#16786),#106);
#8120=STYLED_ITEM('',(#16787),#8597);
#8121=STYLED_ITEM('',(#16787),#8598);
#8122=STYLED_ITEM('',(#16787),#8599);
#8123=STYLED_ITEM('',(#16787),#8600);
#8124=STYLED_ITEM('',(#16787),#8601);
#8125=STYLED_ITEM('',(#16786),#107);
#8126=STYLED_ITEM('',(#16788),#8602);
#8127=STYLED_ITEM('',(#16787),#8603);
#8128=STYLED_ITEM('',(#16787),#8604);
#8129=STYLED_ITEM('',(#16787),#8605);
#8130=STYLED_ITEM('',(#16787),#8606);
#8131=STYLED_ITEM('',(#16787),#8607);
#8132=STYLED_ITEM('',(#16787),#8608);
#8133=STYLED_ITEM('',(#16787),#8609);
#8134=STYLED_ITEM('',(#16787),#8610);
#8135=STYLED_ITEM('',(#16787),#8611);
#8136=STYLED_ITEM('',(#16787),#8612);
#8137=STYLED_ITEM('',(#16788),#8613);
#8138=STYLED_ITEM('',(#16788),#8614);
#8139=STYLED_ITEM('',(#16787),#8615);
#8140=STYLED_ITEM('',(#16787),#8616);
#8141=STYLED_ITEM('',(#16787),#8617);
#8142=STYLED_ITEM('',(#16787),#8618);
#8143=STYLED_ITEM('',(#16787),#8619);
#8144=STYLED_ITEM('',(#16787),#8620);
#8145=STYLED_ITEM('',(#16787),#8621);
#8146=STYLED_ITEM('',(#16787),#8622);
#8147=STYLED_ITEM('',(#16788),#8623);
#8148=STYLED_ITEM('',(#16787),#8624);
#8149=STYLED_ITEM('',(#16787),#8625);
#8150=STYLED_ITEM('',(#16787),#8626);
#8151=STYLED_ITEM('',(#16787),#8627);
#8152=STYLED_ITEM('',(#16787),#8628);
#8153=STYLED_ITEM('',(#16787),#8629);
#8154=STYLED_ITEM('',(#16787),#8630);
#8155=STYLED_ITEM('',(#16787),#8631);
#8156=STYLED_ITEM('',(#16787),#8632);
#8157=STYLED_ITEM('',(#16787),#8633);
#8158=STYLED_ITEM('',(#16787),#8634);
#8159=STYLED_ITEM('',(#16787),#8635);
#8160=STYLED_ITEM('',(#16787),#8636);
#8161=STYLED_ITEM('',(#16787),#8637);
#8162=STYLED_ITEM('',(#16787),#8638);
#8163=STYLED_ITEM('',(#16787),#8639);
#8164=STYLED_ITEM('',(#16787),#8640);
#8165=STYLED_ITEM('',(#16787),#8641);
#8166=STYLED_ITEM('',(#16787),#8642);
#8167=STYLED_ITEM('',(#16787),#8643);
#8168=STYLED_ITEM('',(#16787),#8644);
#8169=STYLED_ITEM('',(#16787),#8645);
#8170=STYLED_ITEM('',(#16787),#8646);
#8171=STYLED_ITEM('',(#16787),#8647);
#8172=STYLED_ITEM('',(#16787),#8648);
#8173=STYLED_ITEM('',(#16787),#8649);
#8174=STYLED_ITEM('',(#16787),#8650);
#8175=STYLED_ITEM('',(#16787),#8651);
#8176=STYLED_ITEM('',(#16787),#8652);
#8177=STYLED_ITEM('',(#16787),#8653);
#8178=STYLED_ITEM('',(#16787),#8654);
#8179=STYLED_ITEM('',(#16787),#8655);
#8180=STYLED_ITEM('',(#16787),#8656);
#8181=STYLED_ITEM('',(#16787),#8657);
#8182=STYLED_ITEM('',(#16787),#8658);
#8183=STYLED_ITEM('',(#16787),#8659);
#8184=STYLED_ITEM('',(#16787),#8660);
#8185=STYLED_ITEM('',(#16787),#8661);
#8186=STYLED_ITEM('',(#16787),#8662);
#8187=STYLED_ITEM('',(#16787),#8663);
#8188=STYLED_ITEM('',(#16787),#8664);
#8189=STYLED_ITEM('',(#16787),#8665);
#8190=STYLED_ITEM('',(#16787),#8666);
#8191=STYLED_ITEM('',(#16787),#8667);
#8192=STYLED_ITEM('',(#16787),#8668);
#8193=STYLED_ITEM('',(#16787),#8669);
#8194=STYLED_ITEM('',(#16787),#8670);
#8195=STYLED_ITEM('',(#16787),#8671);
#8196=STYLED_ITEM('',(#16787),#8672);
#8197=STYLED_ITEM('',(#16787),#8673);
#8198=STYLED_ITEM('',(#16787),#8674);
#8199=STYLED_ITEM('',(#16787),#8675);
#8200=STYLED_ITEM('',(#16787),#8676);
#8201=STYLED_ITEM('',(#16787),#8677);
#8202=STYLED_ITEM('',(#16787),#8678);
#8203=STYLED_ITEM('',(#16787),#8679);
#8204=STYLED_ITEM('',(#16787),#8680);
#8205=STYLED_ITEM('',(#16787),#8681);
#8206=STYLED_ITEM('',(#16787),#8682);
#8207=STYLED_ITEM('',(#16787),#8683);
#8208=STYLED_ITEM('',(#16787),#8684);
#8209=STYLED_ITEM('',(#16787),#8685);
#8210=STYLED_ITEM('',(#16787),#8686);
#8211=STYLED_ITEM('',(#16787),#8687);
#8212=STYLED_ITEM('',(#16787),#8688);
#8213=STYLED_ITEM('',(#16787),#8689);
#8214=STYLED_ITEM('',(#16787),#8690);
#8215=STYLED_ITEM('',(#16787),#8691);
#8216=STYLED_ITEM('',(#16787),#8692);
#8217=STYLED_ITEM('',(#16787),#8693);
#8218=STYLED_ITEM('',(#16787),#8694);
#8219=STYLED_ITEM('',(#16787),#8695);
#8220=STYLED_ITEM('',(#16787),#8696);
#8221=STYLED_ITEM('',(#16787),#8697);
#8222=STYLED_ITEM('',(#16787),#8698);
#8223=STYLED_ITEM('',(#16787),#8699);
#8224=STYLED_ITEM('',(#16787),#8700);
#8225=STYLED_ITEM('',(#16787),#8701);
#8226=STYLED_ITEM('',(#16787),#8702);
#8227=STYLED_ITEM('',(#16787),#8703);
#8228=STYLED_ITEM('',(#16787),#8704);
#8229=STYLED_ITEM('',(#16787),#8705);
#8230=STYLED_ITEM('',(#16787),#8706);
#8231=STYLED_ITEM('',(#16787),#8707);
#8232=STYLED_ITEM('',(#16787),#8708);
#8233=STYLED_ITEM('',(#16787),#8709);
#8234=STYLED_ITEM('',(#16787),#8710);
#8235=STYLED_ITEM('',(#16787),#8711);
#8236=STYLED_ITEM('',(#16787),#8712);
#8237=STYLED_ITEM('',(#16787),#8713);
#8238=STYLED_ITEM('',(#16787),#8714);
#8239=STYLED_ITEM('',(#16787),#8715);
#8240=STYLED_ITEM('',(#16787),#8716);
#8241=STYLED_ITEM('',(#16787),#8717);
#8242=STYLED_ITEM('',(#16787),#8718);
#8243=STYLED_ITEM('',(#16787),#8719);
#8244=STYLED_ITEM('',(#16787),#8720);
#8245=STYLED_ITEM('',(#16787),#8721);
#8246=STYLED_ITEM('',(#16787),#8722);
#8247=STYLED_ITEM('',(#16787),#8723);
#8248=STYLED_ITEM('',(#16787),#8724);
#8249=STYLED_ITEM('',(#16787),#8725);
#8250=STYLED_ITEM('',(#16787),#8726);
#8251=STYLED_ITEM('',(#16787),#8727);
#8252=STYLED_ITEM('',(#16787),#8728);
#8253=STYLED_ITEM('',(#16787),#8729);
#8254=STYLED_ITEM('',(#16787),#8730);
#8255=STYLED_ITEM('',(#16786),#108);
#8256=STYLED_ITEM('',(#16789),#8731);
#8257=STYLED_ITEM('',(#16789),#8732);
#8258=STYLED_ITEM('',(#16789),#8733);
#8259=STYLED_ITEM('',(#16789),#8734);
#8260=STYLED_ITEM('',(#16789),#8735);
#8261=STYLED_ITEM('',(#16789),#8736);
#8262=STYLED_ITEM('',(#16789),#8737);
#8263=STYLED_ITEM('',(#16789),#8738);
#8264=STYLED_ITEM('',(#16789),#8739);
#8265=STYLED_ITEM('',(#16789),#8740);
#8266=STYLED_ITEM('',(#16789),#8741);
#8267=STYLED_ITEM('',(#16789),#8742);
#8268=STYLED_ITEM('',(#16789),#8743);
#8269=STYLED_ITEM('',(#16789),#8744);
#8270=STYLED_ITEM('',(#16789),#8745);
#8271=STYLED_ITEM('',(#16789),#8746);
#8272=STYLED_ITEM('',(#16789),#8747);
#8273=STYLED_ITEM('',(#16789),#8748);
#8274=STYLED_ITEM('',(#16789),#8749);
#8275=STYLED_ITEM('',(#16789),#8750);
#8276=STYLED_ITEM('',(#16789),#8751);
#8277=STYLED_ITEM('',(#16789),#8752);
#8278=STYLED_ITEM('',(#16789),#8753);
#8279=STYLED_ITEM('',(#16789),#8754);
#8280=STYLED_ITEM('',(#16789),#8755);
#8281=STYLED_ITEM('',(#16789),#8756);
#8282=STYLED_ITEM('',(#16789),#8757);
#8283=STYLED_ITEM('',(#16789),#8758);
#8284=STYLED_ITEM('',(#16789),#8759);
#8285=STYLED_ITEM('',(#16789),#8760);
#8286=STYLED_ITEM('',(#16789),#8761);
#8287=STYLED_ITEM('',(#16789),#8762);
#8288=STYLED_ITEM('',(#16789),#8763);
#8289=STYLED_ITEM('',(#16789),#8764);
#8290=STYLED_ITEM('',(#16789),#8765);
#8291=STYLED_ITEM('',(#16789),#8766);
#8292=STYLED_ITEM('',(#16789),#8767);
#8293=STYLED_ITEM('',(#16789),#8768);
#8294=STYLED_ITEM('',(#16789),#8769);
#8295=STYLED_ITEM('',(#16789),#8770);
#8296=STYLED_ITEM('',(#16789),#8771);
#8297=STYLED_ITEM('',(#16789),#8772);
#8298=STYLED_ITEM('',(#16789),#8773);
#8299=STYLED_ITEM('',(#16789),#8774);
#8300=STYLED_ITEM('',(#16789),#8775);
#8301=STYLED_ITEM('',(#16789),#8776);
#8302=STYLED_ITEM('',(#16789),#8777);
#8303=STYLED_ITEM('',(#16789),#8778);
#8304=STYLED_ITEM('',(#16789),#8779);
#8305=STYLED_ITEM('',(#16789),#8780);
#8306=STYLED_ITEM('',(#16789),#8781);
#8307=STYLED_ITEM('',(#16789),#8782);
#8308=STYLED_ITEM('',(#16789),#8783);
#8309=STYLED_ITEM('',(#16789),#8784);
#8310=STYLED_ITEM('',(#16789),#8785);
#8311=STYLED_ITEM('',(#16789),#8786);
#8312=STYLED_ITEM('',(#16789),#8787);
#8313=STYLED_ITEM('',(#16789),#8788);
#8314=STYLED_ITEM('',(#16789),#8789);
#8315=STYLED_ITEM('',(#16789),#8790);
#8316=STYLED_ITEM('',(#16789),#8791);
#8317=STYLED_ITEM('',(#16789),#8792);
#8318=STYLED_ITEM('',(#16789),#8793);
#8319=STYLED_ITEM('',(#16789),#8794);
#8320=STYLED_ITEM('',(#16789),#8795);
#8321=STYLED_ITEM('',(#16789),#8796);
#8322=STYLED_ITEM('',(#16786),#109);
#8323=STYLED_ITEM('',(#16787),#8797);
#8324=STYLED_ITEM('',(#16787),#8798);
#8325=STYLED_ITEM('',(#16787),#8799);
#8326=STYLED_ITEM('',(#16787),#8800);
#8327=STYLED_ITEM('',(#16787),#8801);
#8328=STYLED_ITEM('',(#16787),#8802);
#8329=STYLED_ITEM('',(#16787),#8803);
#8330=STYLED_ITEM('',(#16787),#8804);
#8331=STYLED_ITEM('',(#16787),#8805);
#8332=STYLED_ITEM('',(#16787),#8806);
#8333=STYLED_ITEM('',(#16787),#8807);
#8334=STYLED_ITEM('',(#16786),#110);
#8335=STYLED_ITEM('',(#16789),#8808);
#8336=STYLED_ITEM('',(#16789),#8809);
#8337=STYLED_ITEM('',(#16789),#8810);
#8338=STYLED_ITEM('',(#16789),#8811);
#8339=STYLED_ITEM('',(#16789),#8812);
#8340=STYLED_ITEM('',(#16789),#8813);
#8341=STYLED_ITEM('',(#16789),#8814);
#8342=STYLED_ITEM('',(#16789),#8815);
#8343=STYLED_ITEM('',(#16789),#8816);
#8344=STYLED_ITEM('',(#16789),#8817);
#8345=STYLED_ITEM('',(#16789),#8818);
#8346=STYLED_ITEM('',(#16789),#8819);
#8347=STYLED_ITEM('',(#16789),#8820);
#8348=STYLED_ITEM('',(#16789),#8821);
#8349=STYLED_ITEM('',(#16789),#8822);
#8350=STYLED_ITEM('',(#16789),#8823);
#8351=STYLED_ITEM('',(#16789),#8824);
#8352=STYLED_ITEM('',(#16789),#8825);
#8353=STYLED_ITEM('',(#16789),#8826);
#8354=STYLED_ITEM('',(#16789),#8827);
#8355=STYLED_ITEM('',(#16789),#8828);
#8356=STYLED_ITEM('',(#16789),#8829);
#8357=STYLED_ITEM('',(#16789),#8830);
#8358=STYLED_ITEM('',(#16789),#8831);
#8359=STYLED_ITEM('',(#16789),#8832);
#8360=STYLED_ITEM('',(#16789),#8833);
#8361=STYLED_ITEM('',(#16789),#8834);
#8362=STYLED_ITEM('',(#16789),#8835);
#8363=STYLED_ITEM('',(#16789),#8836);
#8364=STYLED_ITEM('',(#16789),#8837);
#8365=STYLED_ITEM('',(#16789),#8838);
#8366=STYLED_ITEM('',(#16789),#8839);
#8367=STYLED_ITEM('',(#16789),#8840);
#8368=STYLED_ITEM('',(#16789),#8841);
#8369=STYLED_ITEM('',(#16789),#8842);
#8370=STYLED_ITEM('',(#16789),#8843);
#8371=STYLED_ITEM('',(#16789),#8844);
#8372=STYLED_ITEM('',(#16789),#8845);
#8373=STYLED_ITEM('',(#16789),#8846);
#8374=STYLED_ITEM('',(#16789),#8847);
#8375=STYLED_ITEM('',(#16789),#8848);
#8376=STYLED_ITEM('',(#16789),#8849);
#8377=STYLED_ITEM('',(#16789),#8850);
#8378=STYLED_ITEM('',(#16789),#8851);
#8379=STYLED_ITEM('',(#16789),#8852);
#8380=STYLED_ITEM('',(#16789),#8853);
#8381=STYLED_ITEM('',(#16789),#8854);
#8382=STYLED_ITEM('',(#16789),#8855);
#8383=STYLED_ITEM('',(#16789),#8856);
#8384=STYLED_ITEM('',(#16789),#8857);
#8385=STYLED_ITEM('',(#16789),#8858);
#8386=STYLED_ITEM('',(#16789),#8859);
#8387=STYLED_ITEM('',(#16789),#8860);
#8388=STYLED_ITEM('',(#16789),#8861);
#8389=STYLED_ITEM('',(#16789),#8862);
#8390=STYLED_ITEM('',(#16789),#8863);
#8391=STYLED_ITEM('',(#16789),#8864);
#8392=STYLED_ITEM('',(#16789),#8865);
#8393=STYLED_ITEM('',(#16789),#8866);
#8394=STYLED_ITEM('',(#16789),#8867);
#8395=STYLED_ITEM('',(#16789),#8868);
#8396=STYLED_ITEM('',(#16789),#8869);
#8397=STYLED_ITEM('',(#16789),#8870);
#8398=STYLED_ITEM('',(#16789),#8871);
#8399=STYLED_ITEM('',(#16789),#8872);
#8400=STYLED_ITEM('',(#16789),#8873);
#8401=STYLED_ITEM('',(#16786),#111);
#8402=STYLED_ITEM('',(#16790),#8874);
#8403=STYLED_ITEM('',(#16790),#8875);
#8404=STYLED_ITEM('',(#16790),#8876);
#8405=STYLED_ITEM('',(#16790),#8877);
#8406=STYLED_ITEM('',(#16790),#8878);
#8407=STYLED_ITEM('',(#16790),#8879);
#8408=STYLED_ITEM('',(#16790),#8880);
#8409=STYLED_ITEM('',(#16790),#8881);
#8410=STYLED_ITEM('',(#16790),#8882);
#8411=STYLED_ITEM('',(#16790),#8883);
#8412=STYLED_ITEM('',(#16790),#8884);
#8413=STYLED_ITEM('',(#16790),#8885);
#8414=STYLED_ITEM('',(#16790),#8886);
#8415=STYLED_ITEM('',(#16790),#8887);
#8416=STYLED_ITEM('',(#16790),#8888);
#8417=STYLED_ITEM('',(#16790),#8889);
#8418=STYLED_ITEM('',(#16790),#8890);
#8419=STYLED_ITEM('',(#16790),#8891);
#8420=STYLED_ITEM('',(#16790),#8892);
#8421=STYLED_ITEM('',(#16790),#8893);
#8422=STYLED_ITEM('',(#16790),#8894);
#8423=STYLED_ITEM('',(#16790),#8895);
#8424=STYLED_ITEM('',(#16790),#8896);
#8425=STYLED_ITEM('',(#16790),#8897);
#8426=STYLED_ITEM('',(#16790),#8898);
#8427=STYLED_ITEM('',(#16790),#8899);
#8428=STYLED_ITEM('',(#16790),#8900);
#8429=STYLED_ITEM('',(#16790),#8901);
#8430=STYLED_ITEM('',(#16790),#8902);
#8431=STYLED_ITEM('',(#16790),#8903);
#8432=STYLED_ITEM('',(#16786),#112);
#8433=STYLED_ITEM('',(#16790),#8904);
#8434=STYLED_ITEM('',(#16790),#8905);
#8435=STYLED_ITEM('',(#16790),#8906);
#8436=STYLED_ITEM('',(#16790),#8907);
#8437=STYLED_ITEM('',(#16790),#8908);
#8438=STYLED_ITEM('',(#16790),#8909);
#8439=STYLED_ITEM('',(#16790),#8910);
#8440=STYLED_ITEM('',(#16790),#8911);
#8441=STYLED_ITEM('',(#16790),#8912);
#8442=STYLED_ITEM('',(#16790),#8913);
#8443=STYLED_ITEM('',(#16790),#8914);
#8444=STYLED_ITEM('',(#16790),#8915);
#8445=STYLED_ITEM('',(#16790),#8916);
#8446=STYLED_ITEM('',(#16790),#8917);
#8447=STYLED_ITEM('',(#16790),#8918);
#8448=STYLED_ITEM('',(#16790),#8919);
#8449=STYLED_ITEM('',(#16790),#8920);
#8450=STYLED_ITEM('',(#16790),#8921);
#8451=STYLED_ITEM('',(#16790),#8922);
#8452=STYLED_ITEM('',(#16790),#8923);
#8453=STYLED_ITEM('',(#16790),#8924);
#8454=STYLED_ITEM('',(#16790),#8925);
#8455=STYLED_ITEM('',(#16790),#8926);
#8456=STYLED_ITEM('',(#16790),#8927);
#8457=STYLED_ITEM('',(#16790),#8928);
#8458=STYLED_ITEM('',(#16790),#8929);
#8459=STYLED_ITEM('',(#16790),#8930);
#8460=STYLED_ITEM('',(#16790),#8931);
#8461=STYLED_ITEM('',(#16790),#8932);
#8462=STYLED_ITEM('',(#16790),#8933);
#8463=STYLED_ITEM('',(#16786),#113);
#8464=ADVANCED_FACE('',(#800),#7832,.T.);
#8465=ADVANCED_FACE('',(#801),#783,.T.);
#8466=ADVANCED_FACE('',(#802),#188,.F.);
#8467=ADVANCED_FACE('',(#803,#156,#157),#189,.T.);
#8468=ADVANCED_FACE('',(#804),#150,.F.);
#8469=ADVANCED_FACE('',(#805),#784,.T.);
#8470=ADVANCED_FACE('',(#806),#785,.T.);
#8471=ADVANCED_FACE('',(#807),#786,.T.);
#8472=ADVANCED_FACE('',(#808),#151,.F.);
#8473=ADVANCED_FACE('',(#809),#7833,.F.);
#8474=ADVANCED_FACE('',(#810),#7834,.T.);
#8475=ADVANCED_FACE('',(#811),#7835,.F.);
#8476=ADVANCED_FACE('',(#812),#7836,.F.);
#8477=ADVANCED_FACE('',(#813),#190,.T.);
#8478=ADVANCED_FACE('',(#814),#7837,.F.);
#8479=ADVANCED_FACE('',(#815),#7838,.F.);
#8480=ADVANCED_FACE('',(#816),#7839,.T.);
#8481=ADVANCED_FACE('',(#817),#7840,.T.);
#8482=ADVANCED_FACE('',(#818),#191,.F.);
#8483=ADVANCED_FACE('',(#819),#192,.F.);
#8484=ADVANCED_FACE('',(#820),#7841,.T.);
#8485=ADVANCED_FACE('',(#821),#7842,.T.);
#8486=ADVANCED_FACE('',(#822),#787,.F.);
#8487=ADVANCED_FACE('',(#823),#193,.T.);
#8488=ADVANCED_FACE('',(#824),#114,.F.);
#8489=ADVANCED_FACE('',(#825),#7843,.T.);
#8490=ADVANCED_FACE('',(#826),#788,.T.);
#8491=ADVANCED_FACE('',(#827),#152,.F.);
#8492=ADVANCED_FACE('',(#828),#115,.F.);
#8493=ADVANCED_FACE('',(#829),#7844,.T.);
#8494=ADVANCED_FACE('',(#830),#7845,.T.);
#8495=ADVANCED_FACE('',(#831),#153,.T.);
#8496=ADVANCED_FACE('',(#832),#194,.F.);
#8497=ADVANCED_FACE('',(#833),#789,.T.);
#8498=ADVANCED_FACE('',(#834),#7846,.T.);
#8499=ADVANCED_FACE('',(#835),#7847,.F.);
#8500=ADVANCED_FACE('',(#836,#158),#195,.T.);
#8501=ADVANCED_FACE('',(#837),#196,.T.);
#8502=ADVANCED_FACE('',(#838),#197,.T.);
#8503=ADVANCED_FACE('',(#839),#198,.T.);
#8504=ADVANCED_FACE('',(#840),#199,.T.);
#8505=ADVANCED_FACE('',(#841),#200,.T.);
#8506=ADVANCED_FACE('',(#842),#201,.T.);
#8507=ADVANCED_FACE('',(#843),#202,.T.);
#8508=ADVANCED_FACE('',(#844),#203,.T.);
#8509=ADVANCED_FACE('',(#845),#204,.T.);
#8510=ADVANCED_FACE('',(#846),#7848,.T.);
#8511=ADVANCED_FACE('',(#847),#7849,.F.);
#8512=ADVANCED_FACE('',(#848,#159),#205,.T.);
#8513=ADVANCED_FACE('',(#849),#206,.T.);
#8514=ADVANCED_FACE('',(#850),#207,.T.);
#8515=ADVANCED_FACE('',(#851),#208,.T.);
#8516=ADVANCED_FACE('',(#852),#209,.T.);
#8517=ADVANCED_FACE('',(#853),#210,.T.);
#8518=ADVANCED_FACE('',(#854),#211,.T.);
#8519=ADVANCED_FACE('',(#855),#212,.T.);
#8520=ADVANCED_FACE('',(#856),#213,.T.);
#8521=ADVANCED_FACE('',(#857),#214,.T.);
#8522=ADVANCED_FACE('',(#858),#215,.T.);
#8523=ADVANCED_FACE('',(#859,#160,#161,#162),#216,.T.);
#8524=ADVANCED_FACE('',(#860),#7850,.F.);
#8525=ADVANCED_FACE('',(#861),#7851,.F.);
#8526=ADVANCED_FACE('',(#862),#7852,.F.);
#8527=ADVANCED_FACE('',(#863),#7853,.F.);
#8528=ADVANCED_FACE('',(#864),#7854,.F.);
#8529=ADVANCED_FACE('',(#865),#7855,.F.);
#8530=ADVANCED_FACE('',(#866),#7856,.F.);
#8531=ADVANCED_FACE('',(#867),#7857,.F.);
#8532=ADVANCED_FACE('',(#868),#7858,.F.);
#8533=ADVANCED_FACE('',(#869),#7859,.F.);
#8534=ADVANCED_FACE('',(#870),#7860,.F.);
#8535=ADVANCED_FACE('',(#871),#7861,.F.);
#8536=ADVANCED_FACE('',(#872),#7862,.F.);
#8537=ADVANCED_FACE('',(#873),#7863,.F.);
#8538=ADVANCED_FACE('',(#874),#7864,.F.);
#8539=ADVANCED_FACE('',(#875),#7865,.F.);
#8540=ADVANCED_FACE('',(#876),#7866,.F.);
#8541=ADVANCED_FACE('',(#877),#7867,.F.);
#8542=ADVANCED_FACE('',(#878),#7868,.F.);
#8543=ADVANCED_FACE('',(#879),#7869,.F.);
#8544=ADVANCED_FACE('',(#880),#7870,.F.);
#8545=ADVANCED_FACE('',(#881),#7871,.F.);
#8546=ADVANCED_FACE('',(#882),#7872,.F.);
#8547=ADVANCED_FACE('',(#883),#7873,.F.);
#8548=ADVANCED_FACE('',(#884),#7874,.F.);
#8549=ADVANCED_FACE('',(#885),#7875,.F.);
#8550=ADVANCED_FACE('',(#886),#7876,.F.);
#8551=ADVANCED_FACE('',(#887),#7877,.F.);
#8552=ADVANCED_FACE('',(#888),#217,.F.);
#8553=ADVANCED_FACE('',(#889),#218,.F.);
#8554=ADVANCED_FACE('',(#890),#219,.F.);
#8555=ADVANCED_FACE('',(#891),#220,.F.);
#8556=ADVANCED_FACE('',(#892),#221,.F.);
#8557=ADVANCED_FACE('',(#893),#222,.F.);
#8558=ADVANCED_FACE('',(#894),#223,.F.);
#8559=ADVANCED_FACE('',(#895),#224,.F.);
#8560=ADVANCED_FACE('',(#896),#225,.F.);
#8561=ADVANCED_FACE('',(#897),#226,.F.);
#8562=ADVANCED_FACE('',(#898),#227,.F.);
#8563=ADVANCED_FACE('',(#899),#228,.F.);
#8564=ADVANCED_FACE('',(#900),#229,.F.);
#8565=ADVANCED_FACE('',(#901),#230,.F.);
#8566=ADVANCED_FACE('',(#902),#231,.F.);
#8567=ADVANCED_FACE('',(#903),#232,.F.);
#8568=ADVANCED_FACE('',(#904),#233,.F.);
#8569=ADVANCED_FACE('',(#905),#234,.F.);
#8570=ADVANCED_FACE('',(#906),#235,.F.);
#8571=ADVANCED_FACE('',(#907),#236,.F.);
#8572=ADVANCED_FACE('',(#908),#237,.F.);
#8573=ADVANCED_FACE('',(#909),#238,.F.);
#8574=ADVANCED_FACE('',(#910),#239,.F.);
#8575=ADVANCED_FACE('',(#911),#240,.F.);
#8576=ADVANCED_FACE('',(#912),#241,.F.);
#8577=ADVANCED_FACE('',(#913),#242,.F.);
#8578=ADVANCED_FACE('',(#914),#243,.F.);
#8579=ADVANCED_FACE('',(#915),#244,.F.);
#8580=ADVANCED_FACE('',(#916,#163),#245,.T.);
#8581=ADVANCED_FACE('',(#917,#164),#246,.T.);
#8582=ADVANCED_FACE('',(#918),#247,.F.);
#8583=ADVANCED_FACE('',(#919),#248,.F.);
#8584=ADVANCED_FACE('',(#920),#7878,.T.);
#8585=ADVANCED_FACE('',(#921),#249,.F.);
#8586=ADVANCED_FACE('',(#922),#250,.F.);
#8587=ADVANCED_FACE('',(#923),#7879,.T.);
#8588=ADVANCED_FACE('',(#924),#251,.T.);
#8589=ADVANCED_FACE('',(#925),#252,.F.);
#8590=ADVANCED_FACE('',(#926),#7880,.T.);
#8591=ADVANCED_FACE('',(#927,#165),#253,.T.);
#8592=ADVANCED_FACE('',(#928),#7881,.F.);
#8593=ADVANCED_FACE('',(#929),#7882,.F.);
#8594=ADVANCED_FACE('',(#930,#166),#254,.T.);
#8595=ADVANCED_FACE('',(#931),#7883,.T.);
#8596=ADVANCED_FACE('',(#932,#167),#255,.T.);
#8597=ADVANCED_FACE('',(#933,#168),#256,.T.);
#8598=ADVANCED_FACE('',(#934),#102,.T.);
#8599=ADVANCED_FACE('',(#935,#169),#257,.T.);
#8600=ADVANCED_FACE('',(#936),#103,.T.);
#8601=ADVANCED_FACE('',(#937),#7884,.T.);
#8602=ADVANCED_FACE('',(#938),#258,.T.);
#8603=ADVANCED_FACE('',(#939),#259,.T.);
#8604=ADVANCED_FACE('',(#940),#260,.T.);
#8605=ADVANCED_FACE('',(#941),#261,.T.);
#8606=ADVANCED_FACE('',(#942),#262,.T.);
#8607=ADVANCED_FACE('',(#943),#263,.T.);
#8608=ADVANCED_FACE('',(#944),#264,.T.);
#8609=ADVANCED_FACE('',(#945),#265,.T.);
#8610=ADVANCED_FACE('',(#946),#266,.T.);
#8611=ADVANCED_FACE('',(#947),#7885,.T.);
#8612=ADVANCED_FACE('',(#948),#7886,.F.);
#8613=ADVANCED_FACE('',(#949,#170),#267,.T.);
#8614=ADVANCED_FACE('',(#950),#268,.T.);
#8615=ADVANCED_FACE('',(#951),#269,.T.);
#8616=ADVANCED_FACE('',(#952),#270,.T.);
#8617=ADVANCED_FACE('',(#953),#271,.T.);
#8618=ADVANCED_FACE('',(#954),#272,.T.);
#8619=ADVANCED_FACE('',(#955),#273,.T.);
#8620=ADVANCED_FACE('',(#956),#274,.T.);
#8621=ADVANCED_FACE('',(#957),#275,.T.);
#8622=ADVANCED_FACE('',(#958),#276,.T.);
#8623=ADVANCED_FACE('',(#959),#277,.T.);
#8624=ADVANCED_FACE('',(#960,#171,#172,#173),#278,.T.);
#8625=ADVANCED_FACE('',(#961),#279,.T.);
#8626=ADVANCED_FACE('',(#962),#280,.T.);
#8627=ADVANCED_FACE('',(#963),#7887,.F.);
#8628=ADVANCED_FACE('',(#964),#281,.T.);
#8629=ADVANCED_FACE('',(#965),#282,.T.);
#8630=ADVANCED_FACE('',(#966),#283,.T.);
#8631=ADVANCED_FACE('',(#967),#7888,.F.);
#8632=ADVANCED_FACE('',(#968),#7889,.F.);
#8633=ADVANCED_FACE('',(#969),#7890,.F.);
#8634=ADVANCED_FACE('',(#970),#7891,.F.);
#8635=ADVANCED_FACE('',(#971),#7892,.F.);
#8636=ADVANCED_FACE('',(#972),#7893,.F.);
#8637=ADVANCED_FACE('',(#973),#7894,.F.);
#8638=ADVANCED_FACE('',(#974),#7895,.F.);
#8639=ADVANCED_FACE('',(#975),#7896,.F.);
#8640=ADVANCED_FACE('',(#976),#7897,.F.);
#8641=ADVANCED_FACE('',(#977),#7898,.F.);
#8642=ADVANCED_FACE('',(#978),#7899,.F.);
#8643=ADVANCED_FACE('',(#979),#7900,.F.);
#8644=ADVANCED_FACE('',(#980),#7901,.F.);
#8645=ADVANCED_FACE('',(#981),#7902,.F.);
#8646=ADVANCED_FACE('',(#982),#7903,.F.);
#8647=ADVANCED_FACE('',(#983),#7904,.F.);
#8648=ADVANCED_FACE('',(#984),#7905,.F.);
#8649=ADVANCED_FACE('',(#985),#7906,.F.);
#8650=ADVANCED_FACE('',(#986),#7907,.F.);
#8651=ADVANCED_FACE('',(#987),#7908,.F.);
#8652=ADVANCED_FACE('',(#988),#7909,.F.);
#8653=ADVANCED_FACE('',(#989),#7910,.F.);
#8654=ADVANCED_FACE('',(#990),#7911,.F.);
#8655=ADVANCED_FACE('',(#991),#7912,.F.);
#8656=ADVANCED_FACE('',(#992),#7913,.F.);
#8657=ADVANCED_FACE('',(#993),#7914,.F.);
#8658=ADVANCED_FACE('',(#994),#7915,.F.);
#8659=ADVANCED_FACE('',(#995),#7916,.F.);
#8660=ADVANCED_FACE('',(#996),#7917,.T.);
#8661=ADVANCED_FACE('',(#997),#7918,.T.);
#8662=ADVANCED_FACE('',(#998),#7919,.F.);
#8663=ADVANCED_FACE('',(#999),#7920,.F.);
#8664=ADVANCED_FACE('',(#1000),#284,.T.);
#8665=ADVANCED_FACE('',(#1001),#285,.T.);
#8666=ADVANCED_FACE('',(#1002),#286,.T.);
#8667=ADVANCED_FACE('',(#1003),#7921,.T.);
#8668=ADVANCED_FACE('',(#1004),#7922,.T.);
#8669=ADVANCED_FACE('',(#1005),#7923,.T.);
#8670=ADVANCED_FACE('',(#1006),#287,.F.);
#8671=ADVANCED_FACE('',(#1007),#288,.F.);
#8672=ADVANCED_FACE('',(#1008),#289,.F.);
#8673=ADVANCED_FACE('',(#1009),#290,.F.);
#8674=ADVANCED_FACE('',(#1010),#291,.F.);
#8675=ADVANCED_FACE('',(#1011),#292,.F.);
#8676=ADVANCED_FACE('',(#1012),#293,.F.);
#8677=ADVANCED_FACE('',(#1013),#294,.F.);
#8678=ADVANCED_FACE('',(#1014),#295,.F.);
#8679=ADVANCED_FACE('',(#1015),#296,.F.);
#8680=ADVANCED_FACE('',(#1016),#297,.F.);
#8681=ADVANCED_FACE('',(#1017),#298,.F.);
#8682=ADVANCED_FACE('',(#1018),#299,.F.);
#8683=ADVANCED_FACE('',(#1019),#300,.F.);
#8684=ADVANCED_FACE('',(#1020),#7924,.T.);
#8685=ADVANCED_FACE('',(#1021),#7925,.T.);
#8686=ADVANCED_FACE('',(#1022),#301,.F.);
#8687=ADVANCED_FACE('',(#1023),#302,.F.);
#8688=ADVANCED_FACE('',(#1024),#303,.F.);
#8689=ADVANCED_FACE('',(#1025),#304,.F.);
#8690=ADVANCED_FACE('',(#1026),#305,.F.);
#8691=ADVANCED_FACE('',(#1027),#306,.F.);
#8692=ADVANCED_FACE('',(#1028),#307,.F.);
#8693=ADVANCED_FACE('',(#1029),#308,.F.);
#8694=ADVANCED_FACE('',(#1030),#309,.F.);
#8695=ADVANCED_FACE('',(#1031),#310,.F.);
#8696=ADVANCED_FACE('',(#1032),#311,.F.);
#8697=ADVANCED_FACE('',(#1033),#312,.F.);
#8698=ADVANCED_FACE('',(#1034),#313,.F.);
#8699=ADVANCED_FACE('',(#1035),#314,.F.);
#8700=ADVANCED_FACE('',(#1036),#315,.T.);
#8701=ADVANCED_FACE('',(#1037),#316,.T.);
#8702=ADVANCED_FACE('',(#1038),#7926,.F.);
#8703=ADVANCED_FACE('',(#1039),#7927,.F.);
#8704=ADVANCED_FACE('',(#1040),#7928,.F.);
#8705=ADVANCED_FACE('',(#1041),#317,.F.);
#8706=ADVANCED_FACE('',(#1042),#318,.F.);
#8707=ADVANCED_FACE('',(#1043),#7929,.T.);
#8708=ADVANCED_FACE('',(#1044),#7930,.T.);
#8709=ADVANCED_FACE('',(#1045),#319,.F.);
#8710=ADVANCED_FACE('',(#1046),#320,.F.);
#8711=ADVANCED_FACE('',(#1047),#321,.F.);
#8712=ADVANCED_FACE('',(#1048),#322,.F.);
#8713=ADVANCED_FACE('',(#1049,#174),#323,.T.);
#8714=ADVANCED_FACE('',(#1050),#324,.T.);
#8715=ADVANCED_FACE('',(#1051,#175),#325,.T.);
#8716=ADVANCED_FACE('',(#1052),#7931,.F.);
#8717=ADVANCED_FACE('',(#1053),#326,.T.);
#8718=ADVANCED_FACE('',(#1054),#7932,.T.);
#8719=ADVANCED_FACE('',(#1055),#327,.F.);
#8720=ADVANCED_FACE('',(#1056),#328,.T.);
#8721=ADVANCED_FACE('',(#1057),#7933,.F.);
#8722=ADVANCED_FACE('',(#1058,#176),#329,.T.);
#8723=ADVANCED_FACE('',(#1059),#7934,.F.);
#8724=ADVANCED_FACE('',(#1060),#330,.T.);
#8725=ADVANCED_FACE('',(#1061),#331,.T.);
#8726=ADVANCED_FACE('',(#1062,#177),#332,.T.);
#8727=ADVANCED_FACE('',(#1063),#333,.T.);
#8728=ADVANCED_FACE('',(#1064),#7935,.T.);
#8729=ADVANCED_FACE('',(#1065,#178),#334,.T.);
#8730=ADVANCED_FACE('',(#1066),#7936,.T.);
#8731=ADVANCED_FACE('',(#1067),#335,.F.);
#8732=ADVANCED_FACE('',(#1068),#7937,.F.);
#8733=ADVANCED_FACE('',(#1069),#336,.F.);
#8734=ADVANCED_FACE('',(#1070),#7938,.F.);
#8735=ADVANCED_FACE('',(#1071),#337,.F.);
#8736=ADVANCED_FACE('',(#1072),#7939,.F.);
#8737=ADVANCED_FACE('',(#1073),#338,.F.);
#8738=ADVANCED_FACE('',(#1074),#7940,.F.);
#8739=ADVANCED_FACE('',(#1075),#7941,.T.);
#8740=ADVANCED_FACE('',(#1076),#7942,.F.);
#8741=ADVANCED_FACE('',(#1077),#7943,.F.);
#8742=ADVANCED_FACE('',(#1078),#7944,.F.);
#8743=ADVANCED_FACE('',(#1079),#7945,.T.);
#8744=ADVANCED_FACE('',(#1080),#7946,.F.);
#8745=ADVANCED_FACE('',(#1081),#339,.F.);
#8746=ADVANCED_FACE('',(#1082),#7947,.F.);
#8747=ADVANCED_FACE('',(#1083),#340,.F.);
#8748=ADVANCED_FACE('',(#1084),#40,.F.);
#8749=ADVANCED_FACE('',(#1085),#41,.T.);
#8750=ADVANCED_FACE('',(#1086),#42,.F.);
#8751=ADVANCED_FACE('',(#1087),#43,.F.);
#8752=ADVANCED_FACE('',(#1088),#44,.F.);
#8753=ADVANCED_FACE('',(#1089),#45,.T.);
#8754=ADVANCED_FACE('',(#1090),#46,.F.);
#8755=ADVANCED_FACE('',(#1091),#341,.F.);
#8756=ADVANCED_FACE('',(#1092),#47,.F.);
#8757=ADVANCED_FACE('',(#1093),#342,.F.);
#8758=ADVANCED_FACE('',(#1094),#48,.F.);
#8759=ADVANCED_FACE('',(#1095),#343,.F.);
#8760=ADVANCED_FACE('',(#1096),#49,.F.);
#8761=ADVANCED_FACE('',(#1097),#344,.F.);
#8762=ADVANCED_FACE('',(#1098),#50,.F.);
#8763=ADVANCED_FACE('',(#1099),#345,.T.);
#8764=ADVANCED_FACE('',(#1100),#7948,.T.);
#8765=ADVANCED_FACE('',(#1101),#346,.T.);
#8766=ADVANCED_FACE('',(#1102),#7949,.T.);
#8767=ADVANCED_FACE('',(#1103),#347,.T.);
#8768=ADVANCED_FACE('',(#1104),#7950,.T.);
#8769=ADVANCED_FACE('',(#1105),#348,.T.);
#8770=ADVANCED_FACE('',(#1106),#7951,.T.);
#8771=ADVANCED_FACE('',(#1107),#7952,.F.);
#8772=ADVANCED_FACE('',(#1108),#7953,.T.);
#8773=ADVANCED_FACE('',(#1109),#7954,.T.);
#8774=ADVANCED_FACE('',(#1110),#7955,.T.);
#8775=ADVANCED_FACE('',(#1111),#7956,.F.);
#8776=ADVANCED_FACE('',(#1112),#7957,.T.);
#8777=ADVANCED_FACE('',(#1113),#349,.T.);
#8778=ADVANCED_FACE('',(#1114),#7958,.T.);
#8779=ADVANCED_FACE('',(#1115,#179),#350,.F.);
#8780=ADVANCED_FACE('',(#1116),#351,.T.);
#8781=ADVANCED_FACE('',(#1117),#51,.T.);
#8782=ADVANCED_FACE('',(#1118),#52,.F.);
#8783=ADVANCED_FACE('',(#1119),#53,.T.);
#8784=ADVANCED_FACE('',(#1120),#54,.T.);
#8785=ADVANCED_FACE('',(#1121),#55,.T.);
#8786=ADVANCED_FACE('',(#1122),#56,.F.);
#8787=ADVANCED_FACE('',(#1123),#57,.T.);
#8788=ADVANCED_FACE('',(#1124),#352,.T.);
#8789=ADVANCED_FACE('',(#1125),#58,.T.);
#8790=ADVANCED_FACE('',(#1126),#353,.T.);
#8791=ADVANCED_FACE('',(#1127),#59,.T.);
#8792=ADVANCED_FACE('',(#1128),#354,.T.);
#8793=ADVANCED_FACE('',(#1129),#60,.T.);
#8794=ADVANCED_FACE('',(#1130),#355,.T.);
#8795=ADVANCED_FACE('',(#1131),#61,.T.);
#8796=ADVANCED_FACE('',(#1132,#180),#356,.T.);
#8797=ADVANCED_FACE('',(#1133),#7959,.F.);
#8798=ADVANCED_FACE('',(#1134),#7960,.F.);
#8799=ADVANCED_FACE('',(#1135),#7961,.F.);
#8800=ADVANCED_FACE('',(#1136),#7962,.F.);
#8801=ADVANCED_FACE('',(#1137),#7963,.F.);
#8802=ADVANCED_FACE('',(#1138),#7964,.T.);
#8803=ADVANCED_FACE('',(#1139),#154,.T.);
#8804=ADVANCED_FACE('',(#1140),#357,.T.);
#8805=ADVANCED_FACE('',(#1141),#7965,.T.);
#8806=ADVANCED_FACE('',(#1142),#358,.T.);
#8807=ADVANCED_FACE('',(#1143),#155,.T.);
#8808=ADVANCED_FACE('',(#1144),#359,.F.);
#8809=ADVANCED_FACE('',(#1145),#360,.F.);
#8810=ADVANCED_FACE('',(#1146),#361,.F.);
#8811=ADVANCED_FACE('',(#1147),#362,.F.);
#8812=ADVANCED_FACE('',(#1148),#363,.F.);
#8813=ADVANCED_FACE('',(#1149),#7966,.F.);
#8814=ADVANCED_FACE('',(#1150),#364,.F.);
#8815=ADVANCED_FACE('',(#1151),#7967,.F.);
#8816=ADVANCED_FACE('',(#1152),#365,.F.);
#8817=ADVANCED_FACE('',(#1153),#7968,.F.);
#8818=ADVANCED_FACE('',(#1154),#366,.F.);
#8819=ADVANCED_FACE('',(#1155),#7969,.F.);
#8820=ADVANCED_FACE('',(#1156),#367,.F.);
#8821=ADVANCED_FACE('',(#1157),#7970,.F.);
#8822=ADVANCED_FACE('',(#1158),#368,.F.);
#8823=ADVANCED_FACE('',(#1159),#7971,.F.);
#8824=ADVANCED_FACE('',(#1160),#369,.F.);
#8825=ADVANCED_FACE('',(#1161),#7972,.T.);
#8826=ADVANCED_FACE('',(#1162),#370,.F.);
#8827=ADVANCED_FACE('',(#1163),#7973,.T.);
#8828=ADVANCED_FACE('',(#1164),#371,.F.);
#8829=ADVANCED_FACE('',(#1165),#372,.F.);
#8830=ADVANCED_FACE('',(#1166),#62,.T.);
#8831=ADVANCED_FACE('',(#1167),#373,.F.);
#8832=ADVANCED_FACE('',(#1168),#63,.T.);
#8833=ADVANCED_FACE('',(#1169),#374,.F.);
#8834=ADVANCED_FACE('',(#1170),#64,.F.);
#8835=ADVANCED_FACE('',(#1171),#65,.F.);
#8836=ADVANCED_FACE('',(#1172),#66,.F.);
#8837=ADVANCED_FACE('',(#1173),#67,.F.);
#8838=ADVANCED_FACE('',(#1174),#68,.F.);
#8839=ADVANCED_FACE('',(#1175),#69,.F.);
#8840=ADVANCED_FACE('',(#1176),#7974,.T.);
#8841=ADVANCED_FACE('',(#1177),#375,.T.);
#8842=ADVANCED_FACE('',(#1178),#7975,.T.);
#8843=ADVANCED_FACE('',(#1179),#376,.T.);
#8844=ADVANCED_FACE('',(#1180),#7976,.T.);
#8845=ADVANCED_FACE('',(#1181),#377,.T.);
#8846=ADVANCED_FACE('',(#1182),#7977,.T.);
#8847=ADVANCED_FACE('',(#1183),#378,.T.);
#8848=ADVANCED_FACE('',(#1184),#7978,.T.);
#8849=ADVANCED_FACE('',(#1185),#379,.T.);
#8850=ADVANCED_FACE('',(#1186),#7979,.T.);
#8851=ADVANCED_FACE('',(#1187),#380,.T.);
#8852=ADVANCED_FACE('',(#1188),#7980,.F.);
#8853=ADVANCED_FACE('',(#1189),#381,.T.);
#8854=ADVANCED_FACE('',(#1190),#7981,.F.);
#8855=ADVANCED_FACE('',(#1191),#382,.T.);
#8856=ADVANCED_FACE('',(#1192,#181),#383,.F.);
#8857=ADVANCED_FACE('',(#1193),#384,.T.);
#8858=ADVANCED_FACE('',(#1194),#70,.F.);
#8859=ADVANCED_FACE('',(#1195),#385,.T.);
#8860=ADVANCED_FACE('',(#1196),#71,.F.);
#8861=ADVANCED_FACE('',(#1197),#386,.T.);
#8862=ADVANCED_FACE('',(#1198),#72,.T.);
#8863=ADVANCED_FACE('',(#1199),#387,.T.);
#8864=ADVANCED_FACE('',(#1200),#73,.T.);
#8865=ADVANCED_FACE('',(#1201),#388,.T.);
#8866=ADVANCED_FACE('',(#1202),#74,.T.);
#8867=ADVANCED_FACE('',(#1203),#389,.T.);
#8868=ADVANCED_FACE('',(#1204),#75,.T.);
#8869=ADVANCED_FACE('',(#1205),#390,.T.);
#8870=ADVANCED_FACE('',(#1206),#76,.T.);
#8871=ADVANCED_FACE('',(#1207),#391,.T.);
#8872=ADVANCED_FACE('',(#1208),#77,.T.);
#8873=ADVANCED_FACE('',(#1209,#182,#183),#392,.T.);
#8874=ADVANCED_FACE('',(#1210),#78,.T.);
#8875=ADVANCED_FACE('',(#1211),#7982,.T.);
#8876=ADVANCED_FACE('',(#1212),#393,.T.);
#8877=ADVANCED_FACE('',(#1213),#790,.T.);
#8878=ADVANCED_FACE('',(#1214),#79,.F.);
#8879=ADVANCED_FACE('',(#1215),#791,.T.);
#8880=ADVANCED_FACE('',(#1216),#80,.F.);
#8881=ADVANCED_FACE('',(#1217),#792,.T.);
#8882=ADVANCED_FACE('',(#1218),#81,.F.);
#8883=ADVANCED_FACE('',(#1219),#793,.T.);
#8884=ADVANCED_FACE('',(#1220),#82,.F.);
#8885=ADVANCED_FACE('',(#1221),#794,.T.);
#8886=ADVANCED_FACE('',(#1222,#184),#104,.T.);
#8887=ADVANCED_FACE('',(#1223),#83,.T.);
#8888=ADVANCED_FACE('',(#1224),#394,.T.);
#8889=ADVANCED_FACE('',(#1225),#395,.T.);
#8890=ADVANCED_FACE('',(#1226),#84,.T.);
#8891=ADVANCED_FACE('',(#1227),#396,.T.);
#8892=ADVANCED_FACE('',(#1228),#397,.T.);
#8893=ADVANCED_FACE('',(#1229),#85,.T.);
#8894=ADVANCED_FACE('',(#1230),#86,.T.);
#8895=ADVANCED_FACE('',(#1231),#398,.T.);
#8896=ADVANCED_FACE('',(#1232),#399,.T.);
#8897=ADVANCED_FACE('',(#1233),#400,.T.);
#8898=ADVANCED_FACE('',(#1234),#87,.T.);
#8899=ADVANCED_FACE('',(#1235),#401,.T.);
#8900=ADVANCED_FACE('',(#1236),#88,.F.);
#8901=ADVANCED_FACE('',(#1237,#185),#402,.T.);
#8902=ADVANCED_FACE('',(#1238),#7983,.T.);
#8903=ADVANCED_FACE('',(#1239),#89,.T.);
#8904=ADVANCED_FACE('',(#1240),#90,.T.);
#8905=ADVANCED_FACE('',(#1241),#7984,.T.);
#8906=ADVANCED_FACE('',(#1242),#403,.T.);
#8907=ADVANCED_FACE('',(#1243),#795,.T.);
#8908=ADVANCED_FACE('',(#1244),#91,.F.);
#8909=ADVANCED_FACE('',(#1245),#796,.T.);
#8910=ADVANCED_FACE('',(#1246),#92,.F.);
#8911=ADVANCED_FACE('',(#1247),#797,.T.);
#8912=ADVANCED_FACE('',(#1248),#93,.F.);
#8913=ADVANCED_FACE('',(#1249),#798,.T.);
#8914=ADVANCED_FACE('',(#1250),#94,.F.);
#8915=ADVANCED_FACE('',(#1251),#799,.T.);
#8916=ADVANCED_FACE('',(#1252,#186),#105,.T.);
#8917=ADVANCED_FACE('',(#1253),#95,.T.);
#8918=ADVANCED_FACE('',(#1254),#404,.T.);
#8919=ADVANCED_FACE('',(#1255),#405,.T.);
#8920=ADVANCED_FACE('',(#1256),#96,.T.);
#8921=ADVANCED_FACE('',(#1257),#406,.T.);
#8922=ADVANCED_FACE('',(#1258),#407,.T.);
#8923=ADVANCED_FACE('',(#1259),#97,.T.);
#8924=ADVANCED_FACE('',(#1260),#98,.T.);
#8925=ADVANCED_FACE('',(#1261),#408,.T.);
#8926=ADVANCED_FACE('',(#1262),#409,.T.);
#8927=ADVANCED_FACE('',(#1263),#410,.T.);
#8928=ADVANCED_FACE('',(#1264),#99,.T.);
#8929=ADVANCED_FACE('',(#1265),#411,.T.);
#8930=ADVANCED_FACE('',(#1266),#100,.F.);
#8931=ADVANCED_FACE('',(#1267,#187),#412,.T.);
#8932=ADVANCED_FACE('',(#1268),#7985,.T.);
#8933=ADVANCED_FACE('',(#1269),#101,.T.);
#8934=CLOSED_SHELL('',(#8464,#8465,#8466,#8467,#8468,#8469,#8470,#8471,
#8472,#8473,#8474,#8475,#8476,#8477,#8478,#8479,#8480,#8481,#8482,#8483,
#8484,#8485,#8486,#8487,#8488,#8489,#8490,#8491,#8492,#8493,#8494,#8495,
#8496,#8497,#8498,#8499,#8500,#8501,#8502,#8503,#8504,#8505,#8506,#8507,
#8508,#8509,#8510,#8511,#8512,#8513,#8514,#8515,#8516,#8517,#8518,#8519,
#8520,#8521,#8522,#8523,#8524,#8525,#8526,#8527,#8528,#8529,#8530,#8531,
#8532,#8533,#8534,#8535,#8536,#8537,#8538,#8539,#8540,#8541,#8542,#8543,
#8544,#8545,#8546,#8547,#8548,#8549,#8550,#8551,#8552,#8553,#8554,#8555,
#8556,#8557,#8558,#8559,#8560,#8561,#8562,#8563,#8564,#8565,#8566,#8567,
#8568,#8569,#8570,#8571,#8572,#8573,#8574,#8575,#8576,#8577,#8578,#8579,
#8580,#8581,#8582,#8583,#8584,#8585,#8586,#8587,#8588,#8589,#8590,#8591,
#8592,#8593,#8594,#8595,#8596));
#8935=CLOSED_SHELL('',(#8597,#8598,#8599,#8600,#8601));
#8936=CLOSED_SHELL('',(#8602,#8603,#8604,#8605,#8606,#8607,#8608,#8609,
#8610,#8611,#8612,#8613,#8614,#8615,#8616,#8617,#8618,#8619,#8620,#8621,
#8622,#8623,#8624,#8625,#8626,#8627,#8628,#8629,#8630,#8631,#8632,#8633,
#8634,#8635,#8636,#8637,#8638,#8639,#8640,#8641,#8642,#8643,#8644,#8645,
#8646,#8647,#8648,#8649,#8650,#8651,#8652,#8653,#8654,#8655,#8656,#8657,
#8658,#8659,#8660,#8661,#8662,#8663,#8664,#8665,#8666,#8667,#8668,#8669,
#8670,#8671,#8672,#8673,#8674,#8675,#8676,#8677,#8678,#8679,#8680,#8681,
#8682,#8683,#8684,#8685,#8686,#8687,#8688,#8689,#8690,#8691,#8692,#8693,
#8694,#8695,#8696,#8697,#8698,#8699,#8700,#8701,#8702,#8703,#8704,#8705,
#8706,#8707,#8708,#8709,#8710,#8711,#8712,#8713,#8714,#8715,#8716,#8717,
#8718,#8719,#8720,#8721,#8722,#8723,#8724,#8725,#8726,#8727,#8728,#8729,
#8730));
#8937=CLOSED_SHELL('',(#8731,#8732,#8733,#8734,#8735,#8736,#8737,#8738,
#8739,#8740,#8741,#8742,#8743,#8744,#8745,#8746,#8747,#8748,#8749,#8750,
#8751,#8752,#8753,#8754,#8755,#8756,#8757,#8758,#8759,#8760,#8761,#8762,
#8763,#8764,#8765,#8766,#8767,#8768,#8769,#8770,#8771,#8772,#8773,#8774,
#8775,#8776,#8777,#8778,#8779,#8780,#8781,#8782,#8783,#8784,#8785,#8786,
#8787,#8788,#8789,#8790,#8791,#8792,#8793,#8794,#8795,#8796));
#8938=CLOSED_SHELL('',(#8797,#8798,#8799,#8800,#8801,#8802,#8803,#8804,
#8805,#8806,#8807));
#8939=CLOSED_SHELL('',(#8808,#8809,#8810,#8811,#8812,#8813,#8814,#8815,
#8816,#8817,#8818,#8819,#8820,#8821,#8822,#8823,#8824,#8825,#8826,#8827,
#8828,#8829,#8830,#8831,#8832,#8833,#8834,#8835,#8836,#8837,#8838,#8839,
#8840,#8841,#8842,#8843,#8844,#8845,#8846,#8847,#8848,#8849,#8850,#8851,
#8852,#8853,#8854,#8855,#8856,#8857,#8858,#8859,#8860,#8861,#8862,#8863,
#8864,#8865,#8866,#8867,#8868,#8869,#8870,#8871,#8872,#8873));
#8940=CLOSED_SHELL('',(#8874,#8875,#8876,#8877,#8878,#8879,#8880,#8881,
#8882,#8883,#8884,#8885,#8886,#8887,#8888,#8889,#8890,#8891,#8892,#8893,
#8894,#8895,#8896,#8897,#8898,#8899,#8900,#8901,#8902,#8903));
#8941=CLOSED_SHELL('',(#8904,#8905,#8906,#8907,#8908,#8909,#8910,#8911,
#8912,#8913,#8914,#8915,#8916,#8917,#8918,#8919,#8920,#8921,#8922,#8923,
#8924,#8925,#8926,#8927,#8928,#8929,#8930,#8931,#8932,#8933));
#8942=DERIVED_UNIT_ELEMENT(#8945,1.);
#8943=DERIVED_UNIT_ELEMENT(#16772,-3.);
#8944=DIMENSIONAL_EXPONENTS(0.,1.,0.,0.,0.,0.,0.);
#8945=(
CONVERSION_BASED_UNIT('gram',#8947)
MASS_UNIT()
NAMED_UNIT(#8944)
);
#8946=(
MASS_UNIT()
NAMED_UNIT(*)
SI_UNIT(.KILO.,.GRAM.)
);
#8947=MASS_MEASURE_WITH_UNIT(MASS_MEASURE(0.001),#8946);
#8948=DERIVED_UNIT((#8942,#8943));
#8949=MEASURE_REPRESENTATION_ITEM('density measure',
POSITIVE_RATIO_MEASURE(1.),#8948);
#8950=PROPERTY_DEFINITION_REPRESENTATION(#8955,#8952);
#8951=PROPERTY_DEFINITION_REPRESENTATION(#8956,#8953);
#8952=REPRESENTATION('material name',(#8954),#16769);
#8953=REPRESENTATION('density',(#8949),#16769);
#8954=DESCRIPTIVE_REPRESENTATION_ITEM('\X2\04220438043F043E0432044B0435\X0\',
'\X2\04220438043F043E0432044B0435\X0\');
#8955=PROPERTY_DEFINITION('material property','material name',#16779);
#8956=PROPERTY_DEFINITION('material property','density of part',#16779);
#8957=DATE_TIME_ROLE('creation_date');
#8958=APPLIED_DATE_AND_TIME_ASSIGNMENT(#8959,#8957,(#16779));
#8959=DATE_AND_TIME(#8960,#8961);
#8960=CALENDAR_DATE(2025,20,3);
#8961=LOCAL_TIME(0,0,0.,#8962);
#8962=COORDINATED_UNIVERSAL_TIME_OFFSET(0,0,.BEHIND.);
#8963=AXIS2_PLACEMENT_3D('',#12272,#9830,#9831);
#8964=AXIS2_PLACEMENT_3D('',#12273,#9832,#9833);
#8965=AXIS2_PLACEMENT_3D('',#12308,#9836,#9837);
#8966=AXIS2_PLACEMENT_3D('',#12309,#9838,#9839);
#8967=AXIS2_PLACEMENT_3D('',#12310,#9840,#9841);
#8968=AXIS2_PLACEMENT_3D('',#12311,#9842,#9843);
#8969=AXIS2_PLACEMENT_3D('',#12313,#9844,#9845);
#8970=AXIS2_PLACEMENT_3D('',#12315,#9846,#9847);
#8971=AXIS2_PLACEMENT_3D('',#12319,#9849,#9850);
#8972=AXIS2_PLACEMENT_3D('',#12320,#9851,#9852);
#8973=AXIS2_PLACEMENT_3D('',#12321,#9853,#9854);
#8974=AXIS2_PLACEMENT_3D('',#12328,#9858,#9859);
#8975=AXIS2_PLACEMENT_3D('',#12330,#9860,#9861);
#8976=AXIS2_PLACEMENT_3D('',#12362,#9862,#9863);
#8977=AXIS2_PLACEMENT_3D('',#12364,#9864,#9865);
#8978=AXIS2_PLACEMENT_3D('',#12365,#9866,#9867);
#8979=AXIS2_PLACEMENT_3D('',#12366,#9868,#9869);
#8980=AXIS2_PLACEMENT_3D('',#12368,#9870,#9871);
#8981=AXIS2_PLACEMENT_3D('',#12369,#9872,#9873);
#8982=AXIS2_PLACEMENT_3D('',#12370,#9874,#9875);
#8983=AXIS2_PLACEMENT_3D('',#12372,#9876,#9877);
#8984=AXIS2_PLACEMENT_3D('',#12374,#9878,#9879);
#8985=AXIS2_PLACEMENT_3D('',#12375,#9880,#9881);
#8986=AXIS2_PLACEMENT_3D('',#12376,#9882,#9883);
#8987=AXIS2_PLACEMENT_3D('',#12378,#9884,#9885);
#8988=AXIS2_PLACEMENT_3D('',#12379,#9886,#9887);
#8989=AXIS2_PLACEMENT_3D('',#12411,#9888,#9889);
#8990=AXIS2_PLACEMENT_3D('',#12412,#9890,#9891);
#8991=AXIS2_PLACEMENT_3D('',#12413,#9892,#9893);
#8992=AXIS2_PLACEMENT_3D('',#12430,#9895,#9896);
#8993=AXIS2_PLACEMENT_3D('',#12432,#9898,#9899);
#8994=AXIS2_PLACEMENT_3D('',#12459,#9902,#9903);
#8995=AXIS2_PLACEMENT_3D('',#12463,#9906,#9907);
#8996=AXIS2_PLACEMENT_3D('',#12465,#9908,#9909);
#8997=AXIS2_PLACEMENT_3D('',#12507,#9914,#9915);
#8998=AXIS2_PLACEMENT_3D('',#12511,#9917,#9918);
#8999=AXIS2_PLACEMENT_3D('',#12524,#9919,#9920);
#9000=AXIS2_PLACEMENT_3D('',#12526,#9922,#9923);
#9001=AXIS2_PLACEMENT_3D('',#12536,#9929,#9930);
#9002=AXIS2_PLACEMENT_3D('',#12545,#9931,#9932);
#9003=AXIS2_PLACEMENT_3D('',#12560,#9933,#9934);
#9004=AXIS2_PLACEMENT_3D('',#12568,#9936,#9937);
#9005=AXIS2_PLACEMENT_3D('',#12577,#9938,#9939);
#9006=AXIS2_PLACEMENT_3D('',#12592,#9940,#9941);
#9007=AXIS2_PLACEMENT_3D('',#12600,#9943,#9944);
#9008=AXIS2_PLACEMENT_3D('',#12603,#9946,#9947);
#9009=AXIS2_PLACEMENT_3D('',#12604,#9948,#9949);
#9010=AXIS2_PLACEMENT_3D('',#12606,#9951,#9952);
#9011=AXIS2_PLACEMENT_3D('',#12610,#9955,#9956);
#9012=AXIS2_PLACEMENT_3D('',#12612,#9958,#9959);
#9013=AXIS2_PLACEMENT_3D('',#12613,#9960,#9961);
#9014=AXIS2_PLACEMENT_3D('',#12614,#9962,#9963);
#9015=AXIS2_PLACEMENT_3D('',#12615,#9964,#9965);
#9016=AXIS2_PLACEMENT_3D('',#12636,#9966,#9967);
#9017=AXIS2_PLACEMENT_3D('',#12637,#9968,#9969);
#9018=AXIS2_PLACEMENT_3D('',#12638,#9970,#9971);
#9019=AXIS2_PLACEMENT_3D('',#12642,#9973,#9974);
#9020=AXIS2_PLACEMENT_3D('',#12649,#9978,#9979);
#9021=AXIS2_PLACEMENT_3D('',#12660,#9980,#9981);
#9022=AXIS2_PLACEMENT_3D('',#12662,#9982,#9983);
#9023=AXIS2_PLACEMENT_3D('',#12663,#9984,#9985);
#9024=AXIS2_PLACEMENT_3D('',#12664,#9986,#9987);
#9025=AXIS2_PLACEMENT_3D('',#12667,#9989,#9990);
#9026=AXIS2_PLACEMENT_3D('',#12668,#9991,#9992);
#9027=AXIS2_PLACEMENT_3D('',#12670,#9993,#9994);
#9028=AXIS2_PLACEMENT_3D('',#12671,#9995,#9996);
#9029=AXIS2_PLACEMENT_3D('',#12758,#9997,#9998);
#9030=AXIS2_PLACEMENT_3D('',#12769,#9999,#10000);
#9031=AXIS2_PLACEMENT_3D('',#12770,#10001,#10002);
#9032=AXIS2_PLACEMENT_3D('',#12771,#10003,#10004);
#9033=AXIS2_PLACEMENT_3D('',#12773,#10006,#10007);
#9034=AXIS2_PLACEMENT_3D('',#12810,#10009,#10010);
#9035=AXIS2_PLACEMENT_3D('',#12811,#10011,#10012);
#9036=AXIS2_PLACEMENT_3D('',#12814,#10013,#10014);
#9037=AXIS2_PLACEMENT_3D('',#12829,#10015,#10016);
#9038=AXIS2_PLACEMENT_3D('',#12844,#10017,#10018);
#9039=AXIS2_PLACEMENT_3D('',#12846,#10020,#10021);
#9040=AXIS2_PLACEMENT_3D('',#12847,#10022,#10023);
#9041=AXIS2_PLACEMENT_3D('',#12848,#10024,#10025);
#9042=AXIS2_PLACEMENT_3D('',#12865,#10034,#10035);
#9043=AXIS2_PLACEMENT_3D('',#12871,#10039,#10040);
#9044=AXIS2_PLACEMENT_3D('',#12875,#10043,#10044);
#9045=AXIS2_PLACEMENT_3D('',#12879,#10047,#10048);
#9046=AXIS2_PLACEMENT_3D('',#12883,#10051,#10052);
#9047=AXIS2_PLACEMENT_3D('',#12887,#10055,#10056);
#9048=AXIS2_PLACEMENT_3D('',#12891,#10059,#10060);
#9049=AXIS2_PLACEMENT_3D('',#12895,#10063,#10064);
#9050=AXIS2_PLACEMENT_3D('',#12897,#10066,#10067);
#9051=AXIS2_PLACEMENT_3D('',#12899,#10068,#10069);
#9052=AXIS2_PLACEMENT_3D('',#12902,#10071,#10072);
#9053=AXIS2_PLACEMENT_3D('',#12903,#10073,#10074);
#9054=AXIS2_PLACEMENT_3D('',#12905,#10075,#10076);
#9055=AXIS2_PLACEMENT_3D('',#12908,#10078,#10079);
#9056=AXIS2_PLACEMENT_3D('',#12909,#10080,#10081);
#9057=AXIS2_PLACEMENT_3D('',#12910,#10082,#10083);
#9058=AXIS2_PLACEMENT_3D('',#12919,#10088,#10089);
#9059=AXIS2_PLACEMENT_3D('',#12925,#10093,#10094);
#9060=AXIS2_PLACEMENT_3D('',#12929,#10097,#10098);
#9061=AXIS2_PLACEMENT_3D('',#12933,#10101,#10102);
#9062=AXIS2_PLACEMENT_3D('',#12935,#10104,#10105);
#9063=AXIS2_PLACEMENT_3D('',#12944,#10110,#10111);
#9064=AXIS2_PLACEMENT_3D('',#12950,#10115,#10116);
#9065=AXIS2_PLACEMENT_3D('',#12956,#10120,#10121);
#9066=AXIS2_PLACEMENT_3D('',#12959,#10124,#10125);
#9067=AXIS2_PLACEMENT_3D('',#12960,#10126,#10127);
#9068=AXIS2_PLACEMENT_3D('',#12961,#10128,#10129);
#9069=AXIS2_PLACEMENT_3D('',#12966,#10131,#10132);
#9070=AXIS2_PLACEMENT_3D('',#12969,#10134,#10135);
#9071=AXIS2_PLACEMENT_3D('',#12970,#10136,#10137);
#9072=AXIS2_PLACEMENT_3D('',#12975,#10139,#10140);
#9073=AXIS2_PLACEMENT_3D('',#12978,#10142,#10143);
#9074=AXIS2_PLACEMENT_3D('',#12979,#10144,#10145);
#9075=AXIS2_PLACEMENT_3D('',#12984,#10147,#10148);
#9076=AXIS2_PLACEMENT_3D('',#12987,#10150,#10151);
#9077=AXIS2_PLACEMENT_3D('',#12988,#10152,#10153);
#9078=AXIS2_PLACEMENT_3D('',#12993,#10155,#10156);
#9079=AXIS2_PLACEMENT_3D('',#12996,#10158,#10159);
#9080=AXIS2_PLACEMENT_3D('',#12997,#10160,#10161);
#9081=AXIS2_PLACEMENT_3D('',#13002,#10163,#10164);
#9082=AXIS2_PLACEMENT_3D('',#13005,#10166,#10167);
#9083=AXIS2_PLACEMENT_3D('',#13006,#10168,#10169);
#9084=AXIS2_PLACEMENT_3D('',#13011,#10171,#10172);
#9085=AXIS2_PLACEMENT_3D('',#13014,#10174,#10175);
#9086=AXIS2_PLACEMENT_3D('',#13015,#10176,#10177);
#9087=AXIS2_PLACEMENT_3D('',#13020,#10179,#10180);
#9088=AXIS2_PLACEMENT_3D('',#13023,#10182,#10183);
#9089=AXIS2_PLACEMENT_3D('',#13024,#10184,#10185);
#9090=AXIS2_PLACEMENT_3D('',#13029,#10187,#10188);
#9091=AXIS2_PLACEMENT_3D('',#13032,#10190,#10191);
#9092=AXIS2_PLACEMENT_3D('',#13033,#10192,#10193);
#9093=AXIS2_PLACEMENT_3D('',#13038,#10195,#10196);
#9094=AXIS2_PLACEMENT_3D('',#13041,#10198,#10199);
#9095=AXIS2_PLACEMENT_3D('',#13042,#10200,#10201);
#9096=AXIS2_PLACEMENT_3D('',#13047,#10203,#10204);
#9097=AXIS2_PLACEMENT_3D('',#13050,#10206,#10207);
#9098=AXIS2_PLACEMENT_3D('',#13051,#10208,#10209);
#9099=AXIS2_PLACEMENT_3D('',#13056,#10211,#10212);
#9100=AXIS2_PLACEMENT_3D('',#13059,#10214,#10215);
#9101=AXIS2_PLACEMENT_3D('',#13060,#10216,#10217);
#9102=AXIS2_PLACEMENT_3D('',#13065,#10219,#10220);
#9103=AXIS2_PLACEMENT_3D('',#13068,#10222,#10223);
#9104=AXIS2_PLACEMENT_3D('',#13069,#10224,#10225);
#9105=AXIS2_PLACEMENT_3D('',#13074,#10227,#10228);
#9106=AXIS2_PLACEMENT_3D('',#13077,#10230,#10231);
#9107=AXIS2_PLACEMENT_3D('',#13078,#10232,#10233);
#9108=AXIS2_PLACEMENT_3D('',#13083,#10235,#10236);
#9109=AXIS2_PLACEMENT_3D('',#13086,#10238,#10239);
#9110=AXIS2_PLACEMENT_3D('',#13087,#10240,#10241);
#9111=AXIS2_PLACEMENT_3D('',#13092,#10243,#10244);
#9112=AXIS2_PLACEMENT_3D('',#13095,#10246,#10247);
#9113=AXIS2_PLACEMENT_3D('',#13096,#10248,#10249);
#9114=AXIS2_PLACEMENT_3D('',#13101,#10251,#10252);
#9115=AXIS2_PLACEMENT_3D('',#13104,#10254,#10255);
#9116=AXIS2_PLACEMENT_3D('',#13105,#10256,#10257);
#9117=AXIS2_PLACEMENT_3D('',#13110,#10259,#10260);
#9118=AXIS2_PLACEMENT_3D('',#13113,#10262,#10263);
#9119=AXIS2_PLACEMENT_3D('',#13114,#10264,#10265);
#9120=AXIS2_PLACEMENT_3D('',#13119,#10267,#10268);
#9121=AXIS2_PLACEMENT_3D('',#13122,#10270,#10271);
#9122=AXIS2_PLACEMENT_3D('',#13123,#10272,#10273);
#9123=AXIS2_PLACEMENT_3D('',#13128,#10275,#10276);
#9124=AXIS2_PLACEMENT_3D('',#13131,#10278,#10279);
#9125=AXIS2_PLACEMENT_3D('',#13132,#10280,#10281);
#9126=AXIS2_PLACEMENT_3D('',#13137,#10283,#10284);
#9127=AXIS2_PLACEMENT_3D('',#13140,#10286,#10287);
#9128=AXIS2_PLACEMENT_3D('',#13141,#10288,#10289);
#9129=AXIS2_PLACEMENT_3D('',#13146,#10291,#10292);
#9130=AXIS2_PLACEMENT_3D('',#13149,#10294,#10295);
#9131=AXIS2_PLACEMENT_3D('',#13150,#10296,#10297);
#9132=AXIS2_PLACEMENT_3D('',#13155,#10299,#10300);
#9133=AXIS2_PLACEMENT_3D('',#13158,#10302,#10303);
#9134=AXIS2_PLACEMENT_3D('',#13159,#10304,#10305);
#9135=AXIS2_PLACEMENT_3D('',#13164,#10307,#10308);
#9136=AXIS2_PLACEMENT_3D('',#13167,#10310,#10311);
#9137=AXIS2_PLACEMENT_3D('',#13168,#10312,#10313);
#9138=AXIS2_PLACEMENT_3D('',#13173,#10315,#10316);
#9139=AXIS2_PLACEMENT_3D('',#13176,#10318,#10319);
#9140=AXIS2_PLACEMENT_3D('',#13177,#10320,#10321);
#9141=AXIS2_PLACEMENT_3D('',#13182,#10323,#10324);
#9142=AXIS2_PLACEMENT_3D('',#13185,#10326,#10327);
#9143=AXIS2_PLACEMENT_3D('',#13186,#10328,#10329);
#9144=AXIS2_PLACEMENT_3D('',#13191,#10331,#10332);
#9145=AXIS2_PLACEMENT_3D('',#13194,#10334,#10335);
#9146=AXIS2_PLACEMENT_3D('',#13195,#10336,#10337);
#9147=AXIS2_PLACEMENT_3D('',#13197,#10338,#10339);
#9148=AXIS2_PLACEMENT_3D('',#13200,#10341,#10342);
#9149=AXIS2_PLACEMENT_3D('',#13201,#10343,#10344);
#9150=AXIS2_PLACEMENT_3D('',#13203,#10345,#10346);
#9151=AXIS2_PLACEMENT_3D('',#13206,#10348,#10349);
#9152=AXIS2_PLACEMENT_3D('',#13207,#10350,#10351);
#9153=AXIS2_PLACEMENT_3D('',#13213,#10355,#10356);
#9154=AXIS2_PLACEMENT_3D('',#13216,#10359,#10360);
#9155=AXIS2_PLACEMENT_3D('',#13219,#10363,#10364);
#9156=AXIS2_PLACEMENT_3D('',#13225,#10368,#10369);
#9157=AXIS2_PLACEMENT_3D('',#13228,#10372,#10373);
#9158=AXIS2_PLACEMENT_3D('',#13231,#10376,#10377);
#9159=AXIS2_PLACEMENT_3D('',#13234,#10380,#10381);
#9160=AXIS2_PLACEMENT_3D('',#13237,#10384,#10385);
#9161=AXIS2_PLACEMENT_3D('',#13240,#10388,#10389);
#9162=AXIS2_PLACEMENT_3D('',#13243,#10392,#10393);
#9163=AXIS2_PLACEMENT_3D('',#13246,#10396,#10397);
#9164=AXIS2_PLACEMENT_3D('',#13249,#10400,#10401);
#9165=AXIS2_PLACEMENT_3D('',#13252,#10404,#10405);
#9166=AXIS2_PLACEMENT_3D('',#13255,#10408,#10409);
#9167=AXIS2_PLACEMENT_3D('',#13261,#10413,#10414);
#9168=AXIS2_PLACEMENT_3D('',#13264,#10417,#10418);
#9169=AXIS2_PLACEMENT_3D('',#13267,#10421,#10422);
#9170=AXIS2_PLACEMENT_3D('',#13273,#10426,#10427);
#9171=AXIS2_PLACEMENT_3D('',#13276,#10430,#10431);
#9172=AXIS2_PLACEMENT_3D('',#13279,#10434,#10435);
#9173=AXIS2_PLACEMENT_3D('',#13282,#10438,#10439);
#9174=AXIS2_PLACEMENT_3D('',#13285,#10442,#10443);
#9175=AXIS2_PLACEMENT_3D('',#13288,#10446,#10447);
#9176=AXIS2_PLACEMENT_3D('',#13291,#10450,#10451);
#9177=AXIS2_PLACEMENT_3D('',#13294,#10454,#10455);
#9178=AXIS2_PLACEMENT_3D('',#13297,#10458,#10459);
#9179=AXIS2_PLACEMENT_3D('',#13300,#10462,#10463);
#9180=AXIS2_PLACEMENT_3D('',#13303,#10466,#10467);
#9181=AXIS2_PLACEMENT_3D('',#13313,#10472,#10473);
#9182=AXIS2_PLACEMENT_3D('',#13315,#10475,#10476);
#9183=AXIS2_PLACEMENT_3D('',#13322,#10480,#10481);
#9184=AXIS2_PLACEMENT_3D('',#13324,#10483,#10484);
#9185=AXIS2_PLACEMENT_3D('',#13328,#10487,#10488);
#9186=AXIS2_PLACEMENT_3D('',#13334,#10492,#10493);
#9187=AXIS2_PLACEMENT_3D('',#13336,#10494,#10495);
#9188=AXIS2_PLACEMENT_3D('',#13338,#10497,#10498);
#9189=AXIS2_PLACEMENT_3D('',#13340,#10500,#10501);
#9190=AXIS2_PLACEMENT_3D('',#13344,#10504,#10505);
#9191=AXIS2_PLACEMENT_3D('',#13345,#10506,#10507);
#9192=AXIS2_PLACEMENT_3D('',#13346,#10508,#10509);
#9193=AXIS2_PLACEMENT_3D('',#13348,#10510,#10511);
#9194=AXIS2_PLACEMENT_3D('',#13351,#10513,#10514);
#9195=AXIS2_PLACEMENT_3D('',#13353,#10516,#10517);
#9196=AXIS2_PLACEMENT_3D('',#13356,#10519,#10520);
#9197=AXIS2_PLACEMENT_3D('',#13357,#10521,#10522);
#9198=AXIS2_PLACEMENT_3D('',#13361,#10524,#10525);
#9199=AXIS2_PLACEMENT_3D('',#13364,#10527,#10528);
#9200=AXIS2_PLACEMENT_3D('',#13365,#10529,#10530);
#9201=AXIS2_PLACEMENT_3D('',#13367,#10532,#10533);
#9202=AXIS2_PLACEMENT_3D('',#13369,#10535,#10536);
#9203=AXIS2_PLACEMENT_3D('',#13370,#10537,#10538);
#9204=AXIS2_PLACEMENT_3D('',#13371,#10539,#10540);
#9205=AXIS2_PLACEMENT_3D('',#13373,#10542,#10543);
#9206=AXIS2_PLACEMENT_3D('',#13375,#10545,#10546);
#9207=AXIS2_PLACEMENT_3D('',#13376,#10547,#10548);
#9208=AXIS2_PLACEMENT_3D('',#13378,#10549,#10550);
#9209=AXIS2_PLACEMENT_3D('',#13380,#10551,#10552);
#9210=AXIS2_PLACEMENT_3D('',#13381,#10553,#10554);
#9211=AXIS2_PLACEMENT_3D('',#13382,#10555,#10556);
#9212=AXIS2_PLACEMENT_3D('',#13384,#10557,#10558);
#9213=AXIS2_PLACEMENT_3D('',#13386,#10559,#10560);
#9214=AXIS2_PLACEMENT_3D('',#13387,#10561,#10562);
#9215=AXIS2_PLACEMENT_3D('',#13388,#10563,#10564);
#9216=AXIS2_PLACEMENT_3D('',#13390,#10566,#10567);
#9217=AXIS2_PLACEMENT_3D('',#13407,#10576,#10577);
#9218=AXIS2_PLACEMENT_3D('',#13413,#10581,#10582);
#9219=AXIS2_PLACEMENT_3D('',#13417,#10585,#10586);
#9220=AXIS2_PLACEMENT_3D('',#13421,#10589,#10590);
#9221=AXIS2_PLACEMENT_3D('',#13425,#10593,#10594);
#9222=AXIS2_PLACEMENT_3D('',#13429,#10597,#10598);
#9223=AXIS2_PLACEMENT_3D('',#13433,#10601,#10602);
#9224=AXIS2_PLACEMENT_3D('',#13437,#10605,#10606);
#9225=AXIS2_PLACEMENT_3D('',#13439,#10608,#10609);
#9226=AXIS2_PLACEMENT_3D('',#13441,#10610,#10611);
#9227=AXIS2_PLACEMENT_3D('',#13444,#10613,#10614);
#9228=AXIS2_PLACEMENT_3D('',#13445,#10615,#10616);
#9229=AXIS2_PLACEMENT_3D('',#13447,#10617,#10618);
#9230=AXIS2_PLACEMENT_3D('',#13450,#10620,#10621);
#9231=AXIS2_PLACEMENT_3D('',#13451,#10622,#10623);
#9232=AXIS2_PLACEMENT_3D('',#13452,#10624,#10625);
#9233=AXIS2_PLACEMENT_3D('',#13461,#10630,#10631);
#9234=AXIS2_PLACEMENT_3D('',#13467,#10635,#10636);
#9235=AXIS2_PLACEMENT_3D('',#13471,#10639,#10640);
#9236=AXIS2_PLACEMENT_3D('',#13475,#10643,#10644);
#9237=AXIS2_PLACEMENT_3D('',#13477,#10646,#10647);
#9238=AXIS2_PLACEMENT_3D('',#13486,#10652,#10653);
#9239=AXIS2_PLACEMENT_3D('',#13492,#10657,#10658);
#9240=AXIS2_PLACEMENT_3D('',#13498,#10662,#10663);
#9241=AXIS2_PLACEMENT_3D('',#13501,#10666,#10667);
#9242=AXIS2_PLACEMENT_3D('',#13502,#10668,#10669);
#9243=AXIS2_PLACEMENT_3D('',#13503,#10670,#10671);
#9244=AXIS2_PLACEMENT_3D('',#13512,#10675,#10676);
#9245=AXIS2_PLACEMENT_3D('',#13515,#10678,#10679);
#9246=AXIS2_PLACEMENT_3D('',#13516,#10680,#10681);
#9247=AXIS2_PLACEMENT_3D('',#13518,#10682,#10683);
#9248=AXIS2_PLACEMENT_3D('',#13522,#10685,#10686);
#9249=AXIS2_PLACEMENT_3D('',#13526,#10688,#10689);
#9250=AXIS2_PLACEMENT_3D('',#13529,#10691,#10692);
#9251=AXIS2_PLACEMENT_3D('',#13530,#10693,#10694);
#9252=AXIS2_PLACEMENT_3D('',#13534,#10696,#10697);
#9253=AXIS2_PLACEMENT_3D('',#13536,#10699,#10700);
#9254=AXIS2_PLACEMENT_3D('',#13544,#10704,#10705);
#9255=AXIS2_PLACEMENT_3D('',#13548,#10707,#10708);
#9256=AXIS2_PLACEMENT_3D('',#13552,#10710,#10711);
#9257=AXIS2_PLACEMENT_3D('',#13556,#10713,#10714);
#9258=AXIS2_PLACEMENT_3D('',#13560,#10716,#10717);
#9259=AXIS2_PLACEMENT_3D('',#13564,#10719,#10720);
#9260=AXIS2_PLACEMENT_3D('',#13568,#10722,#10723);
#9261=AXIS2_PLACEMENT_3D('',#13572,#10725,#10726);
#9262=AXIS2_PLACEMENT_3D('',#13576,#10728,#10729);
#9263=AXIS2_PLACEMENT_3D('',#13580,#10731,#10732);
#9264=AXIS2_PLACEMENT_3D('',#13584,#10734,#10735);
#9265=AXIS2_PLACEMENT_3D('',#13588,#10737,#10738);
#9266=AXIS2_PLACEMENT_3D('',#13592,#10741,#10742);
#9267=AXIS2_PLACEMENT_3D('',#13594,#10743,#10744);
#9268=AXIS2_PLACEMENT_3D('',#13596,#10745,#10746);
#9269=AXIS2_PLACEMENT_3D('',#13602,#10750,#10751);
#9270=AXIS2_PLACEMENT_3D('',#13610,#10755,#10756);
#9271=AXIS2_PLACEMENT_3D('',#13614,#10758,#10759);
#9272=AXIS2_PLACEMENT_3D('',#13618,#10761,#10762);
#9273=AXIS2_PLACEMENT_3D('',#13622,#10764,#10765);
#9274=AXIS2_PLACEMENT_3D('',#13626,#10767,#10768);
#9275=AXIS2_PLACEMENT_3D('',#13630,#10770,#10771);
#9276=AXIS2_PLACEMENT_3D('',#13634,#10773,#10774);
#9277=AXIS2_PLACEMENT_3D('',#13638,#10776,#10777);
#9278=AXIS2_PLACEMENT_3D('',#13642,#10779,#10780);
#9279=AXIS2_PLACEMENT_3D('',#13646,#10782,#10783);
#9280=AXIS2_PLACEMENT_3D('',#13650,#10785,#10786);
#9281=AXIS2_PLACEMENT_3D('',#13654,#10788,#10789);
#9282=AXIS2_PLACEMENT_3D('',#13660,#10793,#10794);
#9283=AXIS2_PLACEMENT_3D('',#13663,#10796,#10797);
#9284=AXIS2_PLACEMENT_3D('',#13664,#10798,#10799);
#9285=AXIS2_PLACEMENT_3D('',#13668,#10801,#10802);
#9286=AXIS2_PLACEMENT_3D('',#13684,#10804,#10805);
#9287=AXIS2_PLACEMENT_3D('',#13703,#10808,#10809);
#9288=AXIS2_PLACEMENT_3D('',#13704,#10810,#10811);
#9289=AXIS2_PLACEMENT_3D('',#13708,#10813,#10814);
#9290=AXIS2_PLACEMENT_3D('',#13710,#10816,#10817);
#9291=AXIS2_PLACEMENT_3D('',#13715,#10820,#10821);
#9292=AXIS2_PLACEMENT_3D('',#13716,#10822,#10823);
#9293=AXIS2_PLACEMENT_3D('',#13720,#10825,#10826);
#9294=AXIS2_PLACEMENT_3D('',#13722,#10828,#10829);
#9295=AXIS2_PLACEMENT_3D('',#13727,#10832,#10833);
#9296=AXIS2_PLACEMENT_3D('',#13728,#10834,#10835);
#9297=AXIS2_PLACEMENT_3D('',#13750,#10836,#10837);
#9298=AXIS2_PLACEMENT_3D('',#13785,#10840,#10841);
#9299=AXIS2_PLACEMENT_3D('',#13786,#10842,#10843);
#9300=AXIS2_PLACEMENT_3D('',#13823,#10846,#10847);
#9301=AXIS2_PLACEMENT_3D('',#13843,#10848,#10849);
#9302=AXIS2_PLACEMENT_3D('',#13844,#10850,#10851);
#9303=AXIS2_PLACEMENT_3D('',#13848,#10853,#10854);
#9304=AXIS2_PLACEMENT_3D('',#13850,#10856,#10857);
#9305=AXIS2_PLACEMENT_3D('',#13855,#10860,#10861);
#9306=AXIS2_PLACEMENT_3D('',#13856,#10862,#10863);
#9307=AXIS2_PLACEMENT_3D('',#13860,#10865,#10866);
#9308=AXIS2_PLACEMENT_3D('',#13862,#10868,#10869);
#9309=AXIS2_PLACEMENT_3D('',#13867,#10872,#10873);
#9310=AXIS2_PLACEMENT_3D('',#13868,#10874,#10875);
#9311=AXIS2_PLACEMENT_3D('',#13890,#10877,#10878);
#9312=AXIS2_PLACEMENT_3D('',#13906,#10880,#10881);
#9313=AXIS2_PLACEMENT_3D('',#13918,#10883,#10884);
#9314=AXIS2_PLACEMENT_3D('',#13944,#10886,#10887);
#9315=AXIS2_PLACEMENT_3D('',#13948,#10889,#10890);
#9316=AXIS2_PLACEMENT_3D('',#13950,#10892,#10893);
#9317=AXIS2_PLACEMENT_3D('',#13955,#10896,#10897);
#9318=AXIS2_PLACEMENT_3D('',#13956,#10898,#10899);
#9319=AXIS2_PLACEMENT_3D('',#13960,#10901,#10902);
#9320=AXIS2_PLACEMENT_3D('',#13962,#10904,#10905);
#9321=AXIS2_PLACEMENT_3D('',#13967,#10908,#10909);
#9322=AXIS2_PLACEMENT_3D('',#13968,#10910,#10911);
#9323=AXIS2_PLACEMENT_3D('',#13972,#10913,#10914);
#9324=AXIS2_PLACEMENT_3D('',#13974,#10916,#10917);
#9325=AXIS2_PLACEMENT_3D('',#13979,#10920,#10921);
#9326=AXIS2_PLACEMENT_3D('',#13980,#10922,#10923);
#9327=AXIS2_PLACEMENT_3D('',#13982,#10924,#10925);
#9328=AXIS2_PLACEMENT_3D('',#13985,#10927,#10928);
#9329=AXIS2_PLACEMENT_3D('',#13986,#10929,#10930);
#9330=AXIS2_PLACEMENT_3D('',#13988,#10931,#10932);
#9331=AXIS2_PLACEMENT_3D('',#13991,#10934,#10935);
#9332=AXIS2_PLACEMENT_3D('',#13992,#10936,#10937);
#9333=AXIS2_PLACEMENT_3D('',#13996,#10939,#10940);
#9334=AXIS2_PLACEMENT_3D('',#13998,#10942,#10943);
#9335=AXIS2_PLACEMENT_3D('',#14003,#10946,#10947);
#9336=AXIS2_PLACEMENT_3D('',#14004,#10948,#10949);
#9337=AXIS2_PLACEMENT_3D('',#14008,#10951,#10952);
#9338=AXIS2_PLACEMENT_3D('',#14010,#10954,#10955);
#9339=AXIS2_PLACEMENT_3D('',#14015,#10958,#10959);
#9340=AXIS2_PLACEMENT_3D('',#14016,#10960,#10961);
#9341=AXIS2_PLACEMENT_3D('',#14029,#10962,#10963);
#9342=AXIS2_PLACEMENT_3D('',#14044,#10965,#10966);
#9343=AXIS2_PLACEMENT_3D('',#14057,#10968,#10969);
#9344=AXIS2_PLACEMENT_3D('',#14068,#10970,#10971);
#9345=AXIS2_PLACEMENT_3D('',#14082,#10973,#10974);
#9346=AXIS2_PLACEMENT_3D('',#14097,#10976,#10977);
#9347=AXIS2_PLACEMENT_3D('',#14119,#10978,#10979);
#9348=AXIS2_PLACEMENT_3D('',#14120,#10980,#10981);
#9349=AXIS2_PLACEMENT_3D('',#14122,#10982,#10983);
#9350=AXIS2_PLACEMENT_3D('',#14142,#10986,#10987);
#9351=AXIS2_PLACEMENT_3D('',#14144,#10989,#10990);
#9352=AXIS2_PLACEMENT_3D('',#14148,#10992,#10993);
#9353=AXIS2_PLACEMENT_3D('',#14167,#10996,#10997);
#9354=AXIS2_PLACEMENT_3D('',#14168,#10998,#10999);
#9355=AXIS2_PLACEMENT_3D('',#14170,#11000,#11001);
#9356=AXIS2_PLACEMENT_3D('',#14172,#11003,#11004);
#9357=AXIS2_PLACEMENT_3D('',#14175,#11006,#11007);
#9358=AXIS2_PLACEMENT_3D('',#14177,#11009,#11010);
#9359=AXIS2_PLACEMENT_3D('',#14199,#11028,#11029);
#9360=AXIS2_PLACEMENT_3D('',#14201,#11031,#11032);
#9361=AXIS2_PLACEMENT_3D('',#14203,#11034,#11035);
#9362=AXIS2_PLACEMENT_3D('',#14204,#11036,#11037);
#9363=AXIS2_PLACEMENT_3D('',#14205,#11038,#11039);
#9364=AXIS2_PLACEMENT_3D('',#14206,#11040,#11041);
#9365=AXIS2_PLACEMENT_3D('',#14208,#11042,#11043);
#9366=AXIS2_PLACEMENT_3D('',#14211,#11045,#11046);
#9367=AXIS2_PLACEMENT_3D('',#14212,#11047,#11048);
#9368=AXIS2_PLACEMENT_3D('',#14213,#11049,#11050);
#9369=AXIS2_PLACEMENT_3D('',#14214,#11051,#11052);
#9370=AXIS2_PLACEMENT_3D('',#14216,#11054,#11055);
#9371=AXIS2_PLACEMENT_3D('',#14217,#11056,#11057);
#9372=AXIS2_PLACEMENT_3D('',#14218,#11058,#11059);
#9373=AXIS2_PLACEMENT_3D('',#14219,#11060,#11061);
#9374=AXIS2_PLACEMENT_3D('',#14220,#11062,#11063);
#9375=AXIS2_PLACEMENT_3D('',#14221,#11064,#11065);
#9376=AXIS2_PLACEMENT_3D('',#14222,#11066,#11067);
#9377=AXIS2_PLACEMENT_3D('',#14226,#11070,#11071);
#9378=AXIS2_PLACEMENT_3D('',#14227,#11072,#11073);
#9379=AXIS2_PLACEMENT_3D('',#14228,#11074,#11075);
#9380=AXIS2_PLACEMENT_3D('',#14229,#11076,#11077);
#9381=AXIS2_PLACEMENT_3D('',#14230,#11078,#11079);
#9382=AXIS2_PLACEMENT_3D('',#14231,#11080,#11081);
#9383=AXIS2_PLACEMENT_3D('',#14232,#11082,#11083);
#9384=AXIS2_PLACEMENT_3D('',#14233,#11084,#11085);
#9385=AXIS2_PLACEMENT_3D('',#14234,#11086,#11087);
#9386=AXIS2_PLACEMENT_3D('',#14236,#11089,#11090);
#9387=AXIS2_PLACEMENT_3D('',#14238,#11091,#11092);
#9388=AXIS2_PLACEMENT_3D('',#14242,#11094,#11095);
#9389=AXIS2_PLACEMENT_3D('',#14244,#11097,#11098);
#9390=AXIS2_PLACEMENT_3D('',#14245,#11099,#11100);
#9391=AXIS2_PLACEMENT_3D('',#14249,#11103,#11104);
#9392=AXIS2_PLACEMENT_3D('',#14251,#11106,#11107);
#9393=AXIS2_PLACEMENT_3D('',#14253,#11109,#11110);
#9394=AXIS2_PLACEMENT_3D('',#14255,#11111,#11112);
#9395=AXIS2_PLACEMENT_3D('',#14257,#11114,#11115);
#9396=AXIS2_PLACEMENT_3D('',#14259,#11117,#11118);
#9397=AXIS2_PLACEMENT_3D('',#14261,#11120,#11121);
#9398=AXIS2_PLACEMENT_3D('',#14263,#11123,#11124);
#9399=AXIS2_PLACEMENT_3D('',#14267,#11127,#11128);
#9400=AXIS2_PLACEMENT_3D('',#14269,#11130,#11131);
#9401=AXIS2_PLACEMENT_3D('',#14271,#11133,#11134);
#9402=AXIS2_PLACEMENT_3D('',#14273,#11136,#11137);
#9403=AXIS2_PLACEMENT_3D('',#14275,#11139,#11140);
#9404=AXIS2_PLACEMENT_3D('',#14277,#11142,#11143);
#9405=AXIS2_PLACEMENT_3D('',#14278,#11144,#11145);
#9406=AXIS2_PLACEMENT_3D('',#14279,#11146,#11147);
#9407=AXIS2_PLACEMENT_3D('',#14280,#11148,#11149);
#9408=AXIS2_PLACEMENT_3D('',#14284,#11152,#11153);
#9409=AXIS2_PLACEMENT_3D('',#14286,#11155,#11156);
#9410=AXIS2_PLACEMENT_3D('',#14287,#11157,#11158);
#9411=AXIS2_PLACEMENT_3D('',#14289,#11160,#11161);
#9412=AXIS2_PLACEMENT_3D('',#14290,#11162,#11163);
#9413=AXIS2_PLACEMENT_3D('',#14291,#11164,#11165);
#9414=AXIS2_PLACEMENT_3D('',#14295,#11168,#11169);
#9415=AXIS2_PLACEMENT_3D('',#14299,#11172,#11173);
#9416=AXIS2_PLACEMENT_3D('',#14301,#11174,#11175);
#9417=AXIS2_PLACEMENT_3D('',#14302,#11176,#11177);
#9418=AXIS2_PLACEMENT_3D('',#14306,#11179,#11180);
#9419=AXIS2_PLACEMENT_3D('',#14315,#11181,#11182);
#9420=AXIS2_PLACEMENT_3D('',#14322,#11183,#11184);
#9421=AXIS2_PLACEMENT_3D('',#14324,#11185,#11186);
#9422=AXIS2_PLACEMENT_3D('',#14333,#11187,#11188);
#9423=AXIS2_PLACEMENT_3D('',#14342,#11189,#11190);
#9424=AXIS2_PLACEMENT_3D('',#14344,#11192,#11193);
#9425=AXIS2_PLACEMENT_3D('',#14345,#11194,#11195);
#9426=AXIS2_PLACEMENT_3D('',#14350,#11199,#11200);
#9427=AXIS2_PLACEMENT_3D('',#14354,#11204,#11205);
#9428=AXIS2_PLACEMENT_3D('',#14356,#11207,#11208);
#9429=AXIS2_PLACEMENT_3D('',#14357,#11209,#11210);
#9430=AXIS2_PLACEMENT_3D('',#14358,#11211,#11212);
#9431=AXIS2_PLACEMENT_3D('',#14359,#11213,#11214);
#9432=AXIS2_PLACEMENT_3D('',#14361,#11216,#11217);
#9433=AXIS2_PLACEMENT_3D('',#14363,#11219,#11220);
#9434=AXIS2_PLACEMENT_3D('',#14364,#11221,#11222);
#9435=AXIS2_PLACEMENT_3D('',#14366,#11224,#11225);
#9436=AXIS2_PLACEMENT_3D('',#14371,#11228,#11229);
#9437=AXIS2_PLACEMENT_3D('',#14374,#11231,#11232);
#9438=AXIS2_PLACEMENT_3D('',#14375,#11233,#11234);
#9439=AXIS2_PLACEMENT_3D('',#14377,#11236,#11237);
#9440=AXIS2_PLACEMENT_3D('',#14379,#11239,#11240);
#9441=AXIS2_PLACEMENT_3D('',#14380,#11241,#11242);
#9442=AXIS2_PLACEMENT_3D('',#14381,#11243,#11244);
#9443=AXIS2_PLACEMENT_3D('',#14382,#11245,#11246);
#9444=AXIS2_PLACEMENT_3D('',#14383,#11247,#11248);
#9445=AXIS2_PLACEMENT_3D('',#14384,#11249,#11250);
#9446=AXIS2_PLACEMENT_3D('',#14386,#11252,#11253);
#9447=AXIS2_PLACEMENT_3D('',#14388,#11255,#11256);
#9448=AXIS2_PLACEMENT_3D('',#14390,#11258,#11259);
#9449=AXIS2_PLACEMENT_3D('',#14391,#11260,#11261);
#9450=AXIS2_PLACEMENT_3D('',#14400,#11266,#11267);
#9451=AXIS2_PLACEMENT_3D('',#14402,#11268,#11269);
#9452=AXIS2_PLACEMENT_3D('',#14405,#11271,#11272);
#9453=AXIS2_PLACEMENT_3D('',#14406,#11273,#11274);
#9454=AXIS2_PLACEMENT_3D('',#14412,#11278,#11279);
#9455=AXIS2_PLACEMENT_3D('',#14414,#11280,#11281);
#9456=AXIS2_PLACEMENT_3D('',#14417,#11283,#11284);
#9457=AXIS2_PLACEMENT_3D('',#14418,#11285,#11286);
#9458=AXIS2_PLACEMENT_3D('',#14424,#11290,#11291);
#9459=AXIS2_PLACEMENT_3D('',#14426,#11292,#11293);
#9460=AXIS2_PLACEMENT_3D('',#14429,#11295,#11296);
#9461=AXIS2_PLACEMENT_3D('',#14430,#11297,#11298);
#9462=AXIS2_PLACEMENT_3D('',#14436,#11302,#11303);
#9463=AXIS2_PLACEMENT_3D('',#14438,#11304,#11305);
#9464=AXIS2_PLACEMENT_3D('',#14441,#11307,#11308);
#9465=AXIS2_PLACEMENT_3D('',#14442,#11309,#11310);
#9466=AXIS2_PLACEMENT_3D('',#14444,#11311,#11312);
#9467=AXIS2_PLACEMENT_3D('',#14447,#11314,#11315);
#9468=AXIS2_PLACEMENT_3D('',#14448,#11316,#11317);
#9469=AXIS2_PLACEMENT_3D('',#14450,#11318,#11319);
#9470=AXIS2_PLACEMENT_3D('',#14453,#11321,#11322);
#9471=AXIS2_PLACEMENT_3D('',#14454,#11323,#11324);
#9472=AXIS2_PLACEMENT_3D('',#14456,#11325,#11326);
#9473=AXIS2_PLACEMENT_3D('',#14459,#11328,#11329);
#9474=AXIS2_PLACEMENT_3D('',#14460,#11330,#11331);
#9475=AXIS2_PLACEMENT_3D('',#14462,#11332,#11333);
#9476=AXIS2_PLACEMENT_3D('',#14465,#11335,#11336);
#9477=AXIS2_PLACEMENT_3D('',#14466,#11337,#11338);
#9478=AXIS2_PLACEMENT_3D('',#14468,#11339,#11340);
#9479=AXIS2_PLACEMENT_3D('',#14471,#11342,#11343);
#9480=AXIS2_PLACEMENT_3D('',#14472,#11344,#11345);
#9481=AXIS2_PLACEMENT_3D('',#14474,#11346,#11347);
#9482=AXIS2_PLACEMENT_3D('',#14477,#11349,#11350);
#9483=AXIS2_PLACEMENT_3D('',#14478,#11351,#11352);
#9484=AXIS2_PLACEMENT_3D('',#14484,#11356,#11357);
#9485=AXIS2_PLACEMENT_3D('',#14485,#11358,#11359);
#9486=AXIS2_PLACEMENT_3D('',#14486,#11360,#11361);
#9487=AXIS2_PLACEMENT_3D('',#14487,#11362,#11363);
#9488=AXIS2_PLACEMENT_3D('',#14493,#11367,#11368);
#9489=AXIS2_PLACEMENT_3D('',#14495,#11369,#11370);
#9490=AXIS2_PLACEMENT_3D('',#14497,#11372,#11373);
#9491=AXIS2_PLACEMENT_3D('',#14499,#11374,#11375);
#9492=AXIS2_PLACEMENT_3D('',#14501,#11377,#11378);
#9493=AXIS2_PLACEMENT_3D('',#14503,#11379,#11380);
#9494=AXIS2_PLACEMENT_3D('',#14512,#11381,#11382);
#9495=AXIS2_PLACEMENT_3D('',#14514,#11383,#11384);
#9496=AXIS2_PLACEMENT_3D('',#14525,#11385,#11386);
#9497=AXIS2_PLACEMENT_3D('',#14527,#11387,#11388);
#9498=AXIS2_PLACEMENT_3D('',#14529,#11390,#11391);
#9499=AXIS2_PLACEMENT_3D('',#14531,#11392,#11393);
#9500=AXIS2_PLACEMENT_3D('',#14533,#11395,#11396);
#9501=AXIS2_PLACEMENT_3D('',#14535,#11397,#11398);
#9502=AXIS2_PLACEMENT_3D('',#14537,#11400,#11401);
#9503=AXIS2_PLACEMENT_3D('',#14541,#11404,#11405);
#9504=AXIS2_PLACEMENT_3D('',#14543,#11406,#11407);
#9505=AXIS2_PLACEMENT_3D('',#14545,#11409,#11410);
#9506=AXIS2_PLACEMENT_3D('',#14549,#11413,#11414);
#9507=AXIS2_PLACEMENT_3D('',#14551,#11415,#11416);
#9508=AXIS2_PLACEMENT_3D('',#14553,#11418,#11419);
#9509=AXIS2_PLACEMENT_3D('',#14557,#11422,#11423);
#9510=AXIS2_PLACEMENT_3D('',#14559,#11424,#11425);
#9511=AXIS2_PLACEMENT_3D('',#14561,#11427,#11428);
#9512=AXIS2_PLACEMENT_3D('',#14565,#11431,#11432);
#9513=AXIS2_PLACEMENT_3D('',#14566,#11433,#11434);
#9514=AXIS2_PLACEMENT_3D('',#14567,#11435,#11436);
#9515=AXIS2_PLACEMENT_3D('',#14576,#11441,#11442);
#9516=AXIS2_PLACEMENT_3D('',#14578,#11443,#11444);
#9517=AXIS2_PLACEMENT_3D('',#14580,#11445,#11446);
#9518=AXIS2_PLACEMENT_3D('',#14582,#11448,#11449);
#9519=AXIS2_PLACEMENT_3D('',#14588,#11453,#11454);
#9520=AXIS2_PLACEMENT_3D('',#14590,#11455,#11456);
#9521=AXIS2_PLACEMENT_3D('',#14592,#11457,#11458);
#9522=AXIS2_PLACEMENT_3D('',#14594,#11460,#11461);
#9523=AXIS2_PLACEMENT_3D('',#14600,#11465,#11466);
#9524=AXIS2_PLACEMENT_3D('',#14602,#11467,#11468);
#9525=AXIS2_PLACEMENT_3D('',#14604,#11469,#11470);
#9526=AXIS2_PLACEMENT_3D('',#14606,#11472,#11473);
#9527=AXIS2_PLACEMENT_3D('',#14612,#11477,#11478);
#9528=AXIS2_PLACEMENT_3D('',#14614,#11479,#11480);
#9529=AXIS2_PLACEMENT_3D('',#14616,#11481,#11482);
#9530=AXIS2_PLACEMENT_3D('',#14618,#11484,#11485);
#9531=AXIS2_PLACEMENT_3D('',#14620,#11486,#11487);
#9532=AXIS2_PLACEMENT_3D('',#14622,#11488,#11489);
#9533=AXIS2_PLACEMENT_3D('',#14624,#11491,#11492);
#9534=AXIS2_PLACEMENT_3D('',#14626,#11493,#11494);
#9535=AXIS2_PLACEMENT_3D('',#14628,#11495,#11496);
#9536=AXIS2_PLACEMENT_3D('',#14630,#11498,#11499);
#9537=AXIS2_PLACEMENT_3D('',#14632,#11500,#11501);
#9538=AXIS2_PLACEMENT_3D('',#14634,#11502,#11503);
#9539=AXIS2_PLACEMENT_3D('',#14636,#11505,#11506);
#9540=AXIS2_PLACEMENT_3D('',#14638,#11507,#11508);
#9541=AXIS2_PLACEMENT_3D('',#14640,#11509,#11510);
#9542=AXIS2_PLACEMENT_3D('',#14642,#11512,#11513);
#9543=AXIS2_PLACEMENT_3D('',#14644,#11514,#11515);
#9544=AXIS2_PLACEMENT_3D('',#14646,#11516,#11517);
#9545=AXIS2_PLACEMENT_3D('',#14648,#11519,#11520);
#9546=AXIS2_PLACEMENT_3D('',#14650,#11521,#11522);
#9547=AXIS2_PLACEMENT_3D('',#14652,#11523,#11524);
#9548=AXIS2_PLACEMENT_3D('',#14654,#11526,#11527);
#9549=AXIS2_PLACEMENT_3D('',#14660,#11531,#11532);
#9550=AXIS2_PLACEMENT_3D('',#14661,#11533,#11534);
#9551=AXIS2_PLACEMENT_3D('',#14662,#11535,#11536);
#9552=AXIS2_PLACEMENT_3D('',#14663,#11537,#11538);
#9553=AXIS2_PLACEMENT_3D('',#14664,#11539,#11540);
#9554=AXIS2_PLACEMENT_3D('',#14670,#11544,#11545);
#9555=AXIS2_PLACEMENT_3D('',#14672,#11546,#11547);
#9556=AXIS2_PLACEMENT_3D('',#14674,#11549,#11550);
#9557=AXIS2_PLACEMENT_3D('',#14676,#11551,#11552);
#9558=AXIS2_PLACEMENT_3D('',#14678,#11554,#11555);
#9559=AXIS2_PLACEMENT_3D('',#14680,#11556,#11557);
#9560=AXIS2_PLACEMENT_3D('',#14685,#11558,#11559);
#9561=AXIS2_PLACEMENT_3D('',#14687,#11560,#11561);
#9562=AXIS2_PLACEMENT_3D('',#14692,#11562,#11563);
#9563=AXIS2_PLACEMENT_3D('',#14694,#11564,#11565);
#9564=AXIS2_PLACEMENT_3D('',#14696,#11567,#11568);
#9565=AXIS2_PLACEMENT_3D('',#14698,#11569,#11570);
#9566=AXIS2_PLACEMENT_3D('',#14700,#11572,#11573);
#9567=AXIS2_PLACEMENT_3D('',#14702,#11574,#11575);
#9568=AXIS2_PLACEMENT_3D('',#14704,#11577,#11578);
#9569=AXIS2_PLACEMENT_3D('',#14708,#11581,#11582);
#9570=AXIS2_PLACEMENT_3D('',#14710,#11583,#11584);
#9571=AXIS2_PLACEMENT_3D('',#14712,#11586,#11587);
#9572=AXIS2_PLACEMENT_3D('',#14716,#11590,#11591);
#9573=AXIS2_PLACEMENT_3D('',#14718,#11592,#11593);
#9574=AXIS2_PLACEMENT_3D('',#14720,#11595,#11596);
#9575=AXIS2_PLACEMENT_3D('',#14724,#11599,#11600);
#9576=AXIS2_PLACEMENT_3D('',#14726,#11601,#11602);
#9577=AXIS2_PLACEMENT_3D('',#14728,#11604,#11605);
#9578=AXIS2_PLACEMENT_3D('',#14732,#11608,#11609);
#9579=AXIS2_PLACEMENT_3D('',#14733,#11610,#11611);
#9580=AXIS2_PLACEMENT_3D('',#14734,#11612,#11613);
#9581=AXIS2_PLACEMENT_3D('',#14735,#11614,#11615);
#9582=AXIS2_PLACEMENT_3D('',#14761,#11617,#11618);
#9583=AXIS2_PLACEMENT_3D('',#14825,#11620,#11621);
#9584=AXIS2_PLACEMENT_3D('',#14889,#11623,#11624);
#9585=AXIS2_PLACEMENT_3D('',#14944,#11626,#11627);
#9586=AXIS2_PLACEMENT_3D('',#15005,#11628,#11629);
#9587=AXIS2_PLACEMENT_3D('',#15007,#11630,#11631);
#9588=AXIS2_PLACEMENT_3D('',#15010,#11633,#11634);
#9589=AXIS2_PLACEMENT_3D('',#15011,#11635,#11636);
#9590=AXIS2_PLACEMENT_3D('',#15342,#11637,#11638);
#9591=AXIS2_PLACEMENT_3D('',#15390,#11639,#11640);
#9592=AXIS2_PLACEMENT_3D('',#15391,#11641,#11642);
#9593=AXIS2_PLACEMENT_3D('',#15393,#11643,#11644);
#9594=AXIS2_PLACEMENT_3D('',#15395,#11646,#11647);
#9595=AXIS2_PLACEMENT_3D('',#15396,#11648,#11649);
#9596=AXIS2_PLACEMENT_3D('',#15726,#11650,#11651);
#9597=AXIS2_PLACEMENT_3D('',#15743,#11658,#11659);
#9598=AXIS2_PLACEMENT_3D('',#15764,#11666,#11667);
#9599=AXIS2_PLACEMENT_3D('',#15781,#11674,#11675);
#9600=AXIS2_PLACEMENT_3D('',#15789,#11680,#11681);
#9601=AXIS2_PLACEMENT_3D('',#15797,#11686,#11687);
#9602=AXIS2_PLACEMENT_3D('',#15799,#11688,#11689);
#9603=AXIS2_PLACEMENT_3D('',#15803,#11691,#11692);
#9604=AXIS2_PLACEMENT_3D('',#15805,#11694,#11695);
#9605=AXIS2_PLACEMENT_3D('',#15809,#11698,#11699);
#9606=AXIS2_PLACEMENT_3D('',#15810,#11700,#11701);
#9607=AXIS2_PLACEMENT_3D('',#15813,#11703,#11704);
#9608=AXIS2_PLACEMENT_3D('',#15814,#11705,#11706);
#9609=AXIS2_PLACEMENT_3D('',#15818,#11709,#11710);
#9610=AXIS2_PLACEMENT_3D('',#15819,#11711,#11712);
#9611=AXIS2_PLACEMENT_3D('',#15822,#11714,#11715);
#9612=AXIS2_PLACEMENT_3D('',#15823,#11716,#11717);
#9613=AXIS2_PLACEMENT_3D('',#15827,#11720,#11721);
#9614=AXIS2_PLACEMENT_3D('',#15828,#11722,#11723);
#9615=AXIS2_PLACEMENT_3D('',#15831,#11725,#11726);
#9616=AXIS2_PLACEMENT_3D('',#15832,#11727,#11728);
#9617=AXIS2_PLACEMENT_3D('',#15836,#11731,#11732);
#9618=AXIS2_PLACEMENT_3D('',#15837,#11733,#11734);
#9619=AXIS2_PLACEMENT_3D('',#15840,#11736,#11737);
#9620=AXIS2_PLACEMENT_3D('',#15841,#11738,#11739);
#9621=AXIS2_PLACEMENT_3D('',#15845,#11742,#11743);
#9622=AXIS2_PLACEMENT_3D('',#15847,#11744,#11745);
#9623=AXIS2_PLACEMENT_3D('',#15850,#11747,#11748);
#9624=AXIS2_PLACEMENT_3D('',#15851,#11749,#11750);
#9625=AXIS2_PLACEMENT_3D('',#15857,#11754,#11755);
#9626=AXIS2_PLACEMENT_3D('',#15859,#11756,#11757);
#9627=AXIS2_PLACEMENT_3D('',#15862,#11759,#11760);
#9628=AXIS2_PLACEMENT_3D('',#15863,#11761,#11762);
#9629=AXIS2_PLACEMENT_3D('',#15869,#11766,#11767);
#9630=AXIS2_PLACEMENT_3D('',#15871,#11768,#11769);
#9631=AXIS2_PLACEMENT_3D('',#15874,#11771,#11772);
#9632=AXIS2_PLACEMENT_3D('',#15875,#11773,#11774);
#9633=AXIS2_PLACEMENT_3D('',#15878,#11777,#11778);
#9634=AXIS2_PLACEMENT_3D('',#15887,#11780,#11781);
#9635=AXIS2_PLACEMENT_3D('',#15891,#11782,#11783);
#9636=AXIS2_PLACEMENT_3D('',#15892,#11784,#11785);
#9637=AXIS2_PLACEMENT_3D('',#15894,#11787,#11788);
#9638=AXIS2_PLACEMENT_3D('',#15898,#11789,#11790);
#9639=AXIS2_PLACEMENT_3D('',#15899,#11791,#11792);
#9640=AXIS2_PLACEMENT_3D('',#15901,#11794,#11795);
#9641=AXIS2_PLACEMENT_3D('',#15902,#11796,#11797);
#9642=AXIS2_PLACEMENT_3D('',#15903,#11798,#11799);
#9643=AXIS2_PLACEMENT_3D('',#15904,#11800,#11801);
#9644=AXIS2_PLACEMENT_3D('',#15905,#11802,#11803);
#9645=AXIS2_PLACEMENT_3D('',#15906,#11804,#11805);
#9646=AXIS2_PLACEMENT_3D('',#15907,#11806,#11807);
#9647=AXIS2_PLACEMENT_3D('',#15908,#11808,#11809);
#9648=AXIS2_PLACEMENT_3D('',#15911,#11811,#11812);
#9649=AXIS2_PLACEMENT_3D('',#15914,#11813,#11814);
#9650=AXIS2_PLACEMENT_3D('',#15918,#11816,#11817);
#9651=AXIS2_PLACEMENT_3D('',#15920,#11819,#11820);
#9652=AXIS2_PLACEMENT_3D('',#15926,#11824,#11825);
#9653=AXIS2_PLACEMENT_3D('',#15928,#11826,#11827);
#9654=AXIS2_PLACEMENT_3D('',#15930,#11828,#11829);
#9655=AXIS2_PLACEMENT_3D('',#15932,#11831,#11832);
#9656=AXIS2_PLACEMENT_3D('',#15938,#11836,#11837);
#9657=AXIS2_PLACEMENT_3D('',#15940,#11838,#11839);
#9658=AXIS2_PLACEMENT_3D('',#15942,#11840,#11841);
#9659=AXIS2_PLACEMENT_3D('',#15944,#11843,#11844);
#9660=AXIS2_PLACEMENT_3D('',#15950,#11848,#11849);
#9661=AXIS2_PLACEMENT_3D('',#15952,#11850,#11851);
#9662=AXIS2_PLACEMENT_3D('',#15954,#11852,#11853);
#9663=AXIS2_PLACEMENT_3D('',#15956,#11855,#11856);
#9664=AXIS2_PLACEMENT_3D('',#15962,#11860,#11861);
#9665=AXIS2_PLACEMENT_3D('',#15964,#11862,#11863);
#9666=AXIS2_PLACEMENT_3D('',#15966,#11864,#11865);
#9667=AXIS2_PLACEMENT_3D('',#15968,#11867,#11868);
#9668=AXIS2_PLACEMENT_3D('',#15974,#11872,#11873);
#9669=AXIS2_PLACEMENT_3D('',#15976,#11874,#11875);
#9670=AXIS2_PLACEMENT_3D('',#15978,#11876,#11877);
#9671=AXIS2_PLACEMENT_3D('',#15980,#11879,#11880);
#9672=AXIS2_PLACEMENT_3D('',#15986,#11884,#11885);
#9673=AXIS2_PLACEMENT_3D('',#15988,#11886,#11887);
#9674=AXIS2_PLACEMENT_3D('',#15990,#11888,#11889);
#9675=AXIS2_PLACEMENT_3D('',#15992,#11891,#11892);
#9676=AXIS2_PLACEMENT_3D('',#15998,#11896,#11897);
#9677=AXIS2_PLACEMENT_3D('',#16000,#11898,#11899);
#9678=AXIS2_PLACEMENT_3D('',#16002,#11900,#11901);
#9679=AXIS2_PLACEMENT_3D('',#16004,#11903,#11904);
#9680=AXIS2_PLACEMENT_3D('',#16007,#11907,#11908);
#9681=AXIS2_PLACEMENT_3D('',#16008,#11909,#11910);
#9682=AXIS2_PLACEMENT_3D('',#16016,#11913,#11914);
#9683=AXIS2_PLACEMENT_3D('',#16018,#11915,#11916);
#9684=AXIS2_PLACEMENT_3D('',#16022,#11917,#11918);
#9685=AXIS2_PLACEMENT_3D('',#16026,#11921,#11922);
#9686=AXIS2_PLACEMENT_3D('',#16028,#11923,#11924);
#9687=AXIS2_PLACEMENT_3D('',#16032,#11925,#11926);
#9688=AXIS2_PLACEMENT_3D('',#16036,#11929,#11930);
#9689=AXIS2_PLACEMENT_3D('',#16038,#11931,#11932);
#9690=AXIS2_PLACEMENT_3D('',#16040,#11934,#11935);
#9691=AXIS2_PLACEMENT_3D('',#16044,#11938,#11939);
#9692=AXIS2_PLACEMENT_3D('',#16046,#11940,#11941);
#9693=AXIS2_PLACEMENT_3D('',#16048,#11943,#11944);
#9694=AXIS2_PLACEMENT_3D('',#16052,#11947,#11948);
#9695=AXIS2_PLACEMENT_3D('',#16054,#11949,#11950);
#9696=AXIS2_PLACEMENT_3D('',#16056,#11952,#11953);
#9697=AXIS2_PLACEMENT_3D('',#16060,#11956,#11957);
#9698=AXIS2_PLACEMENT_3D('',#16062,#11958,#11959);
#9699=AXIS2_PLACEMENT_3D('',#16064,#11961,#11962);
#9700=AXIS2_PLACEMENT_3D('',#16068,#11965,#11966);
#9701=AXIS2_PLACEMENT_3D('',#16070,#11967,#11968);
#9702=AXIS2_PLACEMENT_3D('',#16072,#11970,#11971);
#9703=AXIS2_PLACEMENT_3D('',#16076,#11974,#11975);
#9704=AXIS2_PLACEMENT_3D('',#16077,#11976,#11977);
#9705=AXIS2_PLACEMENT_3D('',#16078,#11978,#11979);
#9706=AXIS2_PLACEMENT_3D('',#16079,#11980,#11981);
#9707=AXIS2_PLACEMENT_3D('',#16081,#11982,#11983);
#9708=AXIS2_PLACEMENT_3D('',#16085,#11985,#11986);
#9709=AXIS2_PLACEMENT_3D('',#16086,#11987,#11988);
#9710=AXIS2_PLACEMENT_3D('',#16087,#11989,#11990);
#9711=AXIS2_PLACEMENT_3D('',#16090,#11992,#11993);
#9712=AXIS2_PLACEMENT_3D('',#16091,#11994,#11995);
#9713=AXIS2_PLACEMENT_3D('',#16092,#11996,#11997);
#9714=AXIS2_PLACEMENT_3D('',#16106,#11998,#11999);
#9715=AXIS2_PLACEMENT_3D('',#16118,#12000,#12001);
#9716=AXIS2_PLACEMENT_3D('',#16119,#12002,#12003);
#9717=AXIS2_PLACEMENT_3D('',#16123,#12005,#12006);
#9718=AXIS2_PLACEMENT_3D('',#16125,#12008,#12009);
#9719=AXIS2_PLACEMENT_3D('',#16139,#12010,#12011);
#9720=AXIS2_PLACEMENT_3D('',#16151,#12012,#12013);
#9721=AXIS2_PLACEMENT_3D('',#16152,#12014,#12015);
#9722=AXIS2_PLACEMENT_3D('',#16156,#12017,#12018);
#9723=AXIS2_PLACEMENT_3D('',#16158,#12020,#12021);
#9724=AXIS2_PLACEMENT_3D('',#16172,#12022,#12023);
#9725=AXIS2_PLACEMENT_3D('',#16184,#12024,#12025);
#9726=AXIS2_PLACEMENT_3D('',#16185,#12026,#12027);
#9727=AXIS2_PLACEMENT_3D('',#16189,#12029,#12030);
#9728=AXIS2_PLACEMENT_3D('',#16191,#12031,#12032);
#9729=AXIS2_PLACEMENT_3D('',#16193,#12034,#12035);
#9730=AXIS2_PLACEMENT_3D('',#16207,#12036,#12037);
#9731=AXIS2_PLACEMENT_3D('',#16219,#12038,#12039);
#9732=AXIS2_PLACEMENT_3D('',#16220,#12040,#12041);
#9733=AXIS2_PLACEMENT_3D('',#16224,#12043,#12044);
#9734=AXIS2_PLACEMENT_3D('',#16226,#12046,#12047);
#9735=AXIS2_PLACEMENT_3D('',#16229,#12048,#12049);
#9736=AXIS2_PLACEMENT_3D('',#16230,#12050,#12051);
#9737=AXIS2_PLACEMENT_3D('',#16232,#12052,#12053);
#9738=AXIS2_PLACEMENT_3D('',#16233,#12054,#12055);
#9739=AXIS2_PLACEMENT_3D('',#16234,#12056,#12057);
#9740=AXIS2_PLACEMENT_3D('',#16236,#12058,#12059);
#9741=AXIS2_PLACEMENT_3D('',#16250,#12060,#12061);
#9742=AXIS2_PLACEMENT_3D('',#16252,#12062,#12063);
#9743=AXIS2_PLACEMENT_3D('',#16266,#12064,#12065);
#9744=AXIS2_PLACEMENT_3D('',#16268,#12066,#12067);
#9745=AXIS2_PLACEMENT_3D('',#16282,#12068,#12069);
#9746=AXIS2_PLACEMENT_3D('',#16284,#12070,#12071);
#9747=AXIS2_PLACEMENT_3D('',#16298,#12072,#12073);
#9748=AXIS2_PLACEMENT_3D('',#16299,#12074,#12075);
#9749=AXIS2_PLACEMENT_3D('',#16301,#12076,#12077);
#9750=AXIS2_PLACEMENT_3D('',#16303,#12079,#12080);
#9751=AXIS2_PLACEMENT_3D('',#16309,#12082,#12083);
#9752=AXIS2_PLACEMENT_3D('',#16315,#12085,#12086);
#9753=AXIS2_PLACEMENT_3D('',#16332,#12088,#12089);
#9754=AXIS2_PLACEMENT_3D('',#16336,#12090,#12091);
#9755=AXIS2_PLACEMENT_3D('',#16342,#12093,#12094);
#9756=AXIS2_PLACEMENT_3D('',#16359,#12096,#12097);
#9757=AXIS2_PLACEMENT_3D('',#16376,#12099,#12100);
#9758=AXIS2_PLACEMENT_3D('',#16382,#12102,#12103);
#9759=AXIS2_PLACEMENT_3D('',#16386,#12104,#12105);
#9760=AXIS2_PLACEMENT_3D('',#16392,#12107,#12108);
#9761=AXIS2_PLACEMENT_3D('',#16407,#12109,#12110);
#9762=AXIS2_PLACEMENT_3D('',#16411,#12111,#12112);
#9763=AXIS2_PLACEMENT_3D('',#16414,#12114,#12115);
#9764=AXIS2_PLACEMENT_3D('',#16416,#12116,#12117);
#9765=AXIS2_PLACEMENT_3D('',#16417,#12118,#12119);
#9766=AXIS2_PLACEMENT_3D('',#16419,#12120,#12121);
#9767=AXIS2_PLACEMENT_3D('',#16421,#12123,#12124);
#9768=AXIS2_PLACEMENT_3D('',#16423,#12126,#12127);
#9769=AXIS2_PLACEMENT_3D('',#16425,#12128,#12129);
#9770=AXIS2_PLACEMENT_3D('',#16429,#12131,#12132);
#9771=AXIS2_PLACEMENT_3D('',#16430,#12133,#12134);
#9772=AXIS2_PLACEMENT_3D('',#16431,#12135,#12136);
#9773=AXIS2_PLACEMENT_3D('',#16434,#12138,#12139);
#9774=AXIS2_PLACEMENT_3D('',#16435,#12140,#12141);
#9775=AXIS2_PLACEMENT_3D('',#16436,#12142,#12143);
#9776=AXIS2_PLACEMENT_3D('',#16450,#12144,#12145);
#9777=AXIS2_PLACEMENT_3D('',#16462,#12146,#12147);
#9778=AXIS2_PLACEMENT_3D('',#16463,#12148,#12149);
#9779=AXIS2_PLACEMENT_3D('',#16467,#12151,#12152);
#9780=AXIS2_PLACEMENT_3D('',#16469,#12154,#12155);
#9781=AXIS2_PLACEMENT_3D('',#16483,#12156,#12157);
#9782=AXIS2_PLACEMENT_3D('',#16495,#12158,#12159);
#9783=AXIS2_PLACEMENT_3D('',#16496,#12160,#12161);
#9784=AXIS2_PLACEMENT_3D('',#16500,#12163,#12164);
#9785=AXIS2_PLACEMENT_3D('',#16502,#12166,#12167);
#9786=AXIS2_PLACEMENT_3D('',#16516,#12168,#12169);
#9787=AXIS2_PLACEMENT_3D('',#16528,#12170,#12171);
#9788=AXIS2_PLACEMENT_3D('',#16529,#12172,#12173);
#9789=AXIS2_PLACEMENT_3D('',#16533,#12175,#12176);
#9790=AXIS2_PLACEMENT_3D('',#16535,#12177,#12178);
#9791=AXIS2_PLACEMENT_3D('',#16537,#12180,#12181);
#9792=AXIS2_PLACEMENT_3D('',#16551,#12182,#12183);
#9793=AXIS2_PLACEMENT_3D('',#16563,#12184,#12185);
#9794=AXIS2_PLACEMENT_3D('',#16564,#12186,#12187);
#9795=AXIS2_PLACEMENT_3D('',#16568,#12189,#12190);
#9796=AXIS2_PLACEMENT_3D('',#16570,#12192,#12193);
#9797=AXIS2_PLACEMENT_3D('',#16573,#12194,#12195);
#9798=AXIS2_PLACEMENT_3D('',#16574,#12196,#12197);
#9799=AXIS2_PLACEMENT_3D('',#16576,#12198,#12199);
#9800=AXIS2_PLACEMENT_3D('',#16577,#12200,#12201);
#9801=AXIS2_PLACEMENT_3D('',#16578,#12202,#12203);
#9802=AXIS2_PLACEMENT_3D('',#16580,#12204,#12205);
#9803=AXIS2_PLACEMENT_3D('',#16594,#12206,#12207);
#9804=AXIS2_PLACEMENT_3D('',#16596,#12208,#12209);
#9805=AXIS2_PLACEMENT_3D('',#16610,#12210,#12211);
#9806=AXIS2_PLACEMENT_3D('',#16612,#12212,#12213);
#9807=AXIS2_PLACEMENT_3D('',#16626,#12214,#12215);
#9808=AXIS2_PLACEMENT_3D('',#16628,#12216,#12217);
#9809=AXIS2_PLACEMENT_3D('',#16642,#12218,#12219);
#9810=AXIS2_PLACEMENT_3D('',#16643,#12220,#12221);
#9811=AXIS2_PLACEMENT_3D('',#16645,#12222,#12223);
#9812=AXIS2_PLACEMENT_3D('',#16647,#12225,#12226);
#9813=AXIS2_PLACEMENT_3D('',#16653,#12228,#12229);
#9814=AXIS2_PLACEMENT_3D('',#16659,#12231,#12232);
#9815=AXIS2_PLACEMENT_3D('',#16676,#12234,#12235);
#9816=AXIS2_PLACEMENT_3D('',#16680,#12236,#12237);
#9817=AXIS2_PLACEMENT_3D('',#16686,#12239,#12240);
#9818=AXIS2_PLACEMENT_3D('',#16703,#12242,#12243);
#9819=AXIS2_PLACEMENT_3D('',#16720,#12245,#12246);
#9820=AXIS2_PLACEMENT_3D('',#16726,#12248,#12249);
#9821=AXIS2_PLACEMENT_3D('',#16730,#12250,#12251);
#9822=AXIS2_PLACEMENT_3D('',#16736,#12253,#12254);
#9823=AXIS2_PLACEMENT_3D('',#16751,#12255,#12256);
#9824=AXIS2_PLACEMENT_3D('',#16755,#12257,#12258);
#9825=AXIS2_PLACEMENT_3D('',#16758,#12260,#12261);
#9826=AXIS2_PLACEMENT_3D('',#16760,#12262,#12263);
#9827=AXIS2_PLACEMENT_3D('',#16761,#12264,#12265);
#9828=AXIS2_PLACEMENT_3D('',#16763,#12266,#12267);
#9829=AXIS2_PLACEMENT_3D('',#16765,#12269,#12270);
#9830=DIRECTION('axis',(0.,0.,1.));
#9831=DIRECTION('refdir',(1.,0.,0.));
#9832=DIRECTION('center_axis',(1.,0.,0.));
#9833=DIRECTION('ref_axis',(0.,0.707106781186549,-0.707106781186546));
#9834=DIRECTION('',(1.,0.,0.));
#9835=DIRECTION('',(-1.,0.,0.));
#9836=DIRECTION('center_axis',(0.,0.,1.));
#9837=DIRECTION('ref_axis',(6.11008157649609E-17,1.,0.));
#9838=DIRECTION('center_axis',(0.,0.,1.));
#9839=DIRECTION('ref_axis',(1.23908819712629E-17,1.,0.));
#9840=DIRECTION('center_axis',(0.,0.,1.));
#9841=DIRECTION('ref_axis',(3.06178693509907E-16,1.,0.));
#9842=DIRECTION('center_axis',(0.,0.,1.));
#9843=DIRECTION('ref_axis',(1.,0.,0.));
#9844=DIRECTION('center_axis',(0.,0.,1.));
#9845=DIRECTION('ref_axis',(3.06178693509907E-16,1.,0.));
#9846=DIRECTION('center_axis',(0.,0.,-1.));
#9847=DIRECTION('ref_axis',(-0.965693382830065,0.259684982927828,0.));
#9848=DIRECTION('',(1.,3.46944695194099E-17,0.));
#9849=DIRECTION('center_axis',(0.,0.,-1.));
#9850=DIRECTION('ref_axis',(0.965693382830065,0.259684982927827,0.));
#9851=DIRECTION('center_axis',(0.,0.,1.));
#9852=DIRECTION('ref_axis',(3.06178693509907E-16,1.,0.));
#9853=DIRECTION('center_axis',(0.,1.,0.));
#9854=DIRECTION('ref_axis',(-1.,0.,0.));
#9855=DIRECTION('',(0.,0.,-1.));
#9856=DIRECTION('',(-1.,0.,0.));
#9857=DIRECTION('',(0.,0.,1.));
#9858=DIRECTION('center_axis',(0.,-1.,0.));
#9859=DIRECTION('ref_axis',(1.,2.19033124970102E-12,0.));
#9860=DIRECTION('center_axis',(0.,-1.,0.));
#9861=DIRECTION('ref_axis',(1.,2.19033124970102E-12,0.));
#9862=DIRECTION('center_axis',(-5.55111512312579E-16,-1.,-2.77555756156289E-16));
#9863=DIRECTION('ref_axis',(-1.,5.55111512312579E-16,0.));
#9864=DIRECTION('center_axis',(0.447213595499959,4.96506830649455E-16,-0.894427190999916));
#9865=DIRECTION('ref_axis',(0.894427190999916,0.,0.447213595499959));
#9866=DIRECTION('center_axis',(-0.894427190999916,0.,0.447213595499958));
#9867=DIRECTION('ref_axis',(0.447213595499958,0.,0.894427190999916));
#9868=DIRECTION('center_axis',(0.,0.,-1.));
#9869=DIRECTION('ref_axis',(-1.,0.,0.));
#9870=DIRECTION('center_axis',(0.501552139267484,-0.865127419283547,0.));
#9871=DIRECTION('ref_axis',(-0.865127419283548,-0.501552139267484,0.));
#9872=DIRECTION('center_axis',(0.,0.,1.));
#9873=DIRECTION('ref_axis',(0.965693382830065,0.259684982927827,0.));
#9874=DIRECTION('center_axis',(0.,0.,-1.));
#9875=DIRECTION('ref_axis',(1.83707216105944E-16,1.,0.));
#9876=DIRECTION('center_axis',(0.501552139267483,0.865127419283548,0.));
#9877=DIRECTION('ref_axis',(0.865127419283548,-0.501552139267483,0.));
#9878=DIRECTION('center_axis',(0.,0.,-1.));
#9879=DIRECTION('ref_axis',(3.06178693509906E-16,1.,0.));
#9880=DIRECTION('center_axis',(0.,0.,-1.));
#9881=DIRECTION('ref_axis',(3.06178693509906E-16,1.,0.));
#9882=DIRECTION('center_axis',(0.,0.,-1.));
#9883=DIRECTION('ref_axis',(-1.,0.,0.));
#9884=DIRECTION('center_axis',(0.,1.,0.));
#9885=DIRECTION('ref_axis',(1.,0.,0.));
#9886=DIRECTION('center_axis',(0.,0.,1.));
#9887=DIRECTION('ref_axis',(-0.965693382830065,0.259684982927828,0.));
#9888=DIRECTION('center_axis',(0.894427190999916,0.,0.447213595499958));
#9889=DIRECTION('ref_axis',(-0.447213595499958,0.,0.894427190999916));
#9890=DIRECTION('center_axis',(-0.447213595499958,0.,-0.894427190999916));
#9891=DIRECTION('ref_axis',(-0.894427190999916,0.,0.447213595499958));
#9892=DIRECTION('center_axis',(0.,0.,1.));
#9893=DIRECTION('ref_axis',(-0.866473351946695,-0.499223327145536,0.));
#9894=DIRECTION('',(0.,0.,1.));
#9895=DIRECTION('center_axis',(0.,0.,1.));
#9896=DIRECTION('ref_axis',(-0.866473351946695,-0.499223327145536,0.));
#9897=DIRECTION('',(0.,0.,-1.));
#9898=DIRECTION('center_axis',(0.,0.,1.));
#9899=DIRECTION('ref_axis',(1.,0.,0.));
#9900=DIRECTION('',(0.,0.,-1.));
#9901=DIRECTION('',(0.,0.,-1.));
#9902=DIRECTION('center_axis',(0.,0.,1.));
#9903=DIRECTION('ref_axis',(-2.19063092318783E-12,1.,0.));
#9904=DIRECTION('',(0.,0.,-1.));
#9905=DIRECTION('',(0.,0.,-1.));
#9906=DIRECTION('center_axis',(0.,0.,1.));
#9907=DIRECTION('ref_axis',(1.,0.,0.));
#9908=DIRECTION('center_axis',(0.,0.,1.));
#9909=DIRECTION('ref_axis',(-2.19063092318783E-12,1.,0.));
#9910=DIRECTION('',(0.,0.,1.));
#9911=DIRECTION('',(0.,0.,1.));
#9912=DIRECTION('',(0.,0.,1.));
#9913=DIRECTION('',(0.,0.,-1.));
#9914=DIRECTION('center_axis',(0.,0.,-1.));
#9915=DIRECTION('ref_axis',(0.866473351946695,-0.499223327145537,0.));
#9916=DIRECTION('',(0.,0.,1.));
#9917=DIRECTION('center_axis',(0.,0.,1.));
#9918=DIRECTION('ref_axis',(0.866473351946695,-0.499223327145537,0.));
#9919=DIRECTION('center_axis',(1.,3.46944695194099E-17,0.));
#9920=DIRECTION('ref_axis',(0.,-0.707106781186546,0.707106781186549));
#9921=DIRECTION('',(-1.,-3.46944695194099E-17,0.));
#9922=DIRECTION('center_axis',(-3.46944695194099E-17,1.,0.));
#9923=DIRECTION('ref_axis',(-1.,-3.46944695194099E-17,0.));
#9924=DIRECTION('',(-1.,-3.46944695194099E-17,0.));
#9925=DIRECTION('',(0.,0.,1.));
#9926=DIRECTION('',(1.,3.46944695194099E-17,0.));
#9927=DIRECTION('',(0.,0.,1.));
#9928=DIRECTION('',(-1.,-3.46944695194099E-17,0.));
#9929=DIRECTION('center_axis',(2.19033124970102E-12,-1.,0.));
#9930=DIRECTION('ref_axis',(1.,2.19033124970102E-12,0.));
#9931=DIRECTION('center_axis',(-2.19033124970102E-12,1.,0.));
#9932=DIRECTION('ref_axis',(1.,2.19033124970102E-12,0.));
#9933=DIRECTION('center_axis',(-2.19033124970102E-12,1.,0.));
#9934=DIRECTION('ref_axis',(1.,2.19033124970102E-12,0.));
#9935=DIRECTION('',(-2.19033124970102E-12,1.,0.));
#9936=DIRECTION('center_axis',(2.19033124970102E-12,-1.,0.));
#9937=DIRECTION('ref_axis',(1.,2.19033124970102E-12,0.));
#9938=DIRECTION('center_axis',(-2.19033124970102E-12,1.,0.));
#9939=DIRECTION('ref_axis',(1.,2.19033124970102E-12,0.));
#9940=DIRECTION('center_axis',(-2.19033124970102E-12,1.,0.));
#9941=DIRECTION('ref_axis',(1.,2.19033124970102E-12,0.));
#9942=DIRECTION('',(-2.19033124970102E-12,1.,0.));
#9943=DIRECTION('center_axis',(0.,0.,1.));
#9944=DIRECTION('ref_axis',(-0.154018283384727,-0.988067997854005,0.));
#9945=DIRECTION('',(0.,0.,1.));
#9946=DIRECTION('center_axis',(0.,0.,1.));
#9947=DIRECTION('ref_axis',(-0.154018283384727,-0.988067997854005,0.));
#9948=DIRECTION('center_axis',(0.,0.,1.));
#9949=DIRECTION('ref_axis',(-0.154018283384727,-0.988067997854005,0.));
#9950=DIRECTION('',(0.,0.,1.));
#9951=DIRECTION('center_axis',(-2.19033124970102E-12,1.,0.));
#9952=DIRECTION('ref_axis',(1.,2.19033124970102E-12,0.));
#9953=DIRECTION('',(0.,0.,-1.));
#9954=DIRECTION('',(1.,2.19033124970102E-12,0.));
#9955=DIRECTION('center_axis',(-2.19033124970102E-12,1.,0.));
#9956=DIRECTION('ref_axis',(1.,2.19033124970102E-12,0.));
#9957=DIRECTION('',(0.,0.,-1.));
#9958=DIRECTION('center_axis',(0.,0.,-1.));
#9959=DIRECTION('ref_axis',(0.154018283389056,-0.98806799785333,0.));
#9960=DIRECTION('center_axis',(0.,0.,1.));
#9961=DIRECTION('ref_axis',(0.154018283389056,-0.98806799785333,0.));
#9962=DIRECTION('center_axis',(0.,0.,-1.));
#9963=DIRECTION('ref_axis',(0.154018283389056,-0.98806799785333,0.));
#9964=DIRECTION('center_axis',(0.,0.,-1.));
#9965=DIRECTION('ref_axis',(-1.,0.,0.));
#9966=DIRECTION('center_axis',(0.,0.,1.));
#9967=DIRECTION('ref_axis',(6.11490025281825E-17,-1.,0.));
#9968=DIRECTION('center_axis',(0.,0.,1.));
#9969=DIRECTION('ref_axis',(-1.,0.,0.));
#9970=DIRECTION('center_axis',(0.,0.,1.));
#9971=DIRECTION('ref_axis',(1.,0.,0.));
#9972=DIRECTION('',(1.,3.46944695195361E-17,0.));
#9973=DIRECTION('center_axis',(0.,0.,1.));
#9974=DIRECTION('ref_axis',(0.,-1.,0.));
#9975=DIRECTION('',(-1.46081976924363E-16,1.,0.));
#9976=DIRECTION('',(-1.,0.,0.));
#9977=DIRECTION('',(2.92163953848502E-17,-1.,0.));
#9978=DIRECTION('center_axis',(0.,0.,-1.));
#9979=DIRECTION('ref_axis',(-2.91033863675238E-11,1.,0.));
#9980=DIRECTION('center_axis',(1.,2.19047002758543E-12,-1.82393269453246E-27));
#9981=DIRECTION('ref_axis',(0.,8.32667268468856E-16,1.));
#9982=DIRECTION('center_axis',(-0.952556736764444,-0.304361073799976,-8.44771679830913E-17));
#9983=DIRECTION('ref_axis',(0.304361073799976,-0.952556736764444,0.));
#9984=DIRECTION('center_axis',(0.,0.,-1.));
#9985=DIRECTION('ref_axis',(0.154018283389056,-0.98806799785333,0.));
#9986=DIRECTION('center_axis',(0.,0.,-1.));
#9987=DIRECTION('ref_axis',(0.154018283389056,-0.98806799785333,0.));
#9988=DIRECTION('',(0.,0.,-1.));
#9989=DIRECTION('center_axis',(-2.91817349905234E-14,-6.3788073134082E-26,
1.));
#9990=DIRECTION('ref_axis',(2.18589035760886E-12,-1.,0.));
#9991=DIRECTION('center_axis',(0.,0.,1.));
#9992=DIRECTION('ref_axis',(-2.19018674724181E-12,1.,0.));
#9993=DIRECTION('center_axis',(0.952556736765777,-0.304361073795804,8.44771679819332E-17));
#9994=DIRECTION('ref_axis',(0.,2.77555756156285E-16,1.));
#9995=DIRECTION('center_axis',(0.,0.,-1.));
#9996=DIRECTION('ref_axis',(-2.19063092318783E-12,1.,0.));
#9997=DIRECTION('center_axis',(0.,0.,1.));
#9998=DIRECTION('ref_axis',(-0.304361073795804,-0.952556736765777,0.));
#9999=DIRECTION('center_axis',(-1.,-2.19019247182928E-12,-6.07900527646378E-28));
#10000=DIRECTION('ref_axis',(2.19019247182928E-12,-1.,0.));
#10001=DIRECTION('center_axis',(0.,0.,-1.));
#10002=DIRECTION('ref_axis',(-0.154018283384727,-0.988067997854005,0.));
#10003=DIRECTION('center_axis',(0.,0.,1.));
#10004=DIRECTION('ref_axis',(-0.154018283384727,-0.988067997854005,0.));
#10005=DIRECTION('',(0.,0.,1.));
#10006=DIRECTION('center_axis',(1.,2.19033124970102E-12,0.));
#10007=DIRECTION('ref_axis',(1.54968125672088E-12,-0.707106781186542,0.707106781186553));
#10008=DIRECTION('',(-1.,-2.19033124970102E-12,0.));
#10009=DIRECTION('center_axis',(-2.19033124970102E-12,1.,0.));
#10010=DIRECTION('ref_axis',(1.,2.19033124970102E-12,0.));
#10011=DIRECTION('center_axis',(0.,0.,-1.));
#10012=DIRECTION('ref_axis',(1.83687941400655E-16,1.,0.));
#10013=DIRECTION('center_axis',(0.,0.,1.));
#10014=DIRECTION('ref_axis',(1.23908819712629E-17,1.,0.));
#10015=DIRECTION('center_axis',(0.,0.,-1.));
#10016=DIRECTION('ref_axis',(1.23908819712629E-17,1.,0.));
#10017=DIRECTION('center_axis',(-1.,0.,0.));
#10018=DIRECTION('ref_axis',(0.,0.707106781186543,0.707106781186552));
#10019=DIRECTION('',(1.,0.,0.));
#10020=DIRECTION('center_axis',(0.,0.,1.));
#10021=DIRECTION('ref_axis',(-0.982097155707886,0.188375095887114,0.));
#10022=DIRECTION('center_axis',(0.,0.,1.));
#10023=DIRECTION('ref_axis',(1.,0.,0.));
#10024=DIRECTION('center_axis',(3.46944695195361E-17,-1.,0.));
#10025=DIRECTION('ref_axis',(1.,3.46944695195361E-17,0.));
#10026=DIRECTION('',(0.,0.,1.));
#10027=DIRECTION('',(-1.,-3.46944695195361E-17,0.));
#10028=DIRECTION('',(0.,0.,-1.));
#10029=DIRECTION('',(-1.,-3.46944695195361E-17,0.));
#10030=DIRECTION('',(0.,0.,-1.));
#10031=DIRECTION('',(1.,3.46944695195361E-17,0.));
#10032=DIRECTION('',(0.,0.,1.));
#10033=DIRECTION('',(-1.,-3.46944695195361E-17,0.));
#10034=DIRECTION('center_axis',(0.,0.,1.));
#10035=DIRECTION('ref_axis',(1.,0.,0.));
#10036=DIRECTION('',(3.45769671561917E-17,-1.,0.));
#10037=DIRECTION('',(1.,3.46944695195361E-17,0.));
#10038=DIRECTION('',(3.45769671561917E-17,-1.,0.));
#10039=DIRECTION('center_axis',(-1.,-3.45769671561917E-17,0.));
#10040=DIRECTION('ref_axis',(0.,0.,1.));
#10041=DIRECTION('',(3.45769671561917E-17,-1.,0.));
#10042=DIRECTION('',(0.,0.,1.));
#10043=DIRECTION('center_axis',(0.,0.,1.));
#10044=DIRECTION('ref_axis',(1.,0.,0.));
#10045=DIRECTION('',(3.45769671561917E-17,-1.,0.));
#10046=DIRECTION('',(1.,3.46944695195361E-17,0.));
#10047=DIRECTION('center_axis',(1.,3.45769671561917E-17,0.));
#10048=DIRECTION('ref_axis',(0.,0.,-1.));
#10049=DIRECTION('',(3.45769671561917E-17,-1.,0.));
#10050=DIRECTION('',(0.,0.,-1.));
#10051=DIRECTION('center_axis',(0.,0.,1.));
#10052=DIRECTION('ref_axis',(1.,0.,0.));
#10053=DIRECTION('',(3.45769671561917E-17,-1.,0.));
#10054=DIRECTION('',(1.,3.46944695195361E-17,0.));
#10055=DIRECTION('center_axis',(1.,3.45769671561917E-17,0.));
#10056=DIRECTION('ref_axis',(0.,0.,-1.));
#10057=DIRECTION('',(3.45769671561917E-17,-1.,0.));
#10058=DIRECTION('',(0.,0.,-1.));
#10059=DIRECTION('center_axis',(0.,0.,-1.));
#10060=DIRECTION('ref_axis',(-1.,0.,0.));
#10061=DIRECTION('',(3.45769671561917E-17,-1.,0.));
#10062=DIRECTION('',(-1.,-3.46944695195361E-17,0.));
#10063=DIRECTION('center_axis',(-1.,-3.45769671561917E-17,0.));
#10064=DIRECTION('ref_axis',(0.,0.,1.));
#10065=DIRECTION('',(0.,0.,1.));
#10066=DIRECTION('center_axis',(3.59825349267686E-17,-1.,0.));
#10067=DIRECTION('ref_axis',(-1.,-3.59825349267686E-17,0.));
#10068=DIRECTION('center_axis',(3.46944695195361E-17,-1.,0.));
#10069=DIRECTION('ref_axis',(-1.,-3.59825349267686E-17,0.));
#10070=DIRECTION('',(-3.59825349267686E-17,1.,0.));
#10071=DIRECTION('center_axis',(-3.46944695195361E-17,1.,0.));
#10072=DIRECTION('ref_axis',(-1.,-3.59825349267686E-17,0.));
#10073=DIRECTION('center_axis',(3.59825349267686E-17,-1.,0.));
#10074=DIRECTION('ref_axis',(-1.,-3.59825349267686E-17,0.));
#10075=DIRECTION('center_axis',(3.46944695195361E-17,-1.,0.));
#10076=DIRECTION('ref_axis',(-1.,-3.59825349267686E-17,0.));
#10077=DIRECTION('',(3.59825349267686E-17,-1.,0.));
#10078=DIRECTION('center_axis',(-3.46944695195361E-17,1.,0.));
#10079=DIRECTION('ref_axis',(-1.,-3.59825349267686E-17,0.));
#10080=DIRECTION('center_axis',(3.46944695195361E-17,-1.,0.));
#10081=DIRECTION('ref_axis',(1.,3.46944695195361E-17,0.));
#10082=DIRECTION('center_axis',(3.46944695195361E-17,-1.,0.));
#10083=DIRECTION('ref_axis',(1.,3.46944695195361E-17,0.));
#10084=DIRECTION('',(0.,0.,-1.));
#10085=DIRECTION('',(1.,3.46944695195361E-17,0.));
#10086=DIRECTION('',(0.,0.,1.));
#10087=DIRECTION('',(-1.,-3.46944695195361E-17,0.));
#10088=DIRECTION('center_axis',(0.,0.,-1.));
#10089=DIRECTION('ref_axis',(-1.,0.,0.));
#10090=DIRECTION('',(3.48580807103071E-17,-1.,0.));
#10091=DIRECTION('',(-1.,-3.46944695195361E-17,0.));
#10092=DIRECTION('',(3.48580807103071E-17,-1.,0.));
#10093=DIRECTION('center_axis',(-1.,-3.48580807103071E-17,0.));
#10094=DIRECTION('ref_axis',(0.,0.,1.));
#10095=DIRECTION('',(3.48580807103071E-17,-1.,0.));
#10096=DIRECTION('',(0.,0.,1.));
#10097=DIRECTION('center_axis',(0.,0.,1.));
#10098=DIRECTION('ref_axis',(1.,0.,0.));
#10099=DIRECTION('',(3.48580807103071E-17,-1.,0.));
#10100=DIRECTION('',(1.,3.46944695195361E-17,0.));
#10101=DIRECTION('center_axis',(1.,3.48580807103071E-17,0.));
#10102=DIRECTION('ref_axis',(0.,0.,-1.));
#10103=DIRECTION('',(0.,0.,-1.));
#10104=DIRECTION('center_axis',(1.,3.37336264938456E-17,0.));
#10105=DIRECTION('ref_axis',(0.,0.,-1.));
#10106=DIRECTION('',(0.,0.,1.));
#10107=DIRECTION('',(3.37336264938456E-17,-1.,0.));
#10108=DIRECTION('',(0.,0.,-1.));
#10109=DIRECTION('',(3.37336264938456E-17,-1.,0.));
#10110=DIRECTION('center_axis',(0.,0.,1.));
#10111=DIRECTION('ref_axis',(1.,0.,0.));
#10112=DIRECTION('',(-1.,-3.46944695195361E-17,0.));
#10113=DIRECTION('',(1.,3.46944695195361E-17,0.));
#10114=DIRECTION('',(3.37336264938456E-17,-1.,0.));
#10115=DIRECTION('center_axis',(-1.,-3.37336264938456E-17,0.));
#10116=DIRECTION('ref_axis',(0.,0.,1.));
#10117=DIRECTION('',(0.,0.,-1.));
#10118=DIRECTION('',(0.,0.,1.));
#10119=DIRECTION('',(3.37336264938456E-17,-1.,0.));
#10120=DIRECTION('center_axis',(0.,0.,-1.));
#10121=DIRECTION('ref_axis',(-1.,0.,0.));
#10122=DIRECTION('',(1.,3.46944695195361E-17,0.));
#10123=DIRECTION('',(-1.,-3.46944695195361E-17,0.));
#10124=DIRECTION('center_axis',(3.46944695195361E-17,-1.,0.));
#10125=DIRECTION('ref_axis',(1.,3.46944695195361E-17,0.));
#10126=DIRECTION('center_axis',(3.46944695195361E-17,-1.,0.));
#10127=DIRECTION('ref_axis',(1.,3.46944695195361E-17,0.));
#10128=DIRECTION('center_axis',(1.,0.,0.));
#10129=DIRECTION('ref_axis',(0.,-0.988246671606502,0.152867642287932));
#10130=DIRECTION('',(1.,0.,0.));
#10131=DIRECTION('center_axis',(1.,-1.46081976924363E-16,0.));
#10132=DIRECTION('ref_axis',(0.,1.,0.));
#10133=DIRECTION('',(-1.,0.,0.));
#10134=DIRECTION('center_axis',(-1.,0.,0.));
#10135=DIRECTION('ref_axis',(0.,1.,0.));
#10136=DIRECTION('center_axis',(1.,0.,0.));
#10137=DIRECTION('ref_axis',(0.,-0.988246671606502,0.152867642287932));
#10138=DIRECTION('',(1.,0.,0.));
#10139=DIRECTION('center_axis',(1.,2.92163953848502E-17,0.));
#10140=DIRECTION('ref_axis',(0.,1.,0.));
#10141=DIRECTION('',(-1.,0.,0.));
#10142=DIRECTION('center_axis',(-1.,-1.46081976924363E-16,0.));
#10143=DIRECTION('ref_axis',(0.,1.,0.));
#10144=DIRECTION('center_axis',(1.,0.,0.));
#10145=DIRECTION('ref_axis',(0.,-0.988246671606502,0.152867642287931));
#10146=DIRECTION('',(1.,0.,0.));
#10147=DIRECTION('center_axis',(1.,-1.46081976924363E-16,0.));
#10148=DIRECTION('ref_axis',(0.,1.,0.));
#10149=DIRECTION('',(-1.,0.,0.));
#10150=DIRECTION('center_axis',(-1.,0.,0.));
#10151=DIRECTION('ref_axis',(0.,1.,0.));
#10152=DIRECTION('center_axis',(1.,0.,0.));
#10153=DIRECTION('ref_axis',(0.,-0.988246671606502,0.152867642287931));
#10154=DIRECTION('',(1.,0.,0.));
#10155=DIRECTION('center_axis',(1.,2.92163953848502E-17,0.));
#10156=DIRECTION('ref_axis',(0.,1.,0.));
#10157=DIRECTION('',(-1.,0.,0.));
#10158=DIRECTION('center_axis',(-1.,-1.46081976924363E-16,0.));
#10159=DIRECTION('ref_axis',(0.,1.,0.));
#10160=DIRECTION('center_axis',(1.,0.,0.));
#10161=DIRECTION('ref_axis',(0.,-0.988246671606502,0.152867642287932));
#10162=DIRECTION('',(1.,0.,0.));
#10163=DIRECTION('center_axis',(1.,-1.46081976924363E-16,0.));
#10164=DIRECTION('ref_axis',(0.,1.,0.));
#10165=DIRECTION('',(-1.,0.,0.));
#10166=DIRECTION('center_axis',(-1.,0.,0.));
#10167=DIRECTION('ref_axis',(0.,1.,0.));
#10168=DIRECTION('center_axis',(1.,0.,0.));
#10169=DIRECTION('ref_axis',(0.,-0.988246671606502,0.152867642287932));
#10170=DIRECTION('',(1.,0.,0.));
#10171=DIRECTION('center_axis',(1.,2.92163953848502E-17,0.));
#10172=DIRECTION('ref_axis',(0.,1.,0.));
#10173=DIRECTION('',(-1.,0.,0.));
#10174=DIRECTION('center_axis',(-1.,-1.46081976924363E-16,0.));
#10175=DIRECTION('ref_axis',(0.,1.,0.));
#10176=DIRECTION('center_axis',(1.,0.,0.));
#10177=DIRECTION('ref_axis',(0.,-0.988246671606502,0.152867642287932));
#10178=DIRECTION('',(1.,0.,0.));
#10179=DIRECTION('center_axis',(1.,-1.46081976924363E-16,0.));
#10180=DIRECTION('ref_axis',(0.,1.,0.));
#10181=DIRECTION('',(-1.,0.,0.));
#10182=DIRECTION('center_axis',(-1.,0.,0.));
#10183=DIRECTION('ref_axis',(0.,1.,0.));
#10184=DIRECTION('center_axis',(1.,0.,0.));
#10185=DIRECTION('ref_axis',(0.,-0.988246671606502,0.152867642287932));
#10186=DIRECTION('',(1.,0.,0.));
#10187=DIRECTION('center_axis',(1.,2.92163953848502E-17,0.));
#10188=DIRECTION('ref_axis',(0.,1.,0.));
#10189=DIRECTION('',(-1.,0.,0.));
#10190=DIRECTION('center_axis',(-1.,-1.46081976924363E-16,0.));
#10191=DIRECTION('ref_axis',(0.,1.,0.));
#10192=DIRECTION('center_axis',(1.,0.,0.));
#10193=DIRECTION('ref_axis',(0.,-0.988246671606502,0.152867642287932));
#10194=DIRECTION('',(1.,0.,0.));
#10195=DIRECTION('center_axis',(1.,-1.46081976924363E-16,0.));
#10196=DIRECTION('ref_axis',(0.,1.,0.));
#10197=DIRECTION('',(-1.,0.,0.));
#10198=DIRECTION('center_axis',(-1.,0.,0.));
#10199=DIRECTION('ref_axis',(0.,1.,0.));
#10200=DIRECTION('center_axis',(1.,0.,0.));
#10201=DIRECTION('ref_axis',(0.,-0.988246671606502,0.152867642287932));
#10202=DIRECTION('',(1.,0.,0.));
#10203=DIRECTION('center_axis',(1.,2.92163953848502E-17,0.));
#10204=DIRECTION('ref_axis',(0.,1.,0.));
#10205=DIRECTION('',(-1.,0.,0.));
#10206=DIRECTION('center_axis',(-1.,-1.46081976924363E-16,0.));
#10207=DIRECTION('ref_axis',(0.,1.,0.));
#10208=DIRECTION('center_axis',(1.,0.,0.));
#10209=DIRECTION('ref_axis',(0.,-0.988246671606502,0.152867642287931));
#10210=DIRECTION('',(1.,0.,0.));
#10211=DIRECTION('center_axis',(1.,-1.46081976924363E-16,0.));
#10212=DIRECTION('ref_axis',(0.,1.,0.));
#10213=DIRECTION('',(-1.,0.,0.));
#10214=DIRECTION('center_axis',(-1.,0.,0.));
#10215=DIRECTION('ref_axis',(0.,1.,0.));
#10216=DIRECTION('center_axis',(1.,0.,0.));
#10217=DIRECTION('ref_axis',(0.,-0.988246671606502,0.152867642287931));
#10218=DIRECTION('',(1.,0.,0.));
#10219=DIRECTION('center_axis',(1.,2.92163953848502E-17,0.));
#10220=DIRECTION('ref_axis',(0.,1.,0.));
#10221=DIRECTION('',(-1.,0.,0.));
#10222=DIRECTION('center_axis',(-1.,-1.46081976924363E-16,0.));
#10223=DIRECTION('ref_axis',(0.,1.,0.));
#10224=DIRECTION('center_axis',(1.,0.,0.));
#10225=DIRECTION('ref_axis',(0.,-0.988246671606502,0.152867642287932));
#10226=DIRECTION('',(1.,0.,0.));
#10227=DIRECTION('center_axis',(1.,-1.46081976924363E-16,0.));
#10228=DIRECTION('ref_axis',(0.,1.,0.));
#10229=DIRECTION('',(-1.,0.,0.));
#10230=DIRECTION('center_axis',(-1.,0.,0.));
#10231=DIRECTION('ref_axis',(0.,1.,0.));
#10232=DIRECTION('center_axis',(1.,0.,0.));
#10233=DIRECTION('ref_axis',(0.,-0.988246671606502,0.152867642287932));
#10234=DIRECTION('',(1.,0.,0.));
#10235=DIRECTION('center_axis',(1.,2.92163953848502E-17,0.));
#10236=DIRECTION('ref_axis',(0.,1.,0.));
#10237=DIRECTION('',(-1.,0.,0.));
#10238=DIRECTION('center_axis',(-1.,-1.46081976924363E-16,0.));
#10239=DIRECTION('ref_axis',(0.,1.,0.));
#10240=DIRECTION('center_axis',(1.,0.,0.));
#10241=DIRECTION('ref_axis',(0.,-0.988246671606502,0.152867642287932));
#10242=DIRECTION('',(1.,0.,0.));
#10243=DIRECTION('center_axis',(1.,-1.46081976924363E-16,0.));
#10244=DIRECTION('ref_axis',(0.,1.,0.));
#10245=DIRECTION('',(-1.,0.,0.));
#10246=DIRECTION('center_axis',(-1.,0.,0.));
#10247=DIRECTION('ref_axis',(0.,1.,0.));
#10248=DIRECTION('center_axis',(1.,0.,0.));
#10249=DIRECTION('ref_axis',(0.,-0.988246671606502,0.152867642287933));
#10250=DIRECTION('',(1.,0.,0.));
#10251=DIRECTION('center_axis',(1.,2.92163953848502E-17,0.));
#10252=DIRECTION('ref_axis',(0.,1.,0.));
#10253=DIRECTION('',(-1.,0.,0.));
#10254=DIRECTION('center_axis',(-1.,-1.46081976924363E-16,0.));
#10255=DIRECTION('ref_axis',(0.,1.,0.));
#10256=DIRECTION('center_axis',(1.,0.,0.));
#10257=DIRECTION('ref_axis',(0.,-0.988246671606502,0.152867642287931));
#10258=DIRECTION('',(1.,0.,0.));
#10259=DIRECTION('center_axis',(1.,-1.46081976924363E-16,0.));
#10260=DIRECTION('ref_axis',(0.,1.,0.));
#10261=DIRECTION('',(-1.,0.,0.));
#10262=DIRECTION('center_axis',(-1.,0.,0.));
#10263=DIRECTION('ref_axis',(0.,1.,0.));
#10264=DIRECTION('center_axis',(1.,0.,0.));
#10265=DIRECTION('ref_axis',(0.,-0.988246671606502,0.152867642287931));
#10266=DIRECTION('',(1.,0.,0.));
#10267=DIRECTION('center_axis',(1.,2.92163953848502E-17,0.));
#10268=DIRECTION('ref_axis',(0.,1.,0.));
#10269=DIRECTION('',(-1.,0.,0.));
#10270=DIRECTION('center_axis',(-1.,-1.46081976924363E-16,0.));
#10271=DIRECTION('ref_axis',(0.,1.,0.));
#10272=DIRECTION('center_axis',(1.,0.,0.));
#10273=DIRECTION('ref_axis',(0.,-0.988246671606502,0.152867642287932));
#10274=DIRECTION('',(1.,0.,0.));
#10275=DIRECTION('center_axis',(1.,-1.46081976924363E-16,0.));
#10276=DIRECTION('ref_axis',(0.,1.,0.));
#10277=DIRECTION('',(-1.,0.,0.));
#10278=DIRECTION('center_axis',(-1.,0.,0.));
#10279=DIRECTION('ref_axis',(0.,1.,0.));
#10280=DIRECTION('center_axis',(1.,0.,0.));
#10281=DIRECTION('ref_axis',(0.,-0.988246671606502,0.152867642287932));
#10282=DIRECTION('',(1.,0.,0.));
#10283=DIRECTION('center_axis',(1.,2.92163953848502E-17,0.));
#10284=DIRECTION('ref_axis',(0.,1.,0.));
#10285=DIRECTION('',(-1.,0.,0.));
#10286=DIRECTION('center_axis',(-1.,-1.46081976924363E-16,0.));
#10287=DIRECTION('ref_axis',(0.,1.,0.));
#10288=DIRECTION('center_axis',(1.,0.,0.));
#10289=DIRECTION('ref_axis',(0.,-0.988246671606502,0.152867642287932));
#10290=DIRECTION('',(1.,0.,0.));
#10291=DIRECTION('center_axis',(1.,-1.46081976924363E-16,0.));
#10292=DIRECTION('ref_axis',(0.,1.,0.));
#10293=DIRECTION('',(-1.,0.,0.));
#10294=DIRECTION('center_axis',(-1.,0.,0.));
#10295=DIRECTION('ref_axis',(0.,1.,0.));
#10296=DIRECTION('center_axis',(1.,0.,0.));
#10297=DIRECTION('ref_axis',(0.,-0.988246671606502,0.152867642287932));
#10298=DIRECTION('',(1.,0.,0.));
#10299=DIRECTION('center_axis',(1.,2.92163953848502E-17,0.));
#10300=DIRECTION('ref_axis',(0.,1.,0.));
#10301=DIRECTION('',(-1.,0.,0.));
#10302=DIRECTION('center_axis',(-1.,-1.46081976924363E-16,0.));
#10303=DIRECTION('ref_axis',(0.,1.,0.));
#10304=DIRECTION('center_axis',(1.,0.,0.));
#10305=DIRECTION('ref_axis',(0.,-0.988246671606502,0.152867642287931));
#10306=DIRECTION('',(1.,0.,0.));
#10307=DIRECTION('center_axis',(1.,-1.46081976924363E-16,0.));
#10308=DIRECTION('ref_axis',(0.,1.,0.));
#10309=DIRECTION('',(-1.,0.,0.));
#10310=DIRECTION('center_axis',(-1.,0.,0.));
#10311=DIRECTION('ref_axis',(0.,1.,0.));
#10312=DIRECTION('center_axis',(1.,0.,0.));
#10313=DIRECTION('ref_axis',(0.,-0.988246671606502,0.152867642287931));
#10314=DIRECTION('',(1.,0.,0.));
#10315=DIRECTION('center_axis',(1.,2.92163953848502E-17,0.));
#10316=DIRECTION('ref_axis',(0.,1.,0.));
#10317=DIRECTION('',(-1.,0.,0.));
#10318=DIRECTION('center_axis',(-1.,-1.46081976924363E-16,0.));
#10319=DIRECTION('ref_axis',(0.,1.,0.));
#10320=DIRECTION('center_axis',(1.,0.,0.));
#10321=DIRECTION('ref_axis',(0.,-0.988246671606502,0.152867642287931));
#10322=DIRECTION('',(1.,0.,0.));
#10323=DIRECTION('center_axis',(1.,-1.46081976924363E-16,0.));
#10324=DIRECTION('ref_axis',(0.,1.,0.));
#10325=DIRECTION('',(-1.,0.,0.));
#10326=DIRECTION('center_axis',(-1.,0.,0.));
#10327=DIRECTION('ref_axis',(0.,1.,0.));
#10328=DIRECTION('center_axis',(1.,0.,0.));
#10329=DIRECTION('ref_axis',(0.,-0.988246671606502,0.152867642287931));
#10330=DIRECTION('',(1.,0.,0.));
#10331=DIRECTION('center_axis',(1.,2.92163953848502E-17,0.));
#10332=DIRECTION('ref_axis',(0.,1.,0.));
#10333=DIRECTION('',(-1.,0.,0.));
#10334=DIRECTION('center_axis',(-1.,-1.46081976924363E-16,0.));
#10335=DIRECTION('ref_axis',(0.,1.,0.));
#10336=DIRECTION('center_axis',(1.,0.,0.));
#10337=DIRECTION('ref_axis',(0.,1.,0.));
#10338=DIRECTION('center_axis',(1.,-1.46081976924363E-16,0.));
#10339=DIRECTION('ref_axis',(0.,1.,0.));
#10340=DIRECTION('',(1.,0.,0.));
#10341=DIRECTION('center_axis',(-1.,0.,0.));
#10342=DIRECTION('ref_axis',(0.,1.,0.));
#10343=DIRECTION('center_axis',(1.,0.,0.));
#10344=DIRECTION('ref_axis',(0.,1.,0.));
#10345=DIRECTION('center_axis',(1.,2.92163953848502E-17,0.));
#10346=DIRECTION('ref_axis',(0.,1.,0.));
#10347=DIRECTION('',(1.,0.,0.));
#10348=DIRECTION('center_axis',(-1.,-1.46081976924363E-16,0.));
#10349=DIRECTION('ref_axis',(0.,1.,0.));
#10350=DIRECTION('center_axis',(0.,-0.988246671606502,0.152867642287932));
#10351=DIRECTION('ref_axis',(0.,-0.152867642287932,-0.988246671606502));
#10352=DIRECTION('',(4.46624147863405E-18,-0.152867642287932,-0.988246671606502));
#10353=DIRECTION('',(1.,0.,0.));
#10354=DIRECTION('',(-2.23312073931873E-17,0.152867642287932,0.988246671606502));
#10355=DIRECTION('center_axis',(0.,-0.988246671606502,0.152867642287932));
#10356=DIRECTION('ref_axis',(0.,-0.152867642287932,-0.988246671606502));
#10357=DIRECTION('',(-2.23312073931873E-17,0.152867642287932,0.988246671606502));
#10358=DIRECTION('',(4.46624147863405E-18,-0.152867642287932,-0.988246671606502));
#10359=DIRECTION('center_axis',(0.,-0.988246671606502,0.152867642287932));
#10360=DIRECTION('ref_axis',(0.,-0.152867642287932,-0.988246671606502));
#10361=DIRECTION('',(-2.23312073931873E-17,0.152867642287932,0.988246671606502));
#10362=DIRECTION('',(4.46624147863405E-18,-0.152867642287932,-0.988246671606502));
#10363=DIRECTION('center_axis',(0.,-0.988246671606502,0.152867642287932));
#10364=DIRECTION('ref_axis',(0.,-0.152867642287932,-0.988246671606502));
#10365=DIRECTION('',(-2.23312073931873E-17,0.152867642287932,0.988246671606502));
#10366=DIRECTION('',(1.,0.,0.));
#10367=DIRECTION('',(4.46624147863405E-18,-0.152867642287932,-0.988246671606502));
#10368=DIRECTION('center_axis',(0.,-0.988246671606502,0.152867642287932));
#10369=DIRECTION('ref_axis',(0.,-0.152867642287932,-0.988246671606502));
#10370=DIRECTION('',(4.46624147863405E-18,-0.152867642287932,-0.988246671606502));
#10371=DIRECTION('',(-2.23312073931873E-17,0.152867642287932,0.988246671606502));
#10372=DIRECTION('center_axis',(0.,-0.988246671606502,0.152867642287932));
#10373=DIRECTION('ref_axis',(0.,-0.152867642287932,-0.988246671606502));
#10374=DIRECTION('',(4.46624147863405E-18,-0.152867642287932,-0.988246671606502));
#10375=DIRECTION('',(-2.23312073931873E-17,0.152867642287932,0.988246671606502));
#10376=DIRECTION('center_axis',(0.,-0.988246671606502,0.152867642287932));
#10377=DIRECTION('ref_axis',(0.,-0.152867642287932,-0.988246671606502));
#10378=DIRECTION('',(-2.23312073931873E-17,0.152867642287932,0.988246671606502));
#10379=DIRECTION('',(4.46624147863405E-18,-0.152867642287932,-0.988246671606502));
#10380=DIRECTION('center_axis',(0.,-0.988246671606502,0.152867642287932));
#10381=DIRECTION('ref_axis',(0.,-0.152867642287932,-0.988246671606502));
#10382=DIRECTION('',(4.46624147863405E-18,-0.152867642287932,-0.988246671606502));
#10383=DIRECTION('',(-2.23312073931873E-17,0.152867642287932,0.988246671606502));
#10384=DIRECTION('center_axis',(0.,-0.988246671606502,0.152867642287932));
#10385=DIRECTION('ref_axis',(0.,-0.152867642287932,-0.988246671606502));
#10386=DIRECTION('',(-2.23312073931873E-17,0.152867642287932,0.988246671606502));
#10387=DIRECTION('',(4.46624147863405E-18,-0.152867642287932,-0.988246671606502));
#10388=DIRECTION('center_axis',(0.,-0.988246671606502,0.152867642287932));
#10389=DIRECTION('ref_axis',(0.,-0.152867642287932,-0.988246671606502));
#10390=DIRECTION('',(4.46624147863405E-18,-0.152867642287932,-0.988246671606502));
#10391=DIRECTION('',(-2.23312073931873E-17,0.152867642287932,0.988246671606502));
#10392=DIRECTION('center_axis',(0.,-0.988246671606502,0.152867642287932));
#10393=DIRECTION('ref_axis',(0.,-0.152867642287932,-0.988246671606502));
#10394=DIRECTION('',(-2.23312073931873E-17,0.152867642287932,0.988246671606502));
#10395=DIRECTION('',(4.46624147863405E-18,-0.152867642287932,-0.988246671606502));
#10396=DIRECTION('center_axis',(0.,-0.988246671606502,0.152867642287932));
#10397=DIRECTION('ref_axis',(0.,-0.152867642287932,-0.988246671606502));
#10398=DIRECTION('',(4.46624147863405E-18,-0.152867642287932,-0.988246671606502));
#10399=DIRECTION('',(-2.23312073931873E-17,0.152867642287932,0.988246671606502));
#10400=DIRECTION('center_axis',(0.,-0.988246671606502,0.152867642287932));
#10401=DIRECTION('ref_axis',(0.,-0.152867642287932,-0.988246671606502));
#10402=DIRECTION('',(-2.23312073931873E-17,0.152867642287932,0.988246671606502));
#10403=DIRECTION('',(4.46624147863405E-18,-0.152867642287932,-0.988246671606502));
#10404=DIRECTION('center_axis',(0.,-0.988246671606502,0.152867642287932));
#10405=DIRECTION('ref_axis',(0.,-0.152867642287932,-0.988246671606502));
#10406=DIRECTION('',(4.46624147863405E-18,-0.152867642287932,-0.988246671606502));
#10407=DIRECTION('',(-2.23312073931873E-17,0.152867642287932,0.988246671606502));
#10408=DIRECTION('center_axis',(0.,-0.988246671606502,0.152867642287932));
#10409=DIRECTION('ref_axis',(0.,-0.152867642287932,-0.988246671606502));
#10410=DIRECTION('',(-2.23312073931873E-17,-0.152867642287932,-0.988246671606502));
#10411=DIRECTION('',(1.,0.,0.));
#10412=DIRECTION('',(0.,0.152867642287932,0.988246671606502));
#10413=DIRECTION('center_axis',(0.,-0.988246671606502,0.152867642287932));
#10414=DIRECTION('ref_axis',(0.,-0.152867642287932,-0.988246671606502));
#10415=DIRECTION('',(0.,0.152867642287932,0.988246671606502));
#10416=DIRECTION('',(-2.23312073931873E-17,-0.152867642287932,-0.988246671606502));
#10417=DIRECTION('center_axis',(0.,-0.988246671606502,0.152867642287932));
#10418=DIRECTION('ref_axis',(0.,-0.152867642287932,-0.988246671606502));
#10419=DIRECTION('',(0.,0.152867642287932,0.988246671606502));
#10420=DIRECTION('',(-2.23312073931873E-17,-0.152867642287932,-0.988246671606502));
#10421=DIRECTION('center_axis',(0.,-0.988246671606502,0.152867642287932));
#10422=DIRECTION('ref_axis',(0.,-0.152867642287932,-0.988246671606502));
#10423=DIRECTION('',(0.,0.152867642287932,0.988246671606502));
#10424=DIRECTION('',(1.,0.,0.));
#10425=DIRECTION('',(-2.23312073931873E-17,-0.152867642287932,-0.988246671606502));
#10426=DIRECTION('center_axis',(0.,-0.988246671606502,0.152867642287932));
#10427=DIRECTION('ref_axis',(0.,-0.152867642287932,-0.988246671606502));
#10428=DIRECTION('',(-2.23312073931873E-17,-0.152867642287932,-0.988246671606502));
#10429=DIRECTION('',(0.,0.152867642287932,0.988246671606502));
#10430=DIRECTION('center_axis',(0.,-0.988246671606502,0.152867642287932));
#10431=DIRECTION('ref_axis',(0.,-0.152867642287932,-0.988246671606502));
#10432=DIRECTION('',(-2.23312073931873E-17,-0.152867642287932,-0.988246671606502));
#10433=DIRECTION('',(0.,0.152867642287932,0.988246671606502));
#10434=DIRECTION('center_axis',(0.,-0.988246671606502,0.152867642287932));
#10435=DIRECTION('ref_axis',(0.,-0.152867642287932,-0.988246671606502));
#10436=DIRECTION('',(0.,0.152867642287932,0.988246671606502));
#10437=DIRECTION('',(-2.23312073931873E-17,-0.152867642287932,-0.988246671606502));
#10438=DIRECTION('center_axis',(0.,-0.988246671606502,0.152867642287932));
#10439=DIRECTION('ref_axis',(0.,-0.152867642287932,-0.988246671606502));
#10440=DIRECTION('',(-2.23312073931873E-17,-0.152867642287932,-0.988246671606502));
#10441=DIRECTION('',(0.,0.152867642287932,0.988246671606502));
#10442=DIRECTION('center_axis',(0.,-0.988246671606502,0.152867642287932));
#10443=DIRECTION('ref_axis',(0.,-0.152867642287932,-0.988246671606502));
#10444=DIRECTION('',(0.,0.152867642287932,0.988246671606502));
#10445=DIRECTION('',(-2.23312073931873E-17,-0.152867642287932,-0.988246671606502));
#10446=DIRECTION('center_axis',(0.,-0.988246671606502,0.152867642287932));
#10447=DIRECTION('ref_axis',(0.,-0.152867642287932,-0.988246671606502));
#10448=DIRECTION('',(-2.23312073931873E-17,-0.152867642287932,-0.988246671606502));
#10449=DIRECTION('',(0.,0.152867642287932,0.988246671606502));
#10450=DIRECTION('center_axis',(0.,-0.988246671606502,0.152867642287932));
#10451=DIRECTION('ref_axis',(0.,-0.152867642287932,-0.988246671606502));
#10452=DIRECTION('',(0.,0.152867642287932,0.988246671606502));
#10453=DIRECTION('',(-2.23312073931873E-17,-0.152867642287932,-0.988246671606502));
#10454=DIRECTION('center_axis',(0.,-0.988246671606502,0.152867642287932));
#10455=DIRECTION('ref_axis',(0.,-0.152867642287932,-0.988246671606502));
#10456=DIRECTION('',(-2.23312073931873E-17,-0.152867642287932,-0.988246671606502));
#10457=DIRECTION('',(0.,0.152867642287932,0.988246671606502));
#10458=DIRECTION('center_axis',(0.,-0.988246671606502,0.152867642287932));
#10459=DIRECTION('ref_axis',(0.,-0.152867642287932,-0.988246671606502));
#10460=DIRECTION('',(0.,0.152867642287932,0.988246671606502));
#10461=DIRECTION('',(-2.23312073931873E-17,-0.152867642287932,-0.988246671606502));
#10462=DIRECTION('center_axis',(0.,-0.988246671606502,0.152867642287932));
#10463=DIRECTION('ref_axis',(0.,-0.152867642287932,-0.988246671606502));
#10464=DIRECTION('',(-2.23312073931873E-17,-0.152867642287932,-0.988246671606502));
#10465=DIRECTION('',(0.,0.152867642287932,0.988246671606502));
#10466=DIRECTION('center_axis',(-1.,1.46081976924363E-16,0.));
#10467=DIRECTION('ref_axis',(-1.46081976924363E-16,-1.,0.));
#10468=DIRECTION('',(1.46081976924363E-16,1.,0.));
#10469=DIRECTION('',(0.,0.,1.));
#10470=DIRECTION('',(-1.46081976924363E-16,-1.,0.));
#10471=DIRECTION('',(0.,0.,-1.));
#10472=DIRECTION('center_axis',(-1.,1.46081976924363E-16,0.));
#10473=DIRECTION('ref_axis',(0.,-0.727632706379031,0.68596694133721));
#10474=DIRECTION('',(0.,0.,-1.));
#10475=DIRECTION('center_axis',(-1.,-2.92163953848502E-17,0.));
#10476=DIRECTION('ref_axis',(2.92163953848502E-17,-1.,0.));
#10477=DIRECTION('',(-2.92163953848502E-17,1.,0.));
#10478=DIRECTION('',(0.,0.,1.));
#10479=DIRECTION('',(0.,0.,-1.));
#10480=DIRECTION('center_axis',(-1.,-2.92163953848502E-17,0.));
#10481=DIRECTION('ref_axis',(0.,-0.727632706379031,0.68596694133721));
#10482=DIRECTION('',(0.,0.,-1.));
#10483=DIRECTION('center_axis',(0.,-1.,0.));
#10484=DIRECTION('ref_axis',(0.,0.,-1.));
#10485=DIRECTION('',(0.,0.,1.));
#10486=DIRECTION('',(-1.,0.,0.));
#10487=DIRECTION('center_axis',(0.,-1.,0.));
#10488=DIRECTION('ref_axis',(0.,0.,-1.));
#10489=DIRECTION('',(0.,0.,1.));
#10490=DIRECTION('',(-1.,0.,0.));
#10491=DIRECTION('',(-1.,0.,0.));
#10492=DIRECTION('center_axis',(1.,0.,0.));
#10493=DIRECTION('ref_axis',(0.,-0.727632706379031,0.68596694133721));
#10494=DIRECTION('center_axis',(1.,1.46081976924363E-16,0.));
#10495=DIRECTION('ref_axis',(0.,-0.727632706379031,0.68596694133721));
#10496=DIRECTION('',(1.,0.,0.));
#10497=DIRECTION('center_axis',(0.,-1.,0.));
#10498=DIRECTION('ref_axis',(0.,0.,-1.));
#10499=DIRECTION('',(0.,0.,1.));
#10500=DIRECTION('center_axis',(0.,-1.,0.));
#10501=DIRECTION('ref_axis',(0.,0.,-1.));
#10502=DIRECTION('',(0.,0.,1.));
#10503=DIRECTION('',(1.,0.,0.));
#10504=DIRECTION('center_axis',(1.,0.,0.));
#10505=DIRECTION('ref_axis',(0.,-0.727632706379031,0.68596694133721));
#10506=DIRECTION('center_axis',(1.,0.,0.));
#10507=DIRECTION('ref_axis',(0.,-0.727632706379031,0.68596694133721));
#10508=DIRECTION('center_axis',(0.,0.,1.));
#10509=DIRECTION('ref_axis',(1.,0.,0.));
#10510=DIRECTION('center_axis',(0.,0.,-1.));
#10511=DIRECTION('ref_axis',(1.,2.91019985887431E-11,0.));
#10512=DIRECTION('',(0.,1.,0.));
#10513=DIRECTION('center_axis',(0.,0.,1.));
#10514=DIRECTION('ref_axis',(-1.,4.16333634234434E-16,0.));
#10515=DIRECTION('',(1.,3.46944695195361E-17,0.));
#10516=DIRECTION('center_axis',(0.,0.,1.));
#10517=DIRECTION('ref_axis',(1.,0.,0.));
#10518=DIRECTION('',(0.,-1.,0.));
#10519=DIRECTION('center_axis',(0.,0.,1.));
#10520=DIRECTION('ref_axis',(1.,2.91019985887431E-11,0.));
#10521=DIRECTION('center_axis',(0.,0.,1.));
#10522=DIRECTION('ref_axis',(-2.91033863675238E-11,1.,0.));
#10523=DIRECTION('',(1.46081976924363E-16,-1.,0.));
#10524=DIRECTION('center_axis',(0.,0.,-1.));
#10525=DIRECTION('ref_axis',(0.,-1.,0.));
#10526=DIRECTION('',(-1.,-3.46944695195361E-17,0.));
#10527=DIRECTION('center_axis',(0.,0.,-1.));
#10528=DIRECTION('ref_axis',(-1.,4.16333634234434E-16,0.));
#10529=DIRECTION('center_axis',(0.,0.,1.));
#10530=DIRECTION('ref_axis',(-1.,4.16333634234434E-16,0.));
#10531=DIRECTION('',(0.,0.,-1.));
#10532=DIRECTION('center_axis',(1.,0.,0.));
#10533=DIRECTION('ref_axis',(0.,1.,0.));
#10534=DIRECTION('',(0.,0.,1.));
#10535=DIRECTION('center_axis',(0.,0.,1.));
#10536=DIRECTION('ref_axis',(1.,2.91019985887431E-11,0.));
#10537=DIRECTION('center_axis',(0.,0.,1.));
#10538=DIRECTION('ref_axis',(-2.91033863675238E-11,1.,0.));
#10539=DIRECTION('center_axis',(1.,1.46081976924363E-16,0.));
#10540=DIRECTION('ref_axis',(-1.46081976924363E-16,1.,0.));
#10541=DIRECTION('',(0.,0.,1.));
#10542=DIRECTION('center_axis',(0.,0.,1.));
#10543=DIRECTION('ref_axis',(0.,-1.,0.));
#10544=DIRECTION('',(0.,0.,1.));
#10545=DIRECTION('center_axis',(3.46944695195361E-17,-1.,0.));
#10546=DIRECTION('ref_axis',(1.,3.46944695195361E-17,0.));
#10547=DIRECTION('center_axis',(-1.,0.,0.));
#10548=DIRECTION('ref_axis',(0.,0.,1.));
#10549=DIRECTION('center_axis',(1.,0.,0.));
#10550=DIRECTION('ref_axis',(0.,0.,-1.));
#10551=DIRECTION('center_axis',(1.,0.,0.));
#10552=DIRECTION('ref_axis',(0.,1.,0.));
#10553=DIRECTION('center_axis',(0.,0.,1.));
#10554=DIRECTION('ref_axis',(1.,0.,0.));
#10555=DIRECTION('center_axis',(1.,0.,0.));
#10556=DIRECTION('ref_axis',(0.,0.,-1.));
#10557=DIRECTION('center_axis',(1.,0.,0.));
#10558=DIRECTION('ref_axis',(0.,0.,-1.));
#10559=DIRECTION('center_axis',(-1.,0.,0.));
#10560=DIRECTION('ref_axis',(0.,1.,0.));
#10561=DIRECTION('center_axis',(0.,0.,1.));
#10562=DIRECTION('ref_axis',(-0.999991750368701,-0.00406192005594838,0.));
#10563=DIRECTION('center_axis',(1.,0.,0.));
#10564=DIRECTION('ref_axis',(0.,1.,0.));
#10565=DIRECTION('',(-1.,0.,0.));
#10566=DIRECTION('center_axis',(2.01001264924609E-16,0.954760799502797,
-0.297374874077786));
#10567=DIRECTION('ref_axis',(-1.,2.13738729078926E-16,1.03172635045677E-17));
#10568=DIRECTION('',(7.34110463976937E-17,0.297374874077786,0.954760799502797));
#10569=DIRECTION('',(1.,-2.13738729078926E-16,-1.03172635045677E-17));
#10570=DIRECTION('',(-7.34110463976937E-17,-0.297374874077786,-0.954760799502797));
#10571=DIRECTION('',(1.,-2.13738729078926E-16,-1.03172635045677E-17));
#10572=DIRECTION('',(-7.34110463976937E-17,-0.297374874077786,-0.954760799502797));
#10573=DIRECTION('',(-1.,2.13738729078926E-16,1.03172635045677E-17));
#10574=DIRECTION('',(7.34110463976937E-17,0.297374874077786,0.954760799502797));
#10575=DIRECTION('',(1.,-2.13738729078926E-16,-1.03172635045677E-17));
#10576=DIRECTION('center_axis',(7.34110463976937E-17,0.297374874077786,
0.954760799502797));
#10577=DIRECTION('ref_axis',(-1.,2.46863648535724E-16,5.82840610339198E-32));
#10578=DIRECTION('',(2.0091738400086E-16,0.954760799502797,-0.297374874077786));
#10579=DIRECTION('',(-1.,2.13738729078926E-16,1.03172635045677E-17));
#10580=DIRECTION('',(2.0091738400086E-16,0.954760799502797,-0.297374874077786));
#10581=DIRECTION('center_axis',(1.,-2.13658642861104E-16,-1.03422075837052E-17));
#10582=DIRECTION('ref_axis',(7.34110463976937E-17,0.297374874077786,0.954760799502797));
#10583=DIRECTION('',(2.0091738400086E-16,0.954760799502797,-0.297374874077786));
#10584=DIRECTION('',(7.34110463976937E-17,0.297374874077786,0.954760799502797));
#10585=DIRECTION('center_axis',(7.34110463976937E-17,0.297374874077786,
0.954760799502797));
#10586=DIRECTION('ref_axis',(-1.,2.46863648535724E-16,5.82840610339198E-32));
#10587=DIRECTION('',(2.0091738400086E-16,0.954760799502797,-0.297374874077786));
#10588=DIRECTION('',(-1.,2.13738729078926E-16,1.03172635045677E-17));
#10589=DIRECTION('center_axis',(-1.,2.13658642861104E-16,1.03422075837052E-17));
#10590=DIRECTION('ref_axis',(-7.34110463976937E-17,-0.297374874077786,-0.954760799502797));
#10591=DIRECTION('',(2.0091738400086E-16,0.954760799502797,-0.297374874077786));
#10592=DIRECTION('',(-7.34110463976937E-17,-0.297374874077786,-0.954760799502797));
#10593=DIRECTION('center_axis',(7.34110463976937E-17,0.297374874077786,
0.954760799502797));
#10594=DIRECTION('ref_axis',(-1.,2.46863648535724E-16,5.82840610339198E-32));
#10595=DIRECTION('',(2.0091738400086E-16,0.954760799502797,-0.297374874077786));
#10596=DIRECTION('',(-1.,2.13738729078926E-16,1.03172635045677E-17));
#10597=DIRECTION('center_axis',(-1.,2.13658642861104E-16,1.03422075837052E-17));
#10598=DIRECTION('ref_axis',(-7.34110463976937E-17,-0.297374874077786,-0.954760799502797));
#10599=DIRECTION('',(2.0091738400086E-16,0.954760799502797,-0.297374874077786));
#10600=DIRECTION('',(-7.34110463976937E-17,-0.297374874077786,-0.954760799502797));
#10601=DIRECTION('center_axis',(-7.34110463976937E-17,-0.297374874077786,
-0.954760799502797));
#10602=DIRECTION('ref_axis',(1.,-2.46863648535724E-16,-5.82840610339198E-32));
#10603=DIRECTION('',(2.0091738400086E-16,0.954760799502797,-0.297374874077786));
#10604=DIRECTION('',(1.,-2.13738729078926E-16,-1.03172635045677E-17));
#10605=DIRECTION('center_axis',(1.,-2.13658642861104E-16,-1.03422075837052E-17));
#10606=DIRECTION('ref_axis',(7.34110463976937E-17,0.297374874077786,0.954760799502797));
#10607=DIRECTION('',(7.34110463976937E-17,0.297374874077786,0.954760799502797));
#10608=DIRECTION('center_axis',(1.99503629917799E-16,0.954760799502797,
-0.297374874077786));
#10609=DIRECTION('ref_axis',(1.,-2.12308845882461E-16,-1.07626225261322E-17));
#10610=DIRECTION('center_axis',(2.01001264924609E-16,0.954760799502797,
-0.297374874077786));
#10611=DIRECTION('ref_axis',(1.,-2.12308845882461E-16,-1.07626225261322E-17));
#10612=DIRECTION('',(-1.99503629917799E-16,-0.954760799502797,0.297374874077786));
#10613=DIRECTION('center_axis',(-2.01001264924609E-16,-0.954760799502797,
0.297374874077786));
#10614=DIRECTION('ref_axis',(1.,-2.12308845882461E-16,-1.07626225261322E-17));
#10615=DIRECTION('center_axis',(1.99503629917799E-16,0.954760799502797,
-0.297374874077786));
#10616=DIRECTION('ref_axis',(1.,-2.12308845882461E-16,-1.07626225261322E-17));
#10617=DIRECTION('center_axis',(2.01001264924609E-16,0.954760799502797,
-0.297374874077786));
#10618=DIRECTION('ref_axis',(1.,-2.12308845882461E-16,-1.07626225261322E-17));
#10619=DIRECTION('',(1.99503629917799E-16,0.954760799502797,-0.297374874077786));
#10620=DIRECTION('center_axis',(-2.01001264924609E-16,-0.954760799502797,
0.297374874077786));
#10621=DIRECTION('ref_axis',(1.,-2.12308845882461E-16,-1.07626225261322E-17));
#10622=DIRECTION('center_axis',(2.01001264924609E-16,0.954760799502797,
-0.297374874077786));
#10623=DIRECTION('ref_axis',(-1.,2.13738729078926E-16,1.03172635045677E-17));
#10624=DIRECTION('center_axis',(2.01001264924609E-16,0.954760799502797,
-0.297374874077786));
#10625=DIRECTION('ref_axis',(-1.,2.13738729078926E-16,1.03172635045677E-17));
#10626=DIRECTION('',(-7.34110463976937E-17,-0.297374874077786,-0.954760799502797));
#10627=DIRECTION('',(-1.,2.13738729078926E-16,1.03172635045677E-17));
#10628=DIRECTION('',(7.34110463976937E-17,0.297374874077786,0.954760799502797));
#10629=DIRECTION('',(1.,-2.13738729078926E-16,-1.03172635045677E-17));
#10630=DIRECTION('center_axis',(-7.34110463976937E-17,-0.297374874077786,
-0.954760799502797));
#10631=DIRECTION('ref_axis',(1.,-2.46863648535724E-16,-5.82840610339198E-32));
#10632=DIRECTION('',(2.00634633184248E-16,0.954760799502797,-0.297374874077786));
#10633=DIRECTION('',(1.,-2.13738729078926E-16,-1.03172635045677E-17));
#10634=DIRECTION('',(2.00634633184248E-16,0.954760799502797,-0.297374874077786));
#10635=DIRECTION('center_axis',(1.,-2.13388683465376E-16,-1.04262905721906E-17));
#10636=DIRECTION('ref_axis',(7.34110463976937E-17,0.297374874077786,0.954760799502797));
#10637=DIRECTION('',(2.00634633184248E-16,0.954760799502797,-0.297374874077786));
#10638=DIRECTION('',(7.34110463976937E-17,0.297374874077786,0.954760799502797));
#10639=DIRECTION('center_axis',(7.34110463976937E-17,0.297374874077786,
0.954760799502797));
#10640=DIRECTION('ref_axis',(-1.,2.46863648535724E-16,5.82840610339198E-32));
#10641=DIRECTION('',(2.00634633184248E-16,0.954760799502797,-0.297374874077786));
#10642=DIRECTION('',(-1.,2.13738729078926E-16,1.03172635045677E-17));
#10643=DIRECTION('center_axis',(-1.,2.13388683465376E-16,1.04262905721906E-17));
#10644=DIRECTION('ref_axis',(-7.34110463976937E-17,-0.297374874077786,-0.954760799502797));
#10645=DIRECTION('',(-7.34110463976937E-17,-0.297374874077786,-0.954760799502797));
#10646=DIRECTION('center_axis',(-1.,2.1446852104829E-16,1.0089958618249E-17));
#10647=DIRECTION('ref_axis',(-7.34110463976937E-17,-0.297374874077786,-0.954760799502797));
#10648=DIRECTION('',(7.34110463976937E-17,0.297374874077786,0.954760799502797));
#10649=DIRECTION('',(2.01765636450696E-16,0.954760799502797,-0.297374874077786));
#10650=DIRECTION('',(-7.34110463976937E-17,-0.297374874077786,-0.954760799502797));
#10651=DIRECTION('',(2.01765636450696E-16,0.954760799502797,-0.297374874077786));
#10652=DIRECTION('center_axis',(7.34110463976937E-17,0.297374874077786,
0.954760799502797));
#10653=DIRECTION('ref_axis',(-1.,2.46863648535724E-16,5.82840610339198E-32));
#10654=DIRECTION('',(1.,-2.13738729078926E-16,-1.03172635045677E-17));
#10655=DIRECTION('',(-1.,2.13738729078926E-16,1.03172635045677E-17));
#10656=DIRECTION('',(2.01765636450696E-16,0.954760799502797,-0.297374874077786));
#10657=DIRECTION('center_axis',(1.,-2.1446852104829E-16,-1.0089958618249E-17));
#10658=DIRECTION('ref_axis',(7.34110463976937E-17,0.297374874077786,0.954760799502797));
#10659=DIRECTION('',(-7.34110463976937E-17,-0.297374874077786,-0.954760799502797));
#10660=DIRECTION('',(7.34110463976937E-17,0.297374874077786,0.954760799502797));
#10661=DIRECTION('',(2.01765636450696E-16,0.954760799502797,-0.297374874077786));
#10662=DIRECTION('center_axis',(-7.34110463976937E-17,-0.297374874077786,
-0.954760799502797));
#10663=DIRECTION('ref_axis',(1.,-2.46863648535724E-16,-5.82840610339198E-32));
#10664=DIRECTION('',(-1.,2.13738729078926E-16,1.03172635045677E-17));
#10665=DIRECTION('',(1.,-2.13738729078926E-16,-1.03172635045677E-17));
#10666=DIRECTION('center_axis',(2.01001264924609E-16,0.954760799502797,
-0.297374874077786));
#10667=DIRECTION('ref_axis',(-1.,2.13738729078926E-16,1.03172635045677E-17));
#10668=DIRECTION('center_axis',(2.01001264924609E-16,0.954760799502797,
-0.297374874077786));
#10669=DIRECTION('ref_axis',(-1.,2.13738729078926E-16,1.03172635045677E-17));
#10670=DIRECTION('center_axis',(-2.10853655064597E-16,-0.854130028115843,
0.520059511085826));
#10671=DIRECTION('ref_axis',(1.28383788362352E-16,0.520059511085826,0.854130028115843));
#10672=DIRECTION('',(-1.28383788362352E-16,-0.520059511085826,-0.854130028115843));
#10673=DIRECTION('',(1.,-2.46863648535724E-16,-5.82840610339198E-32));
#10674=DIRECTION('',(1.28383788362352E-16,0.520059511085826,0.854130028115843));
#10675=DIRECTION('center_axis',(2.10853655064597E-16,0.854130028115843,
-0.520059511085826));
#10676=DIRECTION('ref_axis',(7.05847961953294E-12,-0.520059511085826,-0.854130028115843));
#10677=DIRECTION('',(-1.,2.46863648535724E-16,5.82840610339198E-32));
#10678=DIRECTION('center_axis',(-2.10853655064597E-16,-0.854130028115843,
0.520059511085826));
#10679=DIRECTION('ref_axis',(1.28383788362352E-16,0.520059511085826,0.854130028115843));
#10680=DIRECTION('center_axis',(7.34110463976937E-17,0.297374874077786,
0.954760799502797));
#10681=DIRECTION('ref_axis',(-1.,2.46863648535724E-16,5.82840610339198E-32));
#10682=DIRECTION('center_axis',(-7.34110463976937E-17,-0.297374874077786,
-0.954760799502797));
#10683=DIRECTION('ref_axis',(2.91031506717895E-11,-0.954760799502797,0.297374874077786));
#10684=DIRECTION('',(1.,-2.13738729079047E-16,-1.03172635045302E-17));
#10685=DIRECTION('center_axis',(-7.34110463976937E-17,-0.297374874077786,
-0.954760799502797));
#10686=DIRECTION('ref_axis',(-1.,-2.77852005760692E-11,8.65420316573942E-12));
#10687=DIRECTION('',(-1.,2.46863648535724E-16,5.82840610339198E-32));
#10688=DIRECTION('center_axis',(7.34110463976937E-17,0.297374874077786,
0.954760799502797));
#10689=DIRECTION('ref_axis',(1.,-6.44362682017297E-16,1.23807162054812E-16));
#10690=DIRECTION('',(-1.,2.13738729078926E-16,1.03172635045677E-17));
#10691=DIRECTION('center_axis',(7.34110463976937E-17,0.297374874077786,
0.954760799502797));
#10692=DIRECTION('ref_axis',(2.35695734444145E-16,0.954760799502797,-0.297374874077786));
#10693=DIRECTION('center_axis',(7.34110463976937E-17,0.297374874077786,
0.954760799502797));
#10694=DIRECTION('ref_axis',(2.91031506717895E-11,-0.954760799502797,0.297374874077786));
#10695=DIRECTION('',(7.34110463976937E-17,0.297374874077786,0.954760799502797));
#10696=DIRECTION('center_axis',(7.34110463976937E-17,0.297374874077786,
0.954760799502797));
#10697=DIRECTION('ref_axis',(2.91031506717895E-11,-0.954760799502797,0.297374874077786));
#10698=DIRECTION('',(7.34110463976937E-17,0.297374874077786,0.954760799502797));
#10699=DIRECTION('center_axis',(1.,-2.46863648535724E-16,-5.82840610339198E-32));
#10700=DIRECTION('ref_axis',(2.35695734444145E-16,0.954760799502797,-0.297374874077786));
#10701=DIRECTION('',(-7.34110463976937E-17,-0.297374874077786,-0.954760799502797));
#10702=DIRECTION('',(-2.35695734444145E-16,-0.954760799502797,0.297374874077786));
#10703=DIRECTION('',(7.34110463976937E-17,0.297374874077786,0.954760799502797));
#10704=DIRECTION('center_axis',(-1.,2.46863648535724E-16,5.82840610339198E-32));
#10705=DIRECTION('ref_axis',(-2.35695734444145E-16,-0.954760799502797,0.297374874077786));
#10706=DIRECTION('',(7.34110463976937E-17,0.297374874077786,0.954760799502797));
#10707=DIRECTION('center_axis',(-1.,2.46863648535724E-16,5.82840610339198E-32));
#10708=DIRECTION('ref_axis',(-2.35695734444145E-16,-0.954760799502797,0.297374874077786));
#10709=DIRECTION('',(7.34110463976937E-17,0.297374874077786,0.954760799502797));
#10710=DIRECTION('center_axis',(-1.,2.46863648535724E-16,5.82840610339198E-32));
#10711=DIRECTION('ref_axis',(-2.35695734444145E-16,-0.954760799502797,0.297374874077786));
#10712=DIRECTION('',(-3.65179710398724E-17,-0.147927697157841,-0.988998178164944));
#10713=DIRECTION('center_axis',(-1.,2.46863648535724E-16,5.82840610339198E-32));
#10714=DIRECTION('ref_axis',(-2.35695734444145E-16,-0.954760799502797,0.297374874077786));
#10715=DIRECTION('',(-3.65179710398724E-17,-0.147927697157841,-0.988998178164944));
#10716=DIRECTION('center_axis',(-1.,2.46863648535724E-16,5.82840610339198E-32));
#10717=DIRECTION('ref_axis',(-2.35695734444145E-16,-0.954760799502797,0.297374874077786));
#10718=DIRECTION('',(-3.65179710398724E-17,-0.147927697157841,-0.988998178164944));
#10719=DIRECTION('center_axis',(-1.,2.46863648535724E-16,5.82840610339198E-32));
#10720=DIRECTION('ref_axis',(-2.35695734444145E-16,-0.954760799502797,0.297374874077786));
#10721=DIRECTION('',(-3.65179710398724E-17,-0.147927697157841,-0.988998178164944));
#10722=DIRECTION('center_axis',(-1.,2.46863648535724E-16,5.82840610339198E-32));
#10723=DIRECTION('ref_axis',(-2.35695734444145E-16,-0.954760799502797,0.297374874077786));
#10724=DIRECTION('',(-3.65179710398724E-17,-0.147927697157841,-0.988998178164944));
#10725=DIRECTION('center_axis',(-1.,2.46863648535724E-16,5.82840610339198E-32));
#10726=DIRECTION('ref_axis',(-2.35695734444145E-16,-0.954760799502797,0.297374874077786));
#10727=DIRECTION('',(-3.65179710398724E-17,-0.147927697157841,-0.988998178164944));
#10728=DIRECTION('center_axis',(-1.,2.46863648535724E-16,5.82840610339198E-32));
#10729=DIRECTION('ref_axis',(-2.35695734444145E-16,-0.954760799502797,0.297374874077786));
#10730=DIRECTION('',(-3.65179710398724E-17,-0.147927697157841,-0.988998178164944));
#10731=DIRECTION('center_axis',(-1.,2.46863648535724E-16,5.82840610339198E-32));
#10732=DIRECTION('ref_axis',(-2.35695734444145E-16,-0.954760799502797,0.297374874077786));
#10733=DIRECTION('',(-3.65179710398724E-17,-0.147927697157841,-0.988998178164944));
#10734=DIRECTION('center_axis',(-1.,2.46863648535724E-16,5.82840610339198E-32));
#10735=DIRECTION('ref_axis',(-2.35695734444145E-16,-0.954760799502797,0.297374874077786));
#10736=DIRECTION('',(-3.65179710398724E-17,-0.147927697157841,-0.988998178164944));
#10737=DIRECTION('center_axis',(-1.,2.46863648535724E-16,5.82840610339198E-32));
#10738=DIRECTION('ref_axis',(-2.35695734444145E-16,-0.954760799502797,0.297374874077786));
#10739=DIRECTION('',(-3.65179710398724E-17,-0.147927697157841,-0.988998178164944));
#10740=DIRECTION('',(-2.35695734444145E-16,-0.954760799502798,0.297374874077786));
#10741=DIRECTION('center_axis',(-2.10853655064597E-16,-0.854130028115843,
0.520059511085826));
#10742=DIRECTION('ref_axis',(1.28383788362352E-16,0.520059511085826,0.854130028115843));
#10743=DIRECTION('center_axis',(-2.10853655064597E-16,-0.854130028115843,
0.520059511085826));
#10744=DIRECTION('ref_axis',(2.29359526565048E-16,0.520059511085826,0.854130028115843));
#10745=DIRECTION('center_axis',(2.10853655064597E-16,0.854130028115843,
-0.520059511085826));
#10746=DIRECTION('ref_axis',(7.05814303373896E-12,-0.520059511085826,-0.854130028115843));
#10747=DIRECTION('',(-1.28383788362352E-16,-0.520059511085826,-0.854130028115843));
#10748=DIRECTION('',(1.,-2.46863648535724E-16,-5.82840610339198E-32));
#10749=DIRECTION('',(1.28383788362352E-16,0.520059511085826,0.854130028115843));
#10750=DIRECTION('center_axis',(-1.,2.46863648535724E-16,5.82840610339198E-32));
#10751=DIRECTION('ref_axis',(-2.35695734444145E-16,-0.954760799502797,0.297374874077786));
#10752=DIRECTION('',(7.34110463976937E-17,0.297374874077786,0.954760799502797));
#10753=DIRECTION('',(2.35695734444145E-16,0.954760799502798,-0.297374874077786));
#10754=DIRECTION('',(3.65179710398724E-17,0.147927697157841,0.988998178164944));
#10755=DIRECTION('center_axis',(1.,-2.46863648535724E-16,-5.82840610339198E-32));
#10756=DIRECTION('ref_axis',(-2.35695734444145E-16,-0.954760799502797,0.297374874077786));
#10757=DIRECTION('',(3.65179710398724E-17,0.147927697157841,0.988998178164944));
#10758=DIRECTION('center_axis',(1.,-2.46863648535724E-16,-5.82840610339198E-32));
#10759=DIRECTION('ref_axis',(-2.35695734444145E-16,-0.954760799502797,0.297374874077786));
#10760=DIRECTION('',(3.65179710398724E-17,0.147927697157841,0.988998178164944));
#10761=DIRECTION('center_axis',(1.,-2.46863648535724E-16,-5.82840610339198E-32));
#10762=DIRECTION('ref_axis',(-2.35695734444145E-16,-0.954760799502797,0.297374874077786));
#10763=DIRECTION('',(3.65179710398724E-17,0.147927697157841,0.988998178164944));
#10764=DIRECTION('center_axis',(1.,-2.46863648535724E-16,-5.82840610339198E-32));
#10765=DIRECTION('ref_axis',(-2.35695734444145E-16,-0.954760799502797,0.297374874077786));
#10766=DIRECTION('',(3.65179710398724E-17,0.147927697157841,0.988998178164944));
#10767=DIRECTION('center_axis',(1.,-2.46863648535724E-16,-5.82840610339198E-32));
#10768=DIRECTION('ref_axis',(-2.35695734444145E-16,-0.954760799502797,0.297374874077786));
#10769=DIRECTION('',(3.65179710398724E-17,0.147927697157841,0.988998178164944));
#10770=DIRECTION('center_axis',(1.,-2.46863648535724E-16,-5.82840610339198E-32));
#10771=DIRECTION('ref_axis',(-2.35695734444145E-16,-0.954760799502797,0.297374874077786));
#10772=DIRECTION('',(3.65179710398724E-17,0.147927697157841,0.988998178164944));
#10773=DIRECTION('center_axis',(1.,-2.46863648535724E-16,-5.82840610339198E-32));
#10774=DIRECTION('ref_axis',(-2.35695734444145E-16,-0.954760799502797,0.297374874077786));
#10775=DIRECTION('',(3.65179710398724E-17,0.147927697157841,0.988998178164944));
#10776=DIRECTION('center_axis',(1.,-2.46863648535724E-16,-5.82840610339198E-32));
#10777=DIRECTION('ref_axis',(-2.35695734444145E-16,-0.954760799502797,0.297374874077786));
#10778=DIRECTION('',(3.65179710398724E-17,0.147927697157841,0.988998178164944));
#10779=DIRECTION('center_axis',(1.,-2.46863648535724E-16,-5.82840610339198E-32));
#10780=DIRECTION('ref_axis',(-2.35695734444145E-16,-0.954760799502797,0.297374874077786));
#10781=DIRECTION('',(3.65179710398724E-17,0.147927697157841,0.988998178164944));
#10782=DIRECTION('center_axis',(1.,-2.46863648535724E-16,-5.82840610339198E-32));
#10783=DIRECTION('ref_axis',(-2.35695734444145E-16,-0.954760799502797,0.297374874077786));
#10784=DIRECTION('',(7.34110463976937E-17,0.297374874077786,0.954760799502797));
#10785=DIRECTION('center_axis',(1.,-2.46863648535724E-16,-5.82840610339198E-32));
#10786=DIRECTION('ref_axis',(-2.35695734444145E-16,-0.954760799502797,0.297374874077786));
#10787=DIRECTION('',(7.34110463976937E-17,0.297374874077786,0.954760799502797));
#10788=DIRECTION('center_axis',(1.,-2.46863648535724E-16,-5.82840610339198E-32));
#10789=DIRECTION('ref_axis',(-2.35695734444145E-16,-0.954760799502797,0.297374874077786));
#10790=DIRECTION('',(7.34110463976937E-17,0.297374874077786,0.954760799502797));
#10791=DIRECTION('',(2.35695734444145E-16,0.954760799502797,-0.297374874077786));
#10792=DIRECTION('',(7.34110463976937E-17,0.297374874077786,0.954760799502797));
#10793=DIRECTION('center_axis',(7.34110463976937E-17,0.297374874077786,
0.954760799502797));
#10794=DIRECTION('ref_axis',(-1.,-2.77852005760692E-11,8.65420316573942E-12));
#10795=DIRECTION('',(7.34110463976937E-17,0.297374874077786,0.954760799502797));
#10796=DIRECTION('center_axis',(7.34110463976937E-17,0.297374874077786,
0.954760799502797));
#10797=DIRECTION('ref_axis',(-1.,-2.77852005760692E-11,8.65420316573942E-12));
#10798=DIRECTION('center_axis',(-1.,2.46863648535724E-16,5.82840610339198E-32));
#10799=DIRECTION('ref_axis',(2.44147698656982E-16,0.988998178164944,-0.147927697157841));
#10800=DIRECTION('',(-1.,2.46863648535724E-16,5.82840610339198E-32));
#10801=DIRECTION('center_axis',(-1.,2.46863648535724E-16,5.82840610339198E-32));
#10802=DIRECTION('ref_axis',(-2.35695734444145E-16,-0.954760799502797,0.297374874077786));
#10803=DIRECTION('',(1.,-2.46863648535724E-16,-5.82840610339198E-32));
#10804=DIRECTION('center_axis',(-1.,2.46863648535724E-16,5.82840610339198E-32));
#10805=DIRECTION('ref_axis',(2.44147698656982E-16,0.988998178164944,-0.147927697157841));
#10806=DIRECTION('',(-1.,2.46863648535724E-16,5.82840610339198E-32));
#10807=DIRECTION('',(1.,-2.46863648535724E-16,-5.82840610339198E-32));
#10808=DIRECTION('center_axis',(1.,-2.46863648535724E-16,-5.82840610339198E-32));
#10809=DIRECTION('ref_axis',(-2.35695734444145E-16,-0.954760799502797,0.297374874077786));
#10810=DIRECTION('center_axis',(-1.,2.46863648535724E-16,5.82840610339198E-32));
#10811=DIRECTION('ref_axis',(2.44147698656982E-16,0.988998178164944,-0.147927697157841));
#10812=DIRECTION('',(-1.,2.46863648535724E-16,5.82840610339198E-32));
#10813=DIRECTION('center_axis',(-1.,2.46863648535724E-16,5.82840610339198E-32));
#10814=DIRECTION('ref_axis',(-2.35695734444145E-16,-0.954760799502797,0.297374874077786));
#10815=DIRECTION('',(1.,-2.46863648535724E-16,-5.82840610339198E-32));
#10816=DIRECTION('center_axis',(-1.,2.46863648535724E-16,5.82840610339198E-32));
#10817=DIRECTION('ref_axis',(2.44147698656982E-16,0.988998178164944,-0.147927697157842));
#10818=DIRECTION('',(-1.,2.46863648535724E-16,5.82840610339198E-32));
#10819=DIRECTION('',(1.,-2.46863648535724E-16,-5.82840610339198E-32));
#10820=DIRECTION('center_axis',(1.,-2.46863648535724E-16,-5.82840610339198E-32));
#10821=DIRECTION('ref_axis',(-2.35695734444145E-16,-0.954760799502797,0.297374874077786));
#10822=DIRECTION('center_axis',(-1.,2.46863648535724E-16,5.82840610339198E-32));
#10823=DIRECTION('ref_axis',(2.44147698656982E-16,0.988998178164944,-0.147927697157841));
#10824=DIRECTION('',(-1.,2.46863648535724E-16,5.82840610339198E-32));
#10825=DIRECTION('center_axis',(-1.,2.46863648535724E-16,5.82840610339198E-32));
#10826=DIRECTION('ref_axis',(-2.35695734444145E-16,-0.954760799502797,0.297374874077786));
#10827=DIRECTION('',(1.,-2.46863648535724E-16,-5.82840610339198E-32));
#10828=DIRECTION('center_axis',(-1.,2.46863648535724E-16,5.82840610339198E-32));
#10829=DIRECTION('ref_axis',(2.44147698656982E-16,0.988998178164944,-0.147927697157841));
#10830=DIRECTION('',(-1.,2.46863648535724E-16,5.82840610339198E-32));
#10831=DIRECTION('',(1.,-2.46863648535724E-16,-5.82840610339198E-32));
#10832=DIRECTION('center_axis',(1.,-2.46863648535724E-16,-5.82840610339198E-32));
#10833=DIRECTION('ref_axis',(-2.35695734444145E-16,-0.954760799502797,0.297374874077786));
#10834=DIRECTION('center_axis',(-1.,2.46863648535724E-16,5.82840610339198E-32));
#10835=DIRECTION('ref_axis',(2.44147698656982E-16,0.988998178164944,-0.147927697157841));
#10836=DIRECTION('center_axis',(-0.707106781186548,-0.675117835739517,0.210275790014898));
#10837=DIRECTION('ref_axis',(0.707106781186547,-0.675117835739519,0.210275790014898));
#10838=DIRECTION('',(1.,-2.46863648535724E-16,-5.82840610339198E-32));
#10839=DIRECTION('',(-1.,2.46863648535724E-16,5.82840610339198E-32));
#10840=DIRECTION('center_axis',(-0.707106781186548,-0.675117835739517,0.210275790014898));
#10841=DIRECTION('ref_axis',(0.707106781186547,-0.675117835739519,0.210275790014898));
#10842=DIRECTION('center_axis',(-1.,2.46863648535724E-16,5.82840610339198E-32));
#10843=DIRECTION('ref_axis',(2.44147698656982E-16,0.988998178164944,-0.147927697157841));
#10844=DIRECTION('',(-1.,2.46863648535724E-16,5.82840610339198E-32));
#10845=DIRECTION('',(1.,-2.46863648535724E-16,-5.82840610339198E-32));
#10846=DIRECTION('center_axis',(0.707106781186548,-0.675117835739517,0.210275790014898));
#10847=DIRECTION('ref_axis',(-0.707106781186547,-0.675117835739518,0.210275790014898));
#10848=DIRECTION('center_axis',(0.707106781186548,-0.675117835739517,0.210275790014898));
#10849=DIRECTION('ref_axis',(-0.707106781186547,-0.675117835739518,0.210275790014898));
#10850=DIRECTION('center_axis',(-1.,2.46863648535724E-16,5.82840610339198E-32));
#10851=DIRECTION('ref_axis',(2.44147698656982E-16,0.988998178164944,-0.147927697157841));
#10852=DIRECTION('',(-1.,2.46863648535724E-16,5.82840610339198E-32));
#10853=DIRECTION('center_axis',(-1.,2.46863648535724E-16,5.82840610339198E-32));
#10854=DIRECTION('ref_axis',(-2.35695734444145E-16,-0.954760799502797,0.297374874077786));
#10855=DIRECTION('',(1.,-2.46863648535724E-16,-5.82840610339198E-32));
#10856=DIRECTION('center_axis',(-1.,2.46863648535724E-16,5.82840610339198E-32));
#10857=DIRECTION('ref_axis',(2.44147698656982E-16,0.988998178164944,-0.147927697157841));
#10858=DIRECTION('',(-1.,2.46863648535724E-16,5.82840610339198E-32));
#10859=DIRECTION('',(1.,-2.46863648535724E-16,-5.82840610339198E-32));
#10860=DIRECTION('center_axis',(1.,-2.46863648535724E-16,-5.82840610339198E-32));
#10861=DIRECTION('ref_axis',(-2.35695734444145E-16,-0.954760799502797,0.297374874077786));
#10862=DIRECTION('center_axis',(-1.,2.46863648535724E-16,5.82840610339198E-32));
#10863=DIRECTION('ref_axis',(2.44147698656982E-16,0.988998178164944,-0.147927697157841));
#10864=DIRECTION('',(-1.,2.46863648535724E-16,5.82840610339198E-32));
#10865=DIRECTION('center_axis',(-1.,2.46863648535724E-16,5.82840610339198E-32));
#10866=DIRECTION('ref_axis',(-2.35695734444145E-16,-0.954760799502797,0.297374874077786));
#10867=DIRECTION('',(1.,-2.46863648535724E-16,-5.82840610339198E-32));
#10868=DIRECTION('center_axis',(-1.,2.46863648535724E-16,5.82840610339198E-32));
#10869=DIRECTION('ref_axis',(2.44147698656982E-16,0.988998178164944,-0.147927697157841));
#10870=DIRECTION('',(-1.,2.46863648535724E-16,5.82840610339198E-32));
#10871=DIRECTION('',(1.,-2.46863648535724E-16,-5.82840610339198E-32));
#10872=DIRECTION('center_axis',(1.,-2.46863648535724E-16,-5.82840610339198E-32));
#10873=DIRECTION('ref_axis',(-2.35695734444145E-16,-0.954760799502797,0.297374874077786));
#10874=DIRECTION('center_axis',(-1.,2.46863648535724E-16,5.82840610339198E-32));
#10875=DIRECTION('ref_axis',(2.44147698656982E-16,0.988998178164944,-0.147927697157842));
#10876=DIRECTION('',(1.,-2.46863648535724E-16,-5.82840610339198E-32));
#10877=DIRECTION('center_axis',(1.,-2.46863648535724E-16,-5.82840610339198E-32));
#10878=DIRECTION('ref_axis',(-2.35695734444145E-16,-0.954760799502797,0.297374874077786));
#10879=DIRECTION('',(-1.,2.46863648535724E-16,5.82840610339198E-32));
#10880=DIRECTION('center_axis',(-1.,2.46863648535724E-16,5.82840610339198E-32));
#10881=DIRECTION('ref_axis',(2.44147698656982E-16,0.988998178164944,-0.147927697157842));
#10882=DIRECTION('',(-1.,2.46863648535724E-16,5.82840610339198E-32));
#10883=DIRECTION('center_axis',(-1.,2.46863648535724E-16,5.82840610339198E-32));
#10884=DIRECTION('ref_axis',(-2.35695734444145E-16,-0.954760799502797,0.297374874077786));
#10885=DIRECTION('',(1.,-2.46863648535724E-16,-5.82840610339198E-32));
#10886=DIRECTION('center_axis',(-1.,2.46863648535724E-16,5.82840610339198E-32));
#10887=DIRECTION('ref_axis',(2.44147698656982E-16,0.988998178164944,-0.147927697157841));
#10888=DIRECTION('',(-1.,2.46863648535724E-16,5.82840610339198E-32));
#10889=DIRECTION('center_axis',(-1.,2.46863648535724E-16,5.82840610339198E-32));
#10890=DIRECTION('ref_axis',(-2.35695734444145E-16,-0.954760799502797,0.297374874077786));
#10891=DIRECTION('',(1.,-2.46863648535724E-16,-5.82840610339198E-32));
#10892=DIRECTION('center_axis',(-1.,2.46863648535724E-16,5.82840610339198E-32));
#10893=DIRECTION('ref_axis',(2.44147698656982E-16,0.988998178164944,-0.147927697157841));
#10894=DIRECTION('',(-1.,2.46863648535724E-16,5.82840610339198E-32));
#10895=DIRECTION('',(1.,-2.46863648535724E-16,-5.82840610339198E-32));
#10896=DIRECTION('center_axis',(1.,-2.46863648535724E-16,-5.82840610339198E-32));
#10897=DIRECTION('ref_axis',(-2.35695734444145E-16,-0.954760799502797,0.297374874077786));
#10898=DIRECTION('center_axis',(-1.,2.46863648535724E-16,5.82840610339198E-32));
#10899=DIRECTION('ref_axis',(2.44147698656982E-16,0.988998178164944,-0.147927697157841));
#10900=DIRECTION('',(-1.,2.46863648535724E-16,5.82840610339198E-32));
#10901=DIRECTION('center_axis',(-1.,2.46863648535724E-16,5.82840610339198E-32));
#10902=DIRECTION('ref_axis',(-2.35695734444145E-16,-0.954760799502797,0.297374874077786));
#10903=DIRECTION('',(1.,-2.46863648535724E-16,-5.82840610339198E-32));
#10904=DIRECTION('center_axis',(-1.,2.46863648535724E-16,5.82840610339198E-32));
#10905=DIRECTION('ref_axis',(2.44147698656982E-16,0.988998178164944,-0.147927697157841));
#10906=DIRECTION('',(-1.,2.46863648535724E-16,5.82840610339198E-32));
#10907=DIRECTION('',(1.,-2.46863648535724E-16,-5.82840610339198E-32));
#10908=DIRECTION('center_axis',(1.,-2.46863648535724E-16,-5.82840610339198E-32));
#10909=DIRECTION('ref_axis',(-2.35695734444145E-16,-0.954760799502797,0.297374874077786));
#10910=DIRECTION('center_axis',(-1.,2.46863648535724E-16,5.82840610339198E-32));
#10911=DIRECTION('ref_axis',(2.44147698656982E-16,0.988998178164944,-0.147927697157841));
#10912=DIRECTION('',(-1.,2.46863648535724E-16,5.82840610339198E-32));
#10913=DIRECTION('center_axis',(-1.,2.46863648535724E-16,5.82840610339198E-32));
#10914=DIRECTION('ref_axis',(-2.35695734444145E-16,-0.954760799502797,0.297374874077786));
#10915=DIRECTION('',(1.,-2.46863648535724E-16,-5.82840610339198E-32));
#10916=DIRECTION('center_axis',(-1.,2.46863648535724E-16,5.82840610339198E-32));
#10917=DIRECTION('ref_axis',(2.44147698656982E-16,0.988998178164944,-0.147927697157841));
#10918=DIRECTION('',(-1.,2.46863648535724E-16,5.82840610339198E-32));
#10919=DIRECTION('',(1.,-2.46863648535724E-16,-5.82840610339198E-32));
#10920=DIRECTION('center_axis',(1.,-2.46863648535724E-16,-5.82840610339198E-32));
#10921=DIRECTION('ref_axis',(-2.35695734444145E-16,-0.954760799502797,0.297374874077786));
#10922=DIRECTION('center_axis',(-1.,2.46863648535724E-16,5.82840610339198E-32));
#10923=DIRECTION('ref_axis',(-2.35695734444145E-16,-0.954760799502798,0.297374874077786));
#10924=DIRECTION('center_axis',(-1.,5.91963703436442E-16,-1.0748669763545E-16));
#10925=DIRECTION('ref_axis',(-2.35695734444145E-16,-0.954760799502798,0.297374874077786));
#10926=DIRECTION('',(-1.,2.46863648535724E-16,5.82840610339198E-32));
#10927=DIRECTION('center_axis',(1.,-5.22943692456298E-16,8.59893581083601E-17));
#10928=DIRECTION('ref_axis',(-2.35695734444145E-16,-0.954760799502798,0.297374874077786));
#10929=DIRECTION('center_axis',(-1.,2.46863648535724E-16,5.82840610339198E-32));
#10930=DIRECTION('ref_axis',(-2.35695734444145E-16,-0.954760799502798,0.297374874077786));
#10931=DIRECTION('center_axis',(-1.,-2.92163953848503E-17,8.59893581083602E-17));
#10932=DIRECTION('ref_axis',(-2.35695734444145E-16,-0.954760799502798,0.297374874077786));
#10933=DIRECTION('',(-1.,2.46863648535724E-16,5.82840610339198E-32));
#10934=DIRECTION('center_axis',(1.,9.82364063649938E-17,-1.0748669763545E-16));
#10935=DIRECTION('ref_axis',(-2.35695734444145E-16,-0.954760799502798,0.297374874077786));
#10936=DIRECTION('center_axis',(-1.,2.46863648535724E-16,5.82840610339198E-32));
#10937=DIRECTION('ref_axis',(2.44147698656982E-16,0.988998178164944,-0.147927697157841));
#10938=DIRECTION('',(-1.,2.46863648535724E-16,5.82840610339198E-32));
#10939=DIRECTION('center_axis',(-1.,2.46863648535724E-16,5.82840610339198E-32));
#10940=DIRECTION('ref_axis',(-2.35695734444145E-16,-0.954760799502797,0.297374874077786));
#10941=DIRECTION('',(1.,-2.46863648535724E-16,-5.82840610339198E-32));
#10942=DIRECTION('center_axis',(-1.,2.46863648535724E-16,5.82840610339198E-32));
#10943=DIRECTION('ref_axis',(2.44147698656982E-16,0.988998178164944,-0.147927697157841));
#10944=DIRECTION('',(-1.,2.46863648535724E-16,5.82840610339198E-32));
#10945=DIRECTION('',(1.,-2.46863648535724E-16,-5.82840610339198E-32));
#10946=DIRECTION('center_axis',(1.,-2.46863648535724E-16,-5.82840610339198E-32));
#10947=DIRECTION('ref_axis',(-2.35695734444145E-16,-0.954760799502797,0.297374874077786));
#10948=DIRECTION('center_axis',(-1.,2.46863648535724E-16,5.82840610339198E-32));
#10949=DIRECTION('ref_axis',(2.44147698656982E-16,0.988998178164944,-0.147927697157841));
#10950=DIRECTION('',(-1.,2.46863648535724E-16,5.82840610339198E-32));
#10951=DIRECTION('center_axis',(-1.,2.46863648535724E-16,5.82840610339198E-32));
#10952=DIRECTION('ref_axis',(-2.35695734444145E-16,-0.954760799502797,0.297374874077786));
#10953=DIRECTION('',(1.,-2.46863648535724E-16,-5.82840610339198E-32));
#10954=DIRECTION('center_axis',(-1.,2.46863648535724E-16,5.82840610339198E-32));
#10955=DIRECTION('ref_axis',(2.44147698656982E-16,0.988998178164944,-0.147927697157841));
#10956=DIRECTION('',(-1.,2.46863648535724E-16,5.82840610339198E-32));
#10957=DIRECTION('',(1.,-2.46863648535724E-16,-5.82840610339198E-32));
#10958=DIRECTION('center_axis',(1.,-2.46863648535724E-16,-5.82840610339198E-32));
#10959=DIRECTION('ref_axis',(-2.35695734444145E-16,-0.954760799502797,0.297374874077786));
#10960=DIRECTION('center_axis',(-1.,2.46863648535724E-16,5.82840610339198E-32));
#10961=DIRECTION('ref_axis',(2.44147698656982E-16,0.988998178164944,-0.147927697157842));
#10962=DIRECTION('center_axis',(-0.707106781186548,-0.675117835739517,0.210275790014898));
#10963=DIRECTION('ref_axis',(0.707106781186547,-0.675117835739519,0.210275790014898));
#10964=DIRECTION('',(1.,-2.46863648535724E-16,-5.82840610339198E-32));
#10965=DIRECTION('center_axis',(1.,-2.46863648535724E-16,-5.82840610339198E-32));
#10966=DIRECTION('ref_axis',(-2.35695734444145E-16,-0.954760799502797,0.297374874077786));
#10967=DIRECTION('',(-1.,2.46863648535724E-16,5.82840610339198E-32));
#10968=DIRECTION('center_axis',(-0.707106781186548,-0.675117835739517,0.210275790014898));
#10969=DIRECTION('ref_axis',(0.707106781186547,-0.675117835739519,0.210275790014898));
#10970=DIRECTION('center_axis',(-1.,2.46863648535724E-16,5.82840610339198E-32));
#10971=DIRECTION('ref_axis',(2.44147698656982E-16,0.988998178164944,-0.147927697157841));
#10972=DIRECTION('',(-1.,2.46863648535724E-16,5.82840610339198E-32));
#10973=DIRECTION('center_axis',(-1.,2.46863648535724E-16,5.82840610339198E-32));
#10974=DIRECTION('ref_axis',(-2.35695734444145E-16,-0.954760799502797,0.297374874077786));
#10975=DIRECTION('',(1.,-2.46863648535724E-16,-5.82840610339198E-32));
#10976=DIRECTION('center_axis',(0.707106781186548,-0.675117835739517,0.210275790014898));
#10977=DIRECTION('ref_axis',(-0.707106781186547,-0.675117835739518,0.210275790014898));
#10978=DIRECTION('center_axis',(0.707106781186548,-0.675117835739517,0.210275790014898));
#10979=DIRECTION('ref_axis',(-0.707106781186547,-0.675117835739518,0.210275790014898));
#10980=DIRECTION('center_axis',(7.34110463976937E-17,0.297374874077786,
0.954760799502797));
#10981=DIRECTION('ref_axis',(-0.707106781186548,0.675117835739518,-0.210275790014898));
#10982=DIRECTION('center_axis',(2.44147698656982E-16,0.988998178164944,
-0.147927697157841));
#10983=DIRECTION('ref_axis',(-3.65179710398724E-17,-0.147927697157841,-0.988998178164944));
#10984=DIRECTION('',(7.34110463976937E-17,0.297374874077786,0.954760799502797));
#10985=DIRECTION('',(7.34110463976937E-17,0.297374874077786,0.954760799502797));
#10986=DIRECTION('center_axis',(-7.34110463976937E-17,-0.297374874077786,
-0.954760799502797));
#10987=DIRECTION('ref_axis',(-0.707106781186548,0.675117835739518,-0.210275790014898));
#10988=DIRECTION('',(7.34110463976937E-17,0.297374874077786,0.954760799502797));
#10989=DIRECTION('center_axis',(7.34110463976937E-17,0.297374874077786,
0.954760799502797));
#10990=DIRECTION('ref_axis',(1.,-7.76862359844488E-16,1.65076216073082E-16));
#10991=DIRECTION('',(7.34110463976937E-17,0.297374874077786,0.954760799502797));
#10992=DIRECTION('center_axis',(-7.34110463976937E-17,-0.297374874077786,
-0.954760799502797));
#10993=DIRECTION('ref_axis',(1.,-7.76862359844488E-16,1.65076216073082E-16));
#10994=DIRECTION('',(7.34110463976937E-17,0.297374874077786,0.954760799502797));
#10995=DIRECTION('',(-7.34110463976937E-17,-0.297374874077786,-0.954760799502797));
#10996=DIRECTION('center_axis',(2.44147698656982E-16,0.988998178164944,
-0.147927697157841));
#10997=DIRECTION('ref_axis',(4.83406170542394E-17,-0.147927697157841,-0.988998178164944));
#10998=DIRECTION('center_axis',(7.34110463976937E-17,0.297374874077786,
0.954760799502797));
#10999=DIRECTION('ref_axis',(-0.707106781186547,0.675117835739518,-0.210275790014898));
#11000=DIRECTION('center_axis',(-2.44147698656982E-16,-0.988998178164944,
0.147927697157841));
#11001=DIRECTION('ref_axis',(-3.65179710398724E-17,-0.147927697157841,-0.988998178164944));
#11002=DIRECTION('',(7.34110463976937E-17,0.297374874077786,0.954760799502797));
#11003=DIRECTION('center_axis',(7.34110463976937E-17,0.297374874077786,
0.954760799502797));
#11004=DIRECTION('ref_axis',(-0.707106781186547,0.675117835739518,-0.210275790014898));
#11005=DIRECTION('',(7.34110463976937E-17,0.297374874077786,0.954760799502797));
#11006=DIRECTION('center_axis',(7.34110463976937E-17,0.297374874077786,
0.954760799502797));
#11007=DIRECTION('ref_axis',(-0.707106781186547,0.675117835739518,-0.210275790014898));
#11008=DIRECTION('',(7.34110463976937E-17,0.297374874077786,0.954760799502797));
#11009=DIRECTION('center_axis',(1.,-2.46863648535724E-16,-5.82840610339198E-32));
#11010=DIRECTION('ref_axis',(2.35695734444145E-16,0.954760799502797,-0.297374874077786));
#11011=DIRECTION('',(-7.34110463976937E-17,-0.297374874077786,-0.954760799502797));
#11012=DIRECTION('',(-2.35695734444145E-16,-0.954760799502797,0.297374874077786));
#11013=DIRECTION('',(-7.34110463976937E-17,-0.297374874077786,-0.954760799502797));
#11014=DIRECTION('',(-7.34110463976937E-17,-0.297374874077786,-0.954760799502797));
#11015=DIRECTION('',(-7.34110463976937E-17,-0.297374874077786,-0.954760799502797));
#11016=DIRECTION('',(-3.65179710398724E-17,-0.147927697157841,-0.988998178164944));
#11017=DIRECTION('',(-3.65179710398724E-17,-0.147927697157841,-0.988998178164944));
#11018=DIRECTION('',(-3.65179710398724E-17,-0.147927697157841,-0.988998178164944));
#11019=DIRECTION('',(-3.65179710398724E-17,-0.147927697157841,-0.988998178164944));
#11020=DIRECTION('',(-3.65179710398724E-17,-0.147927697157841,-0.988998178164944));
#11021=DIRECTION('',(-3.65179710398724E-17,-0.147927697157841,-0.988998178164944));
#11022=DIRECTION('',(-3.65179710398724E-17,-0.147927697157841,-0.988998178164944));
#11023=DIRECTION('',(-3.65179710398724E-17,-0.147927697157841,-0.988998178164944));
#11024=DIRECTION('',(-3.65179710398724E-17,-0.147927697157841,-0.988998178164944));
#11025=DIRECTION('',(-3.65179710398724E-17,-0.147927697157841,-0.988998178164944));
#11026=DIRECTION('',(-2.35695734444145E-16,-0.954760799502797,0.297374874077786));
#11027=DIRECTION('',(7.34110463976937E-17,0.297374874077786,0.954760799502797));
#11028=DIRECTION('center_axis',(-0.707106781186548,0.675117835739517,-0.210275790014898));
#11029=DIRECTION('ref_axis',(-0.707106781186547,-0.675117835739518,0.210275790014898));
#11030=DIRECTION('',(-0.151112204568085,0.146228986721059,0.977641133071387));
#11031=DIRECTION('center_axis',(-0.707106781186548,0.675117835739517,-0.210275790014898));
#11032=DIRECTION('ref_axis',(-0.707106781186547,-0.675117835739518,0.210275790014898));
#11033=DIRECTION('',(-0.151112204568085,0.146228986721059,0.977641133071387));
#11034=DIRECTION('center_axis',(7.34110463976937E-17,0.297374874077786,
0.954760799502797));
#11035=DIRECTION('ref_axis',(0.707106781186548,-0.675117835739518,0.210275790014898));
#11036=DIRECTION('center_axis',(2.44147698656982E-16,0.988998178164944,
-0.147927697157841));
#11037=DIRECTION('ref_axis',(3.65179710398724E-17,0.147927697157841,0.988998178164944));
#11038=DIRECTION('center_axis',(7.34110463976937E-17,0.297374874077786,
0.954760799502797));
#11039=DIRECTION('ref_axis',(0.707106781186548,-0.675117835739518,0.210275790014898));
#11040=DIRECTION('center_axis',(2.44147698656982E-16,0.988998178164944,
-0.147927697157841));
#11041=DIRECTION('ref_axis',(3.65179710398724E-17,0.147927697157841,0.988998178164944));
#11042=DIRECTION('center_axis',(-7.34110463976937E-17,-0.297374874077786,
-0.954760799502797));
#11043=DIRECTION('ref_axis',(0.707106781186548,-0.675117835739518,0.210275790014898));
#11044=DIRECTION('',(7.34110463976937E-17,0.297374874077786,0.954760799502797));
#11045=DIRECTION('center_axis',(2.44147698656982E-16,0.988998178164944,
-0.147927697157841));
#11046=DIRECTION('ref_axis',(3.65179710398724E-17,0.147927697157841,0.988998178164944));
#11047=DIRECTION('center_axis',(7.34110463976937E-17,0.297374874077786,
0.954760799502797));
#11048=DIRECTION('ref_axis',(0.707106781186548,-0.675117835739518,0.210275790014898));
#11049=DIRECTION('center_axis',(2.44147698656982E-16,0.988998178164944,
-0.147927697157841));
#11050=DIRECTION('ref_axis',(3.65179710398724E-17,0.147927697157841,0.988998178164944));
#11051=DIRECTION('center_axis',(2.44147698656982E-16,0.988998178164944,
-0.147927697157841));
#11052=DIRECTION('ref_axis',(-3.65179710398724E-17,-0.147927697157841,-0.988998178164944));
#11053=DIRECTION('',(-1.,2.46863648535724E-16,5.82840610339198E-32));
#11054=DIRECTION('center_axis',(2.44147698656982E-16,0.988998178164944,
-0.147927697157841));
#11055=DIRECTION('ref_axis',(-3.65179710398724E-17,-0.147927697157841,-0.988998178164944));
#11056=DIRECTION('center_axis',(2.44147698656982E-16,0.988998178164944,
-0.147927697157841));
#11057=DIRECTION('ref_axis',(-3.65179710398724E-17,-0.147927697157841,-0.988998178164944));
#11058=DIRECTION('center_axis',(2.44147698656982E-16,0.988998178164944,
-0.147927697157841));
#11059=DIRECTION('ref_axis',(-3.65179710398724E-17,-0.147927697157841,-0.988998178164944));
#11060=DIRECTION('center_axis',(2.44147698656982E-16,0.988998178164944,
-0.147927697157841));
#11061=DIRECTION('ref_axis',(-3.65179710398724E-17,-0.147927697157841,-0.988998178164944));
#11062=DIRECTION('center_axis',(2.44147698656982E-16,0.988998178164944,
-0.147927697157841));
#11063=DIRECTION('ref_axis',(-3.65179710398724E-17,-0.147927697157841,-0.988998178164944));
#11064=DIRECTION('center_axis',(2.44147698656982E-16,0.988998178164944,
-0.147927697157841));
#11065=DIRECTION('ref_axis',(-3.65179710398724E-17,-0.147927697157841,-0.988998178164944));
#11066=DIRECTION('center_axis',(2.44147698656982E-16,0.988998178164944,
-0.147927697157841));
#11067=DIRECTION('ref_axis',(-3.65179710398724E-17,-0.147927697157841,-0.988998178164944));
#11068=DIRECTION('',(0.151112204568085,-0.146228986721059,-0.977641133071387));
#11069=DIRECTION('',(-1.,2.46863648535724E-16,5.82840610339198E-32));
#11070=DIRECTION('center_axis',(2.44147698656982E-16,0.988998178164944,
-0.147927697157841));
#11071=DIRECTION('ref_axis',(-3.65179710398724E-17,-0.147927697157841,-0.988998178164944));
#11072=DIRECTION('center_axis',(2.44147698656982E-16,0.988998178164944,
-0.147927697157841));
#11073=DIRECTION('ref_axis',(-3.65179710398724E-17,-0.147927697157841,-0.988998178164944));
#11074=DIRECTION('center_axis',(2.44147698656982E-16,0.988998178164944,
-0.147927697157841));
#11075=DIRECTION('ref_axis',(-3.65179710398724E-17,-0.147927697157841,-0.988998178164944));
#11076=DIRECTION('center_axis',(2.44147698656982E-16,0.988998178164944,
-0.147927697157841));
#11077=DIRECTION('ref_axis',(-3.65179710398724E-17,-0.147927697157841,-0.988998178164944));
#11078=DIRECTION('center_axis',(2.44147698656982E-16,0.988998178164944,
-0.147927697157841));
#11079=DIRECTION('ref_axis',(-3.65179710398724E-17,-0.147927697157841,-0.988998178164944));
#11080=DIRECTION('center_axis',(2.44147698656982E-16,0.988998178164944,
-0.147927697157841));
#11081=DIRECTION('ref_axis',(-3.65179710398724E-17,-0.147927697157841,-0.988998178164944));
#11082=DIRECTION('center_axis',(-2.44147698656982E-16,-0.988998178164944,
0.147927697157841));
#11083=DIRECTION('ref_axis',(-3.65179710398724E-17,-0.147927697157841,-0.988998178164944));
#11084=DIRECTION('center_axis',(7.34110463976937E-17,0.297374874077786,
0.954760799502797));
#11085=DIRECTION('ref_axis',(-1.,2.46863648535724E-16,5.82840610339198E-32));
#11086=DIRECTION('center_axis',(2.44147698656982E-16,0.988998178164944,
-0.147927697157841));
#11087=DIRECTION('ref_axis',(3.65179710398724E-17,0.147927697157841,0.988998178164944));
#11088=DIRECTION('',(7.34110463976937E-17,0.297374874077786,0.954760799502797));
#11089=DIRECTION('center_axis',(7.34110463976937E-17,0.297374874077786,
0.954760799502797));
#11090=DIRECTION('ref_axis',(-1.,2.46863648535724E-16,5.82840610339198E-32));
#11091=DIRECTION('center_axis',(2.44147698656982E-16,0.988998178164944,
-0.147927697157841));
#11092=DIRECTION('ref_axis',(3.65179710398724E-17,0.147927697157841,0.988998178164944));
#11093=DIRECTION('',(7.34110463976937E-17,0.297374874077786,0.954760799502797));
#11094=DIRECTION('center_axis',(-7.34110463976937E-17,-0.297374874077786,
-0.954760799502797));
#11095=DIRECTION('ref_axis',(-1.,2.46863648535724E-16,5.82840610339198E-32));
#11096=DIRECTION('',(7.34110463976937E-17,0.297374874077786,0.954760799502797));
#11097=DIRECTION('center_axis',(2.44147698656982E-16,0.988998178164944,
-0.147927697157841));
#11098=DIRECTION('ref_axis',(3.65179710398724E-17,0.147927697157841,0.988998178164944));
#11099=DIRECTION('center_axis',(2.44147698656982E-16,0.988998178164944,
-0.147927697157841));
#11100=DIRECTION('ref_axis',(-3.65179710398724E-17,-0.147927697157841,-0.988998178164944));
#11101=DIRECTION('',(3.65179710398724E-17,0.147927697157841,0.988998178164944));
#11102=DIRECTION('',(-1.,2.46863648535724E-16,5.82840610339198E-32));
#11103=DIRECTION('center_axis',(2.44147698656982E-16,0.988998178164944,
-0.147927697157841));
#11104=DIRECTION('ref_axis',(-3.65179710398724E-17,-0.147927697157841,-0.988998178164944));
#11105=DIRECTION('',(3.65179710398724E-17,0.147927697157841,0.988998178164944));
#11106=DIRECTION('center_axis',(2.44147698656982E-16,0.988998178164944,
-0.147927697157841));
#11107=DIRECTION('ref_axis',(-3.65179710398724E-17,-0.147927697157841,-0.988998178164944));
#11108=DIRECTION('',(3.65179710398724E-17,0.147927697157841,0.988998178164944));
#11109=DIRECTION('center_axis',(2.44147698656982E-16,0.988998178164944,
-0.147927697157841));
#11110=DIRECTION('ref_axis',(-3.65179710398724E-17,-0.147927697157841,-0.988998178164944));
#11111=DIRECTION('center_axis',(-2.44147698656982E-16,-0.988998178164944,
0.147927697157841));
#11112=DIRECTION('ref_axis',(-3.65179710398724E-17,-0.147927697157841,-0.988998178164944));
#11113=DIRECTION('',(-0.151112204568085,-0.146228986721059,-0.977641133071387));
#11114=DIRECTION('center_axis',(2.44147698656982E-16,0.988998178164944,
-0.147927697157841));
#11115=DIRECTION('ref_axis',(-3.65179710398724E-17,-0.147927697157841,-0.988998178164944));
#11116=DIRECTION('',(3.65179710398724E-17,0.147927697157841,0.988998178164944));
#11117=DIRECTION('center_axis',(2.44147698656982E-16,0.988998178164944,
-0.147927697157841));
#11118=DIRECTION('ref_axis',(-3.65179710398724E-17,-0.147927697157841,-0.988998178164944));
#11119=DIRECTION('',(3.65179710398724E-17,0.147927697157841,0.988998178164944));
#11120=DIRECTION('center_axis',(2.44147698656982E-16,0.988998178164944,
-0.147927697157841));
#11121=DIRECTION('ref_axis',(-3.65179710398724E-17,-0.147927697157841,-0.988998178164944));
#11122=DIRECTION('',(-0.151112204568085,-0.146228986721059,-0.977641133071387));
#11123=DIRECTION('center_axis',(2.44147698656982E-16,0.988998178164944,
-0.147927697157841));
#11124=DIRECTION('ref_axis',(-3.65179710398724E-17,-0.147927697157841,-0.988998178164944));
#11125=DIRECTION('',(-1.,2.46863648535724E-16,5.82840610339198E-32));
#11126=DIRECTION('',(0.151112204568085,0.146228986721059,0.977641133071387));
#11127=DIRECTION('center_axis',(2.44147698656982E-16,0.988998178164944,
-0.147927697157841));
#11128=DIRECTION('ref_axis',(-3.65179710398724E-17,-0.147927697157841,-0.988998178164944));
#11129=DIRECTION('',(3.65179710398724E-17,0.147927697157841,0.988998178164944));
#11130=DIRECTION('center_axis',(2.44147698656982E-16,0.988998178164944,
-0.147927697157841));
#11131=DIRECTION('ref_axis',(-3.65179710398724E-17,-0.147927697157841,-0.988998178164944));
#11132=DIRECTION('',(3.65179710398724E-17,0.147927697157841,0.988998178164944));
#11133=DIRECTION('center_axis',(2.44147698656982E-16,0.988998178164944,
-0.147927697157841));
#11134=DIRECTION('ref_axis',(-3.65179710398724E-17,-0.147927697157841,-0.988998178164944));
#11135=DIRECTION('',(3.65179710398724E-17,0.147927697157841,0.988998178164944));
#11136=DIRECTION('center_axis',(2.44147698656982E-16,0.988998178164944,
-0.147927697157841));
#11137=DIRECTION('ref_axis',(-3.65179710398724E-17,-0.147927697157841,-0.988998178164944));
#11138=DIRECTION('',(3.65179710398724E-17,0.147927697157841,0.988998178164944));
#11139=DIRECTION('center_axis',(2.44147698656982E-16,0.988998178164944,
-0.147927697157841));
#11140=DIRECTION('ref_axis',(-3.65179710398724E-17,-0.147927697157841,-0.988998178164944));
#11141=DIRECTION('',(3.65179710398724E-17,0.147927697157841,0.988998178164944));
#11142=DIRECTION('center_axis',(2.44147698656982E-16,0.988998178164944,
-0.147927697157841));
#11143=DIRECTION('ref_axis',(-3.65179710398724E-17,-0.147927697157841,-0.988998178164944));
#11144=DIRECTION('center_axis',(-2.44147698656982E-16,-0.988998178164944,
0.147927697157841));
#11145=DIRECTION('ref_axis',(-3.65179710398724E-17,-0.147927697157841,-0.988998178164944));
#11146=DIRECTION('center_axis',(2.44147698656982E-16,0.988998178164944,
-0.147927697157841));
#11147=DIRECTION('ref_axis',(3.65179710398724E-17,0.147927697157841,0.988998178164944));
#11148=DIRECTION('center_axis',(0.707106781186548,0.675117835739517,-0.210275790014898));
#11149=DIRECTION('ref_axis',(-0.707106781186547,0.675117835739519,-0.210275790014898));
#11150=DIRECTION('',(7.34110463976937E-17,0.297374874077786,0.954760799502797));
#11151=DIRECTION('',(0.707106781186547,-0.675117835739519,0.210275790014898));
#11152=DIRECTION('center_axis',(0.707106781186548,0.675117835739517,-0.210275790014898));
#11153=DIRECTION('ref_axis',(-0.707106781186547,0.675117835739519,-0.210275790014898));
#11154=DIRECTION('',(7.34110463976937E-17,0.297374874077786,0.954760799502797));
#11155=DIRECTION('center_axis',(7.34110463976937E-17,0.297374874077786,
0.954760799502797));
#11156=DIRECTION('ref_axis',(1.,-2.46863648535724E-16,-5.82840610339198E-32));
#11157=DIRECTION('center_axis',(7.34110463976937E-17,0.297374874077786,
0.954760799502797));
#11158=DIRECTION('ref_axis',(1.,-2.46863648535724E-16,-5.82840610339198E-32));
#11159=DIRECTION('',(7.34110463976937E-17,0.297374874077786,0.954760799502797));
#11160=DIRECTION('center_axis',(7.34110463976937E-17,0.297374874077786,
0.954760799502797));
#11161=DIRECTION('ref_axis',(1.,-2.46863648535724E-16,-5.82840610339198E-32));
#11162=DIRECTION('center_axis',(7.34110463976937E-17,0.297374874077786,
0.954760799502797));
#11163=DIRECTION('ref_axis',(1.,-2.46863648535724E-16,-5.82840610339198E-32));
#11164=DIRECTION('center_axis',(2.35695734444145E-16,0.954760799502797,
-0.297374874077786));
#11165=DIRECTION('ref_axis',(-7.34110463976937E-17,-0.297374874077786,-0.954760799502797));
#11166=DIRECTION('',(7.34110463976937E-17,0.297374874077786,0.954760799502797));
#11167=DIRECTION('',(-1.,2.46863648535724E-16,5.82840610339198E-32));
#11168=DIRECTION('center_axis',(2.35695734444145E-16,0.954760799502797,
-0.297374874077786));
#11169=DIRECTION('ref_axis',(-7.34110463976937E-17,-0.297374874077786,-0.954760799502797));
#11170=DIRECTION('',(-7.34110463976937E-17,-0.297374874077786,-0.954760799502797));
#11171=DIRECTION('',(-1.,2.46863648535724E-16,5.82840610339198E-32));
#11172=DIRECTION('center_axis',(-1.,2.46863648535724E-16,5.82840610339198E-32));
#11173=DIRECTION('ref_axis',(2.21857476093377E-16,0.898704517288505,0.43855466090926));
#11174=DIRECTION('center_axis',(-0.707106781186548,-0.675117835739517,0.210275790014898));
#11175=DIRECTION('ref_axis',(-0.707106781186547,0.675117835739519,-0.210275790014898));
#11176=DIRECTION('center_axis',(1.,-5.91963703436442E-16,1.0748669763545E-16));
#11177=DIRECTION('ref_axis',(2.21857476093377E-16,0.898704517288505,0.43855466090926));
#11178=DIRECTION('',(-1.,2.46863648535724E-16,5.82840610339198E-32));
#11179=DIRECTION('center_axis',(-0.707106781186548,-0.675117835739517,0.210275790014898));
#11180=DIRECTION('ref_axis',(-0.707106781186547,0.675117835739519,-0.210275790014898));
#11181=DIRECTION('center_axis',(-1.,5.22943692456298E-16,-8.59893581083601E-17));
#11182=DIRECTION('ref_axis',(2.21857476093377E-16,0.898704517288505,0.43855466090926));
#11183=DIRECTION('center_axis',(-1.,2.46863648535724E-16,5.82840610339198E-32));
#11184=DIRECTION('ref_axis',(2.21857476093377E-16,0.898704517288505,0.43855466090926));
#11185=DIRECTION('center_axis',(0.707106781186548,-0.675117835739517,0.210275790014898));
#11186=DIRECTION('ref_axis',(0.707106781186547,0.675117835739518,-0.210275790014898));
#11187=DIRECTION('center_axis',(1.,2.92163953848503E-17,-8.59893581083602E-17));
#11188=DIRECTION('ref_axis',(2.21857476093377E-16,0.898704517288505,0.43855466090926));
#11189=DIRECTION('center_axis',(0.707106781186548,-0.675117835739517,0.210275790014898));
#11190=DIRECTION('ref_axis',(0.707106781186547,0.675117835739518,-0.210275790014898));
#11191=DIRECTION('',(-1.,2.46863648535724E-16,5.82840610339198E-32));
#11192=DIRECTION('center_axis',(-1.,-9.82364063649938E-17,1.0748669763545E-16));
#11193=DIRECTION('ref_axis',(2.21857476093377E-16,0.898704517288505,0.43855466090926));
#11194=DIRECTION('center_axis',(-7.34110463976937E-17,-0.297374874077786,
-0.954760799502797));
#11195=DIRECTION('ref_axis',(-2.35695734444145E-16,-0.954760799502797,0.297374874077786));
#11196=DIRECTION('',(-0.707106781186547,0.675117835739519,-0.210275790014898));
#11197=DIRECTION('',(-1.,2.46863648535724E-16,5.82840610339198E-32));
#11198=DIRECTION('',(2.35695734444145E-16,0.954760799502797,-0.297374874077786));
#11199=DIRECTION('center_axis',(-7.34110463976937E-17,-0.297374874077786,
-0.954760799502797));
#11200=DIRECTION('ref_axis',(-2.35695734444145E-16,-0.954760799502797,0.297374874077786));
#11201=DIRECTION('',(-0.707106781186547,-0.675117835739518,0.210275790014898));
#11202=DIRECTION('',(-1.,2.46863648535724E-16,5.82840610339198E-32));
#11203=DIRECTION('',(0.707106781186547,0.675117835739518,-0.210275790014898));
#11204=DIRECTION('center_axis',(2.35695734444145E-16,0.954760799502797,
-0.297374874077786));
#11205=DIRECTION('ref_axis',(-7.34110463976937E-17,-0.297374874077786,-0.954760799502797));
#11206=DIRECTION('',(7.34110463976937E-17,0.297374874077786,0.954760799502797));
#11207=DIRECTION('center_axis',(2.35695734444145E-16,0.954760799502797,
-0.297374874077786));
#11208=DIRECTION('ref_axis',(-7.34110463976937E-17,-0.297374874077786,-0.954760799502797));
#11209=DIRECTION('center_axis',(-1.,-9.82364063649938E-17,1.0748669763545E-16));
#11210=DIRECTION('ref_axis',(1.25756113055702E-16,-0.954760799502797,0.297374874077786));
#11211=DIRECTION('center_axis',(-0.707106781186548,0.675117835739517,-0.210275790014898));
#11212=DIRECTION('ref_axis',(-0.707106781186547,-0.675117835739518,0.210275790014898));
#11213=DIRECTION('center_axis',(-1.,5.22943692456298E-16,-8.59893581083601E-17));
#11214=DIRECTION('ref_axis',(-5.24857212444023E-16,-0.954760799502797,0.297374874077786));
#11215=DIRECTION('',(7.34110463976937E-17,0.297374874077786,0.954760799502797));
#11216=DIRECTION('center_axis',(7.34110463976937E-17,0.297374874077786,
0.954760799502797));
#11217=DIRECTION('ref_axis',(-1.,2.46863648535724E-16,5.82840610339198E-32));
#11218=DIRECTION('',(7.34110463976937E-17,0.297374874077786,0.954760799502797));
#11219=DIRECTION('center_axis',(-0.707106781186548,-0.675117835739517,0.210275790014898));
#11220=DIRECTION('ref_axis',(0.707106781186547,-0.675117835739519,0.210275790014898));
#11221=DIRECTION('center_axis',(7.34110463976937E-17,0.297374874077786,
0.954760799502797));
#11222=DIRECTION('ref_axis',(-1.,2.46863648535724E-16,5.82840610339198E-32));
#11223=DIRECTION('',(7.34110463976937E-17,0.297374874077786,0.954760799502797));
#11224=DIRECTION('center_axis',(7.34110463976937E-17,0.297374874077786,
0.954760799502797));
#11225=DIRECTION('ref_axis',(-1.,2.46863648535724E-16,5.82840610339198E-32));
#11226=DIRECTION('',(-1.,2.13738729079047E-16,1.03172635045302E-17));
#11227=DIRECTION('',(2.35695734444145E-16,0.954760799502798,-0.297374874077786));
#11228=DIRECTION('center_axis',(-7.34110463976937E-17,-0.297374874077786,
-0.954760799502797));
#11229=DIRECTION('ref_axis',(2.35695734444145E-16,0.954760799502797,-0.297374874077786));
#11230=DIRECTION('',(1.,-2.13738729078926E-16,-1.03172635045677E-17));
#11231=DIRECTION('center_axis',(-7.34110463976937E-17,-0.297374874077786,
-0.954760799502797));
#11232=DIRECTION('ref_axis',(1.,-6.44362682017297E-16,1.23807162054812E-16));
#11233=DIRECTION('center_axis',(0.707106781186548,-0.675117835739517,0.210275790014898));
#11234=DIRECTION('ref_axis',(0.707106781186547,0.675117835739518,-0.210275790014898));
#11235=DIRECTION('',(7.34110463976937E-17,0.297374874077786,0.954760799502797));
#11236=DIRECTION('center_axis',(7.34110463976937E-17,0.297374874077786,
0.954760799502797));
#11237=DIRECTION('ref_axis',(0.707106781186547,-0.675117835739518,0.210275790014898));
#11238=DIRECTION('',(7.34110463976937E-17,0.297374874077786,0.954760799502797));
#11239=DIRECTION('center_axis',(1.,2.92163953848503E-17,-8.59893581083602E-17));
#11240=DIRECTION('ref_axis',(-5.34657435557328E-17,0.954760799502797,-0.297374874077786));
#11241=DIRECTION('center_axis',(7.34110463976937E-17,0.297374874077786,
0.954760799502797));
#11242=DIRECTION('ref_axis',(-0.707106781186547,0.675117835739518,-0.210275790014898));
#11243=DIRECTION('center_axis',(-2.01001264924735E-16,-0.954760799502797,
0.297374874077786));
#11244=DIRECTION('ref_axis',(1.,-2.13738729079047E-16,-1.03172635045302E-17));
#11245=DIRECTION('center_axis',(0.707106781186548,0.675117835739517,-0.210275790014898));
#11246=DIRECTION('ref_axis',(-0.707106781186547,0.675117835739519,-0.210275790014898));
#11247=DIRECTION('center_axis',(1.,-5.91963703436442E-16,1.0748669763545E-16));
#11248=DIRECTION('ref_axis',(5.97147581943993E-16,0.954760799502797,-0.297374874077786));
#11249=DIRECTION('center_axis',(-1.,2.46863648535724E-16,5.82840610339198E-32));
#11250=DIRECTION('ref_axis',(-2.35695734444145E-16,-0.954760799502797,0.297374874077786));
#11251=DIRECTION('',(7.34110463976937E-17,0.297374874077786,0.954760799502797));
#11252=DIRECTION('center_axis',(7.34110463976937E-17,0.297374874077786,
0.954760799502797));
#11253=DIRECTION('ref_axis',(2.35695734444145E-16,0.954760799502797,-0.297374874077786));
#11254=DIRECTION('',(7.34110463976937E-17,0.297374874077786,0.954760799502797));
#11255=DIRECTION('center_axis',(2.01001264924609E-16,0.954760799502797,
-0.297374874077786));
#11256=DIRECTION('ref_axis',(-1.,2.13738729078926E-16,1.03172635045677E-17));
#11257=DIRECTION('',(7.34110463976937E-17,0.297374874077786,0.954760799502797));
#11258=DIRECTION('center_axis',(7.34110463976937E-17,0.297374874077786,
0.954760799502797));
#11259=DIRECTION('ref_axis',(1.,-6.44362682017297E-16,1.23807162054812E-16));
#11260=DIRECTION('center_axis',(-1.,2.59531453252161E-12,0.));
#11261=DIRECTION('ref_axis',(2.59531453252161E-12,1.,0.));
#11262=DIRECTION('',(2.59531453252161E-12,1.,0.));
#11263=DIRECTION('',(0.,0.,-1.));
#11264=DIRECTION('',(-2.59531453252161E-12,-1.,0.));
#11265=DIRECTION('',(0.,0.,-1.));
#11266=DIRECTION('center_axis',(0.,0.,-1.));
#11267=DIRECTION('ref_axis',(-1.,-7.86548003905386E-12,0.));
#11268=DIRECTION('center_axis',(0.,0.,-1.));
#11269=DIRECTION('ref_axis',(-1.,-7.86548003905386E-12,0.));
#11270=DIRECTION('',(0.,0.,-1.));
#11271=DIRECTION('center_axis',(0.,0.,1.));
#11272=DIRECTION('ref_axis',(-1.,-7.86548003905386E-12,0.));
#11273=DIRECTION('center_axis',(3.46944695194099E-17,-1.,0.));
#11274=DIRECTION('ref_axis',(-1.,-3.46944695194099E-17,0.));
#11275=DIRECTION('',(-1.,-3.46944695194099E-17,0.));
#11276=DIRECTION('',(0.,0.,-1.));
#11277=DIRECTION('',(1.,3.46944695194099E-17,0.));
#11278=DIRECTION('center_axis',(0.,0.,-1.));
#11279=DIRECTION('ref_axis',(7.86578009943878E-12,-1.,0.));
#11280=DIRECTION('center_axis',(0.,0.,-1.));
#11281=DIRECTION('ref_axis',(7.86578009943878E-12,-1.,0.));
#11282=DIRECTION('',(0.,0.,-1.));
#11283=DIRECTION('center_axis',(0.,0.,1.));
#11284=DIRECTION('ref_axis',(7.86578009943878E-12,-1.,0.));
#11285=DIRECTION('center_axis',(1.,1.01114340170913E-9,0.));
#11286=DIRECTION('ref_axis',(1.01114340170913E-9,-1.,0.));
#11287=DIRECTION('',(1.01114340170913E-9,-1.,0.));
#11288=DIRECTION('',(0.,0.,-1.));
#11289=DIRECTION('',(-1.01114340170913E-9,1.,0.));
#11290=DIRECTION('center_axis',(0.,0.,-1.));
#11291=DIRECTION('ref_axis',(1.,1.01114339123853E-9,0.));
#11292=DIRECTION('center_axis',(0.,0.,-1.));
#11293=DIRECTION('ref_axis',(1.,1.01114339123853E-9,0.));
#11294=DIRECTION('',(0.,0.,-1.));
#11295=DIRECTION('center_axis',(0.,0.,1.));
#11296=DIRECTION('ref_axis',(1.,1.01114339123853E-9,0.));
#11297=DIRECTION('center_axis',(-1.26088424538181E-10,1.,0.));
#11298=DIRECTION('ref_axis',(1.,1.26088424538181E-10,0.));
#11299=DIRECTION('',(1.,1.26088424538181E-10,7.40681000721414E-25));
#11300=DIRECTION('',(0.,0.,-1.));
#11301=DIRECTION('',(-1.,-1.26088424538181E-10,0.));
#11302=DIRECTION('center_axis',(0.,0.,-1.));
#11303=DIRECTION('ref_axis',(-1.26086918683654E-10,1.,0.));
#11304=DIRECTION('center_axis',(0.,0.,-1.));
#11305=DIRECTION('ref_axis',(-1.26086918683654E-10,1.,0.));
#11306=DIRECTION('',(0.,0.,-1.));
#11307=DIRECTION('center_axis',(0.,0.,1.));
#11308=DIRECTION('ref_axis',(-1.26086918683654E-10,1.,0.));
#11309=DIRECTION('center_axis',(0.,0.,-1.));
#11310=DIRECTION('ref_axis',(0.906874789230495,0.421400185878158,0.));
#11311=DIRECTION('center_axis',(0.,0.,1.));
#11312=DIRECTION('ref_axis',(0.906874789230495,0.421400185878158,0.));
#11313=DIRECTION('',(0.,0.,-1.));
#11314=DIRECTION('center_axis',(0.,0.,-1.));
#11315=DIRECTION('ref_axis',(0.906874789230495,0.421400185878158,0.));
#11316=DIRECTION('center_axis',(0.,0.,-1.));
#11317=DIRECTION('ref_axis',(0.906874789230495,0.421400185878158,0.));
#11318=DIRECTION('center_axis',(0.,0.,-1.));
#11319=DIRECTION('ref_axis',(0.906874789230495,0.421400185878158,0.));
#11320=DIRECTION('',(0.,0.,1.));
#11321=DIRECTION('center_axis',(0.,0.,1.));
#11322=DIRECTION('ref_axis',(0.906874789230495,0.421400185878158,0.));
#11323=DIRECTION('center_axis',(0.,0.,-1.));
#11324=DIRECTION('ref_axis',(0.477306974306992,0.878736622815907,0.));
#11325=DIRECTION('center_axis',(0.,0.,-1.));
#11326=DIRECTION('ref_axis',(0.477306974306992,0.878736622815907,0.));
#11327=DIRECTION('',(0.,0.,1.));
#11328=DIRECTION('center_axis',(0.,0.,1.));
#11329=DIRECTION('ref_axis',(0.477306974306992,0.878736622815907,0.));
#11330=DIRECTION('center_axis',(0.,0.,-1.));
#11331=DIRECTION('ref_axis',(-0.519419208884492,0.854519564107112,0.));
#11332=DIRECTION('center_axis',(0.,0.,-1.));
#11333=DIRECTION('ref_axis',(-0.519419208884492,0.854519564107112,0.));
#11334=DIRECTION('',(0.,0.,-1.));
#11335=DIRECTION('center_axis',(0.,0.,1.));
#11336=DIRECTION('ref_axis',(-0.519419208884492,0.854519564107112,0.));
#11337=DIRECTION('center_axis',(0.,0.,-1.));
#11338=DIRECTION('ref_axis',(0.796362011309169,0.60482026003071,0.));
#11339=DIRECTION('center_axis',(0.,0.,1.));
#11340=DIRECTION('ref_axis',(0.796362011309169,0.60482026003071,0.));
#11341=DIRECTION('',(0.,0.,-1.));
#11342=DIRECTION('center_axis',(0.,0.,-1.));
#11343=DIRECTION('ref_axis',(0.796362011309169,0.60482026003071,0.));
#11344=DIRECTION('center_axis',(0.,0.,-1.));
#11345=DIRECTION('ref_axis',(0.796362011309169,0.60482026003071,0.));
#11346=DIRECTION('center_axis',(0.,0.,-1.));
#11347=DIRECTION('ref_axis',(0.796362011309169,0.60482026003071,0.));
#11348=DIRECTION('',(0.,0.,-1.));
#11349=DIRECTION('center_axis',(0.,0.,1.));
#11350=DIRECTION('ref_axis',(0.796362011309169,0.60482026003071,0.));
#11351=DIRECTION('center_axis',(-6.30352299481612E-11,1.,0.));
#11352=DIRECTION('ref_axis',(1.,6.30352299481612E-11,0.));
#11353=DIRECTION('',(1.,6.30352299481612E-11,3.70340500360707E-25));
#11354=DIRECTION('',(0.,0.,-1.));
#11355=DIRECTION('',(-1.,-6.30352299481612E-11,0.));
#11356=DIRECTION('center_axis',(0.,0.,-1.));
#11357=DIRECTION('ref_axis',(1.83608683812508E-11,1.,0.));
#11358=DIRECTION('center_axis',(0.,0.,-1.));
#11359=DIRECTION('ref_axis',(1.83608683812508E-11,1.,0.));
#11360=DIRECTION('center_axis',(0.,0.,1.));
#11361=DIRECTION('ref_axis',(1.83608683812508E-11,1.,0.));
#11362=DIRECTION('center_axis',(-6.29968305892317E-11,0.999390827019096,
0.034899496702501));
#11363=DIRECTION('ref_axis',(-1.,-6.30352299481612E-11,0.));
#11364=DIRECTION('',(1.,6.30352299481612E-11,0.));
#11365=DIRECTION('',(2.199787300814E-12,-0.034899496702501,0.999390827019096));
#11366=DIRECTION('',(2.20000921015535E-12,-0.0348994967025008,0.999390827019096));
#11367=DIRECTION('center_axis',(0.,0.,-1.));
#11368=DIRECTION('ref_axis',(0.796362011309169,0.60482026003071,0.));
#11369=DIRECTION('center_axis',(0.,0.,-1.));
#11370=DIRECTION('ref_axis',(0.796362011309169,0.60482026003071,0.));
#11371=DIRECTION('',(-0.0277926333876815,-0.0211079226705475,0.999390827019096));
#11372=DIRECTION('center_axis',(0.,0.,1.));
#11373=DIRECTION('ref_axis',(0.796362011309169,0.60482026003071,0.));
#11374=DIRECTION('center_axis',(0.,0.,1.));
#11375=DIRECTION('ref_axis',(0.796362011309169,0.60482026003071,0.));
#11376=DIRECTION('',(0.0316494737591241,-0.014706654305395,0.999390827019096));
#11377=DIRECTION('center_axis',(0.,0.,-1.));
#11378=DIRECTION('ref_axis',(-0.519419208884492,0.854519564107112,0.));
#11379=DIRECTION('center_axis',(0.,0.,-1.));
#11380=DIRECTION('ref_axis',(-0.519419208884492,0.854519564107112,0.));
#11381=DIRECTION('center_axis',(0.,0.,-1.));
#11382=DIRECTION('ref_axis',(0.477306974306992,0.878736622815907,0.));
#11383=DIRECTION('center_axis',(0.,0.,-1.));
#11384=DIRECTION('ref_axis',(0.477306974306991,0.878736622815907,0.));
#11385=DIRECTION('center_axis',(0.,0.,-1.));
#11386=DIRECTION('ref_axis',(0.906874789230495,0.421400185878158,0.));
#11387=DIRECTION('center_axis',(0.,0.,-1.));
#11388=DIRECTION('ref_axis',(0.906874789230495,0.421400185878158,0.));
#11389=DIRECTION('',(-0.0316494737163308,-0.0147066543974881,0.999390827019096));
#11390=DIRECTION('center_axis',(0.,0.,1.));
#11391=DIRECTION('ref_axis',(0.906874789230495,0.421400185878158,0.));
#11392=DIRECTION('center_axis',(0.,0.,1.));
#11393=DIRECTION('ref_axis',(0.906874789230495,0.421400185878158,0.));
#11394=DIRECTION('',(0.0277926332715935,-0.0211079228233992,0.999390827019096));
#11395=DIRECTION('center_axis',(0.,0.,-1.));
#11396=DIRECTION('ref_axis',(-1.26086918683654E-10,1.,0.));
#11397=DIRECTION('center_axis',(0.,0.,-1.));
#11398=DIRECTION('ref_axis',(-1.26086918683654E-10,1.,0.));
#11399=DIRECTION('',(4.40046223899341E-12,-0.034899496702501,0.999390827019096));
#11400=DIRECTION('center_axis',(-1.26011614876748E-10,0.999390827019096,
0.034899496702501));
#11401=DIRECTION('ref_axis',(-1.,-1.26088424538181E-10,0.));
#11402=DIRECTION('',(1.,1.26088424538181E-10,0.));
#11403=DIRECTION('',(4.40035128432274E-12,-0.0348994967025011,0.999390827019096));
#11404=DIRECTION('center_axis',(0.,0.,-1.));
#11405=DIRECTION('ref_axis',(1.,1.01114339123853E-9,0.));
#11406=DIRECTION('center_axis',(0.,0.,-1.));
#11407=DIRECTION('ref_axis',(1.,1.01114339123853E-9,0.));
#11408=DIRECTION('',(-0.034899496702501,-3.52883563256728E-11,0.999390827019096));
#11409=DIRECTION('center_axis',(0.999390827019096,1.01052744046899E-9,0.034899496702501));
#11410=DIRECTION('ref_axis',(-1.01114340170913E-9,1.,0.));
#11411=DIRECTION('',(1.01114340170913E-9,-1.,0.));
#11412=DIRECTION('',(-0.034899496702501,-3.52884118030081E-11,0.999390827019096));
#11413=DIRECTION('center_axis',(0.,0.,-1.));
#11414=DIRECTION('ref_axis',(7.86578009943877E-12,-1.,0.));
#11415=DIRECTION('center_axis',(0.,0.,-1.));
#11416=DIRECTION('ref_axis',(7.86578009943877E-12,-1.,0.));
#11417=DIRECTION('',(0.,0.034899496702501,0.999390827019096));
#11418=DIRECTION('center_axis',(3.46733345859919E-17,-0.999390827019096,
0.034899496702501));
#11419=DIRECTION('ref_axis',(1.,3.46944695194099E-17,0.));
#11420=DIRECTION('',(-1.,-3.46944695194099E-17,0.));
#11421=DIRECTION('',(2.74501855251396E-13,0.0348994967007572,0.999390827019157));
#11422=DIRECTION('center_axis',(0.,0.,-1.));
#11423=DIRECTION('ref_axis',(-1.,-7.86548003905385E-12,0.));
#11424=DIRECTION('center_axis',(0.,0.,-1.));
#11425=DIRECTION('ref_axis',(-1.,-7.86548003905385E-12,0.));
#11426=DIRECTION('',(0.034899496702501,-9.05390112712714E-14,0.999390827019096));
#11427=DIRECTION('center_axis',(-0.999390827019096,2.59373353703145E-12,
0.034899496702501));
#11428=DIRECTION('ref_axis',(-2.59531453252161E-12,-1.,0.));
#11429=DIRECTION('',(2.59531453252161E-12,1.,0.));
#11430=DIRECTION('',(0.0348994967025014,0.,0.999390827019096));
#11431=DIRECTION('center_axis',(0.,0.,-1.));
#11432=DIRECTION('ref_axis',(1.83608683812508E-11,1.,0.));
#11433=DIRECTION('center_axis',(0.,0.,-1.));
#11434=DIRECTION('ref_axis',(1.83608683812508E-11,1.,0.));
#11435=DIRECTION('center_axis',(-1.,2.59531453252161E-12,0.));
#11436=DIRECTION('ref_axis',(2.59531453252161E-12,1.,0.));
#11437=DIRECTION('',(-2.59531453252161E-12,-1.,0.));
#11438=DIRECTION('',(0.,0.,-1.));
#11439=DIRECTION('',(2.59531453252161E-12,1.,0.));
#11440=DIRECTION('',(0.,0.,-1.));
#11441=DIRECTION('center_axis',(0.,0.,-1.));
#11442=DIRECTION('ref_axis',(-1.,-7.86548003905385E-12,0.));
#11443=DIRECTION('center_axis',(0.,0.,1.));
#11444=DIRECTION('ref_axis',(-1.,-7.86548003905385E-12,0.));
#11445=DIRECTION('center_axis',(0.,0.,-1.));
#11446=DIRECTION('ref_axis',(-1.,-7.86548003905385E-12,0.));
#11447=DIRECTION('',(0.,0.,-1.));
#11448=DIRECTION('center_axis',(3.46944695194099E-17,-1.,0.));
#11449=DIRECTION('ref_axis',(-1.,-3.46944695194099E-17,0.));
#11450=DIRECTION('',(1.,3.46944695194099E-17,0.));
#11451=DIRECTION('',(-1.,-3.46944695194099E-17,0.));
#11452=DIRECTION('',(0.,0.,-1.));
#11453=DIRECTION('center_axis',(0.,0.,-1.));
#11454=DIRECTION('ref_axis',(7.86578009943877E-12,-1.,0.));
#11455=DIRECTION('center_axis',(0.,0.,1.));
#11456=DIRECTION('ref_axis',(7.86578009943877E-12,-1.,0.));
#11457=DIRECTION('center_axis',(0.,0.,-1.));
#11458=DIRECTION('ref_axis',(7.86578009943877E-12,-1.,0.));
#11459=DIRECTION('',(0.,0.,-1.));
#11460=DIRECTION('center_axis',(1.,1.01114340170913E-9,0.));
#11461=DIRECTION('ref_axis',(1.01114340170913E-9,-1.,0.));
#11462=DIRECTION('',(-1.01114340170913E-9,1.,0.));
#11463=DIRECTION('',(1.01114340170913E-9,-1.,0.));
#11464=DIRECTION('',(0.,0.,-1.));
#11465=DIRECTION('center_axis',(0.,0.,-1.));
#11466=DIRECTION('ref_axis',(1.,1.01114339123853E-9,0.));
#11467=DIRECTION('center_axis',(0.,0.,1.));
#11468=DIRECTION('ref_axis',(1.,1.01114339123853E-9,0.));
#11469=DIRECTION('center_axis',(0.,0.,-1.));
#11470=DIRECTION('ref_axis',(1.,1.01114339123853E-9,0.));
#11471=DIRECTION('',(0.,0.,-1.));
#11472=DIRECTION('center_axis',(-1.26088424538181E-10,1.,0.));
#11473=DIRECTION('ref_axis',(1.,1.26088424538181E-10,0.));
#11474=DIRECTION('',(-1.,-1.26088424538181E-10,0.));
#11475=DIRECTION('',(1.,1.26088424538181E-10,0.));
#11476=DIRECTION('',(0.,0.,-1.));
#11477=DIRECTION('center_axis',(0.,0.,-1.));
#11478=DIRECTION('ref_axis',(-1.26086918683654E-10,1.,0.));
#11479=DIRECTION('center_axis',(0.,0.,1.));
#11480=DIRECTION('ref_axis',(-1.26086918683654E-10,1.,0.));
#11481=DIRECTION('center_axis',(0.,0.,-1.));
#11482=DIRECTION('ref_axis',(-1.26086918683654E-10,1.,0.));
#11483=DIRECTION('',(0.,0.,-1.));
#11484=DIRECTION('center_axis',(0.,0.,-1.));
#11485=DIRECTION('ref_axis',(0.906874789230495,0.421400185878158,0.));
#11486=DIRECTION('center_axis',(0.,0.,-1.));
#11487=DIRECTION('ref_axis',(0.906874789230495,0.421400185878158,0.));
#11488=DIRECTION('center_axis',(0.,0.,1.));
#11489=DIRECTION('ref_axis',(0.906874789230495,0.421400185878158,0.));
#11490=DIRECTION('',(0.,0.,-1.));
#11491=DIRECTION('center_axis',(0.,0.,-1.));
#11492=DIRECTION('ref_axis',(0.906874789230495,0.421400185878158,0.));
#11493=DIRECTION('center_axis',(0.,0.,1.));
#11494=DIRECTION('ref_axis',(0.906874789230495,0.421400185878158,0.));
#11495=DIRECTION('center_axis',(0.,0.,-1.));
#11496=DIRECTION('ref_axis',(0.906874789230495,0.421400185878158,0.));
#11497=DIRECTION('',(0.,0.,-1.));
#11498=DIRECTION('center_axis',(0.,0.,-1.));
#11499=DIRECTION('ref_axis',(0.477306974306991,0.878736622815907,0.));
#11500=DIRECTION('center_axis',(0.,0.,1.));
#11501=DIRECTION('ref_axis',(0.477306974306991,0.878736622815907,0.));
#11502=DIRECTION('center_axis',(0.,0.,-1.));
#11503=DIRECTION('ref_axis',(0.477306974306991,0.878736622815907,0.));
#11504=DIRECTION('',(0.,0.,-1.));
#11505=DIRECTION('center_axis',(0.,0.,-1.));
#11506=DIRECTION('ref_axis',(-0.519419208884492,0.854519564107112,0.));
#11507=DIRECTION('center_axis',(0.,0.,1.));
#11508=DIRECTION('ref_axis',(-0.519419208884492,0.854519564107112,0.));
#11509=DIRECTION('center_axis',(0.,0.,-1.));
#11510=DIRECTION('ref_axis',(-0.519419208884492,0.854519564107112,0.));
#11511=DIRECTION('',(0.,0.,-1.));
#11512=DIRECTION('center_axis',(0.,0.,-1.));
#11513=DIRECTION('ref_axis',(0.796362011309169,0.60482026003071,0.));
#11514=DIRECTION('center_axis',(0.,0.,-1.));
#11515=DIRECTION('ref_axis',(0.796362011309169,0.60482026003071,0.));
#11516=DIRECTION('center_axis',(0.,0.,1.));
#11517=DIRECTION('ref_axis',(0.796362011309169,0.60482026003071,0.));
#11518=DIRECTION('',(0.,0.,-1.));
#11519=DIRECTION('center_axis',(0.,0.,-1.));
#11520=DIRECTION('ref_axis',(0.796362011309169,0.60482026003071,0.));
#11521=DIRECTION('center_axis',(0.,0.,1.));
#11522=DIRECTION('ref_axis',(0.796362011309169,0.60482026003071,0.));
#11523=DIRECTION('center_axis',(0.,0.,-1.));
#11524=DIRECTION('ref_axis',(0.796362011309169,0.60482026003071,0.));
#11525=DIRECTION('',(0.,0.,-1.));
#11526=DIRECTION('center_axis',(-6.30352299481612E-11,1.,0.));
#11527=DIRECTION('ref_axis',(1.,6.30352299481612E-11,0.));
#11528=DIRECTION('',(-1.,-6.30352299481612E-11,0.));
#11529=DIRECTION('',(1.,6.30352299481612E-11,0.));
#11530=DIRECTION('',(0.,0.,-1.));
#11531=DIRECTION('center_axis',(0.,0.,-1.));
#11532=DIRECTION('ref_axis',(1.83608683812508E-11,1.,0.));
#11533=DIRECTION('center_axis',(0.,0.,1.));
#11534=DIRECTION('ref_axis',(1.83608683812508E-11,1.,0.));
#11535=DIRECTION('center_axis',(0.,0.,-1.));
#11536=DIRECTION('ref_axis',(1.83608683812508E-11,1.,0.));
#11537=DIRECTION('center_axis',(0.,0.,1.));
#11538=DIRECTION('ref_axis',(1.,0.,0.));
#11539=DIRECTION('center_axis',(-6.29968305892317E-11,0.999390827019096,
0.034899496702501));
#11540=DIRECTION('ref_axis',(-1.,-6.30352299481612E-11,0.));
#11541=DIRECTION('',(1.,6.30352299481612E-11,0.));
#11542=DIRECTION('',(2.20000921015535E-12,-0.0348994967025008,0.999390827019096));
#11543=DIRECTION('',(2.199787300814E-12,-0.034899496702501,0.999390827019096));
#11544=DIRECTION('center_axis',(0.,0.,-1.));
#11545=DIRECTION('ref_axis',(0.796362011309169,0.60482026003071,0.));
#11546=DIRECTION('center_axis',(0.,0.,-1.));
#11547=DIRECTION('ref_axis',(0.796362011309169,0.60482026003071,0.));
#11548=DIRECTION('',(-0.0277926333876815,-0.0211079226705475,0.999390827019096));
#11549=DIRECTION('center_axis',(0.,0.,1.));
#11550=DIRECTION('ref_axis',(0.796362011309169,0.60482026003071,0.));
#11551=DIRECTION('center_axis',(0.,0.,1.));
#11552=DIRECTION('ref_axis',(0.796362011309169,0.60482026003071,0.));
#11553=DIRECTION('',(0.0316494737591241,-0.014706654305395,0.999390827019096));
#11554=DIRECTION('center_axis',(0.,0.,-1.));
#11555=DIRECTION('ref_axis',(-0.519419208884492,0.854519564107112,0.));
#11556=DIRECTION('center_axis',(0.,0.,-1.));
#11557=DIRECTION('ref_axis',(-0.519419208884492,0.854519564107112,0.));
#11558=DIRECTION('center_axis',(0.,0.,-1.));
#11559=DIRECTION('ref_axis',(0.477306974306991,0.878736622815907,0.));
#11560=DIRECTION('center_axis',(0.,0.,-1.));
#11561=DIRECTION('ref_axis',(0.477306974306992,0.878736622815907,0.));
#11562=DIRECTION('center_axis',(0.,0.,-1.));
#11563=DIRECTION('ref_axis',(0.906874789230495,0.421400185878158,0.));
#11564=DIRECTION('center_axis',(0.,0.,-1.));
#11565=DIRECTION('ref_axis',(0.906874789230495,0.421400185878158,0.));
#11566=DIRECTION('',(-0.0316494737163308,-0.0147066543974881,0.999390827019096));
#11567=DIRECTION('center_axis',(0.,0.,1.));
#11568=DIRECTION('ref_axis',(0.906874789230495,0.421400185878158,0.));
#11569=DIRECTION('center_axis',(0.,0.,1.));
#11570=DIRECTION('ref_axis',(0.906874789230495,0.421400185878158,0.));
#11571=DIRECTION('',(0.0277926332715935,-0.0211079228233992,0.999390827019096));
#11572=DIRECTION('center_axis',(0.,0.,-1.));
#11573=DIRECTION('ref_axis',(-1.26086918683654E-10,1.,0.));
#11574=DIRECTION('center_axis',(0.,0.,-1.));
#11575=DIRECTION('ref_axis',(-1.26086918683654E-10,1.,0.));
#11576=DIRECTION('',(4.40046223899341E-12,-0.034899496702501,0.999390827019096));
#11577=DIRECTION('center_axis',(-1.26011614876748E-10,0.999390827019096,
0.034899496702501));
#11578=DIRECTION('ref_axis',(-1.,-1.26088424538181E-10,0.));
#11579=DIRECTION('',(1.,1.26088424538181E-10,0.));
#11580=DIRECTION('',(4.40035128432274E-12,-0.0348994967025011,0.999390827019096));
#11581=DIRECTION('center_axis',(0.,0.,-1.));
#11582=DIRECTION('ref_axis',(1.,1.01114339123853E-9,0.));
#11583=DIRECTION('center_axis',(0.,0.,-1.));
#11584=DIRECTION('ref_axis',(1.,1.01114339123853E-9,0.));
#11585=DIRECTION('',(-0.034899496702501,-3.52883563256728E-11,0.999390827019096));
#11586=DIRECTION('center_axis',(0.999390827019096,1.01052744046899E-9,0.034899496702501));
#11587=DIRECTION('ref_axis',(-1.01114340170913E-9,1.,0.));
#11588=DIRECTION('',(1.01114340170913E-9,-1.,0.));
#11589=DIRECTION('',(-0.034899496702501,-3.52884118030081E-11,0.999390827019096));
#11590=DIRECTION('center_axis',(0.,0.,-1.));
#11591=DIRECTION('ref_axis',(7.86578009943877E-12,-1.,0.));
#11592=DIRECTION('center_axis',(0.,0.,-1.));
#11593=DIRECTION('ref_axis',(7.86578009943878E-12,-1.,0.));
#11594=DIRECTION('',(0.,0.034899496702501,0.999390827019096));
#11595=DIRECTION('center_axis',(3.46733345859919E-17,-0.999390827019096,
0.034899496702501));
#11596=DIRECTION('ref_axis',(1.,3.46944695194099E-17,0.));
#11597=DIRECTION('',(-1.,-3.46944695194099E-17,0.));
#11598=DIRECTION('',(2.74501855251396E-13,0.0348994967007572,0.999390827019157));
#11599=DIRECTION('center_axis',(0.,0.,-1.));
#11600=DIRECTION('ref_axis',(-1.,-7.86548003905385E-12,0.));
#11601=DIRECTION('center_axis',(0.,0.,-1.));
#11602=DIRECTION('ref_axis',(-1.,-7.86548003905386E-12,0.));
#11603=DIRECTION('',(0.034899496702501,-9.05390112712714E-14,0.999390827019096));
#11604=DIRECTION('center_axis',(-0.999390827019096,2.59373353703145E-12,
0.034899496702501));
#11605=DIRECTION('ref_axis',(-2.59531453252161E-12,-1.,0.));
#11606=DIRECTION('',(2.59531453252161E-12,1.,0.));
#11607=DIRECTION('',(0.0348994967025014,0.,0.999390827019096));
#11608=DIRECTION('center_axis',(0.,0.,-1.));
#11609=DIRECTION('ref_axis',(1.83608683812508E-11,1.,0.));
#11610=DIRECTION('center_axis',(0.,0.,-1.));
#11611=DIRECTION('ref_axis',(1.83608683812508E-11,1.,0.));
#11612=DIRECTION('center_axis',(0.,0.,1.));
#11613=DIRECTION('ref_axis',(1.,0.,0.));
#11614=DIRECTION('center_axis',(1.,-1.51121884716251E-15,9.87407781362596E-16));
#11615=DIRECTION('ref_axis',(-1.80520262871363E-15,-0.837146380758038,0.546978918408852));
#11616=DIRECTION('',(1.,-1.51121884716251E-15,9.87407781362596E-16));
#11617=DIRECTION('center_axis',(1.,-1.51121884716251E-15,9.87407781362596E-16));
#11618=DIRECTION('ref_axis',(-1.80520262871363E-15,-0.837146380758038,0.546978918408852));
#11619=DIRECTION('',(1.,-1.51121884716251E-15,9.87407781362596E-16));
#11620=DIRECTION('center_axis',(1.,-1.51121884716251E-15,9.87407781362596E-16));
#11621=DIRECTION('ref_axis',(-1.80520262871363E-15,-0.837146380758038,0.546978918408852));
#11622=DIRECTION('',(1.,-1.51121884716251E-15,9.87407781362596E-16));
#11623=DIRECTION('center_axis',(1.,-1.51121884716251E-15,9.87407781362596E-16));
#11624=DIRECTION('ref_axis',(7.00343541297972E-16,-0.179359844577644,-0.983783536227906));
#11625=DIRECTION('',(1.,-1.51121884716251E-15,9.87407781362596E-16));
#11626=DIRECTION('center_axis',(1.,-1.51121884716251E-15,9.87407781362596E-16));
#11627=DIRECTION('ref_axis',(-1.80520262871363E-15,-0.837146380758038,0.546978918408852));
#11628=DIRECTION('center_axis',(-1.3615765752157E-15,-0.272280247040572,
0.962217993529286));
#11629=DIRECTION('ref_axis',(-1.18527033226116E-15,-0.962217993529286,-0.272280247040572));
#11630=DIRECTION('center_axis',(-1.3615765752157E-15,-0.272280247040572,
0.962217993529286));
#11631=DIRECTION('ref_axis',(-1.18527033226116E-15,-0.962217993529286,-0.272280247040572));
#11632=DIRECTION('',(1.3615765752157E-15,0.272280247040572,-0.962217993529286));
#11633=DIRECTION('center_axis',(-1.3615765752157E-15,-0.272280247040572,
0.962217993529286));
#11634=DIRECTION('ref_axis',(1.18527033226116E-15,0.962217993529286,0.272280247040572));
#11635=DIRECTION('center_axis',(-1.3615765752157E-15,-0.272280247040572,
0.962217993529286));
#11636=DIRECTION('ref_axis',(1.18527033226116E-15,0.962217993529286,0.272280247040572));
#11637=DIRECTION('center_axis',(-9.86076131526265E-32,0.546978918408852,
0.837146380758038));
#11638=DIRECTION('ref_axis',(-1.80520262871363E-15,-0.837146380758038,0.546978918408852));
#11639=DIRECTION('center_axis',(-1.3615765752157E-15,-0.272280247040572,
0.962217993529286));
#11640=DIRECTION('ref_axis',(-1.18527033226116E-15,-0.962217993529286,-0.272280247040572));
#11641=DIRECTION('center_axis',(-9.86076131526265E-32,0.546978918408852,
0.837146380758038));
#11642=DIRECTION('ref_axis',(-1.80520262871363E-15,-0.837146380758038,0.546978918408852));
#11643=DIRECTION('center_axis',(-9.86076131526265E-32,0.546978918408852,
0.837146380758038));
#11644=DIRECTION('ref_axis',(-1.80520262871363E-15,-0.837146380758038,0.546978918408852));
#11645=DIRECTION('',(9.86076131526265E-32,-0.546978918408852,-0.837146380758038));
#11646=DIRECTION('center_axis',(-9.86076131526265E-32,0.546978918408852,
0.837146380758038));
#11647=DIRECTION('ref_axis',(-1.80520262871363E-15,-0.837146380758038,0.546978918408852));
#11648=DIRECTION('center_axis',(-9.86076131526265E-32,0.546978918408852,
0.837146380758038));
#11649=DIRECTION('ref_axis',(-1.80520262871363E-15,-0.837146380758038,0.546978918408852));
#11650=DIRECTION('center_axis',(-0.998134798421867,0.0181543019042701,0.0582867523688497));
#11651=DIRECTION('ref_axis',(-1.5473499204486E-10,-0.954760799502798,0.297374874077785));
#11652=DIRECTION('',(-0.0493696550950998,-0.801654126143374,-0.595746002246841));
#11653=DIRECTION('',(0.060932887126384,0.354999198309777,0.932878744781903));
#11654=DIRECTION('',(0.061048539534857,0.296820209984339,0.952979978155635));
#11655=DIRECTION('',(1.5473499204486E-10,0.954760799502798,-0.297374874077785));
#11656=DIRECTION('',(0.0610485395335805,0.296820209993103,0.952979978152987));
#11657=DIRECTION('',(1.5473499204486E-10,0.954760799502798,-0.297374874077785));
#11658=DIRECTION('center_axis',(-3.07789374021616E-12,0.971134279909636,
-0.23853345757858));
#11659=DIRECTION('ref_axis',(-1.,-2.94412616597371E-12,9.170700759582E-13));
#11660=DIRECTION('',(1.,2.94412616597371E-12,-9.170700759582E-13));
#11661=DIRECTION('',(1.8832347587837E-13,0.23853345757858,0.971134279909636));
#11662=DIRECTION('',(1.,2.94412616597371E-12,-9.170700759582E-13));
#11663=DIRECTION('',(-2.91816724458663E-13,0.238533457580129,0.971134279909256));
#11664=DIRECTION('',(1.,2.94412616597371E-12,-9.170700759582E-13));
#11665=DIRECTION('',(-0.999997205249009,-0.000563943453437678,-0.00229596645286395));
#11666=DIRECTION('center_axis',(0.998134798421867,0.0181543017568105,0.058286752414778));
#11667=DIRECTION('ref_axis',(2.35695734443191E-16,0.954760799502798,-0.297374874077785));
#11668=DIRECTION('',(-2.35695734443191E-16,-0.954760799502798,0.297374874077785));
#11669=DIRECTION('',(-0.0610485395348567,0.296820209993358,0.952979978152825));
#11670=DIRECTION('',(-2.35695734443191E-16,-0.954760799502798,0.297374874077785));
#11671=DIRECTION('',(-0.0610485395348572,0.296820209993278,0.952979978152851));
#11672=DIRECTION('',(-0.0609403750998951,0.353103910059271,0.933597289725896));
#11673=DIRECTION('',(-0.0508461271663708,0.775631068638307,0.629135213380382));
#11674=DIRECTION('center_axis',(0.0238470609385385,-0.934553652473907,0.35502223639129));
#11675=DIRECTION('ref_axis',(0.999714554420509,0.0228107856809214,-0.0071047685692709));
#11676=DIRECTION('',(-0.00145854872988913,0.355090324712317,0.9348308584612));
#11677=DIRECTION('',(-0.999714554420509,-0.0228107856809214,0.0071047685692709));
#11678=DIRECTION('',(-0.00145854873204951,0.355090324726022,0.934830858455991));
#11679=DIRECTION('',(-0.0504798708572532,-0.355795867524601,-0.933199380245535));
#11680=DIRECTION('center_axis',(0.00964603237004794,-0.934781174044746,
0.355093101469238));
#11681=DIRECTION('ref_axis',(0.999953301903199,0.00922686353808927,-0.00287384796715697));
#11682=DIRECTION('',(0.0516111072852661,-0.354170892260473,-0.933755467282634));
#11683=DIRECTION('',(-0.000589976613808469,0.35510424052773,0.934826524167356));
#11684=DIRECTION('',(-0.999953301903199,-0.00922686353808927,0.00287384796715697));
#11685=DIRECTION('',(-0.000589976613807848,0.35510424052773,0.934826524167355));
#11686=DIRECTION('center_axis',(-7.34110463976599E-17,-0.297374874077785,
-0.954760799502798));
#11687=DIRECTION('ref_axis',(-0.996208887910943,-0.0830578881556685,0.0258696513768907));
#11688=DIRECTION('center_axis',(-7.34110463976599E-17,-0.297374874077785,
-0.954760799502798));
#11689=DIRECTION('ref_axis',(-0.996208887910943,-0.0830578881556685,0.0258696513768907));
#11690=DIRECTION('',(-7.34110463976599E-17,-0.297374874077785,-0.954760799502798));
#11691=DIRECTION('center_axis',(7.34110463976599E-17,0.297374874077785,
0.954760799502798));
#11692=DIRECTION('ref_axis',(-0.996208887910943,-0.0830578881556685,0.0258696513768907));
#11693=DIRECTION('',(7.34110463976599E-17,0.297374874077785,0.954760799502798));
#11694=DIRECTION('center_axis',(0.0238916236326422,-0.954488267253108,0.297289989734528));
#11695=DIRECTION('ref_axis',(-0.999714554420509,-0.0228107856809214,0.0071047685692709));
#11696=DIRECTION('',(-7.34110463976599E-17,-0.297374874077785,-0.954760799502798));
#11697=DIRECTION('',(0.999714554420509,0.0228107856809214,-0.0071047685692709));
#11698=DIRECTION('center_axis',(-7.34110463976599E-17,-0.297374874077785,
-0.954760799502798));
#11699=DIRECTION('ref_axis',(0.0238916236326355,-0.954488267253108,0.297289989734528));
#11700=DIRECTION('center_axis',(-7.34110463976599E-17,-0.297374874077785,
-0.954760799502798));
#11701=DIRECTION('ref_axis',(0.0238916236326355,-0.954488267253108,0.297289989734528));
#11702=DIRECTION('',(-7.34110463976599E-17,-0.297374874077785,-0.954760799502798));
#11703=DIRECTION('center_axis',(7.34110463976599E-17,0.297374874077785,
0.954760799502798));
#11704=DIRECTION('ref_axis',(0.0238916236326355,-0.954488267253108,0.297289989734528));
#11705=DIRECTION('center_axis',(1.,-2.46863648535363E-16,-2.01948391736579E-28));
#11706=DIRECTION('ref_axis',(-2.35695734443191E-16,-0.954760799502798,0.297374874077785));
#11707=DIRECTION('',(-7.34110463976599E-17,-0.297374874077785,-0.954760799502798));
#11708=DIRECTION('',(2.35695734443191E-16,0.954760799502798,-0.297374874077785));
#11709=DIRECTION('center_axis',(-7.34110463976599E-17,-0.297374874077785,
-0.954760799502798));
#11710=DIRECTION('ref_axis',(1.,1.04537450516146E-11,-3.25605589486967E-12));
#11711=DIRECTION('center_axis',(-7.34110463976599E-17,-0.297374874077785,
-0.954760799502798));
#11712=DIRECTION('ref_axis',(1.,1.04537450516146E-11,-3.25605589486967E-12));
#11713=DIRECTION('',(-7.34110463976599E-17,-0.297374874077785,-0.954760799502798));
#11714=DIRECTION('center_axis',(7.34110463976599E-17,0.297374874077785,
0.954760799502798));
#11715=DIRECTION('ref_axis',(1.,1.04537450516146E-11,-3.25605589486967E-12));
#11716=DIRECTION('center_axis',(-3.08364985042074E-12,0.954760799502798,
-0.297374874077785));
#11717=DIRECTION('ref_axis',(1.,2.94412616597371E-12,-9.170700759582E-13));
#11718=DIRECTION('',(-7.34110463976599E-17,-0.297374874077785,-0.954760799502798));
#11719=DIRECTION('',(-1.,-2.94412616597371E-12,9.170700759582E-13));
#11720=DIRECTION('center_axis',(-7.34110463976599E-17,-0.297374874077785,
-0.954760799502798));
#11721=DIRECTION('ref_axis',(-1.094939525539E-11,0.954760799502798,-0.297374874077785));
#11722=DIRECTION('center_axis',(-7.34110463976599E-17,-0.297374874077785,
-0.954760799502798));
#11723=DIRECTION('ref_axis',(-1.094939525539E-11,0.954760799502798,-0.297374874077785));
#11724=DIRECTION('',(-7.34110463976599E-17,-0.297374874077785,-0.954760799502798));
#11725=DIRECTION('center_axis',(7.34110463976599E-17,0.297374874077785,
0.954760799502798));
#11726=DIRECTION('ref_axis',(-1.094939525539E-11,0.954760799502798,-0.297374874077785));
#11727=DIRECTION('center_axis',(-1.,1.4773492654641E-10,-4.6014228684778E-11));
#11728=DIRECTION('ref_axis',(1.5473499204486E-10,0.954760799502798,-0.297374874077785));
#11729=DIRECTION('',(-7.34110463976599E-17,-0.297374874077785,-0.954760799502798));
#11730=DIRECTION('',(-1.5473499204486E-10,-0.954760799502798,0.297374874077785));
#11731=DIRECTION('center_axis',(-7.34110463976599E-17,-0.297374874077785,
-0.954760799502798));
#11732=DIRECTION('ref_axis',(-1.,1.42838412488957E-10,-4.44891343867994E-11));
#11733=DIRECTION('center_axis',(-7.34110463976599E-17,-0.297374874077785,
-0.954760799502798));
#11734=DIRECTION('ref_axis',(-1.,1.42838412488957E-10,-4.44891343867994E-11));
#11735=DIRECTION('',(-7.34110463976599E-17,-0.297374874077785,-0.954760799502798));
#11736=DIRECTION('center_axis',(7.34110463976599E-17,0.297374874077785,
0.954760799502798));
#11737=DIRECTION('ref_axis',(-1.,1.42838412488957E-10,-4.44891343867994E-11));
#11738=DIRECTION('center_axis',(0.00966405778588133,-0.954716213990561,
0.29736098723713));
#11739=DIRECTION('ref_axis',(-0.999953301903199,-0.00922686353808927,0.00287384796715697));
#11740=DIRECTION('',(-7.34110463976599E-17,-0.297374874077785,-0.954760799502798));
#11741=DIRECTION('',(0.999953301903199,0.00922686353808927,-0.00287384796715697));
#11742=DIRECTION('center_axis',(-7.34110463976599E-17,-0.297374874077785,
-0.954760799502798));
#11743=DIRECTION('ref_axis',(0.00966405778587016,-0.954716213990561,0.29736098723713));
#11744=DIRECTION('center_axis',(-7.34110463976599E-17,-0.297374874077785,
-0.954760799502798));
#11745=DIRECTION('ref_axis',(0.00966405778587016,-0.954716213990561,0.29736098723713));
#11746=DIRECTION('',(-7.34110463976599E-17,-0.297374874077785,-0.954760799502798));
#11747=DIRECTION('center_axis',(7.34110463976599E-17,0.297374874077785,
0.954760799502798));
#11748=DIRECTION('ref_axis',(0.00966405778587016,-0.954716213990561,0.29736098723713));
#11749=DIRECTION('center_axis',(0.986010241400805,-0.159144059361531,0.0495678547312669));
#11750=DIRECTION('ref_axis',(-0.166684743911153,-0.941403926397779,0.293214671375971));
#11751=DIRECTION('',(-0.166684743911153,-0.941403926397779,0.293214671375971));
#11752=DIRECTION('',(-7.34110463976599E-17,-0.297374874077785,-0.954760799502798));
#11753=DIRECTION('',(0.166684743911153,0.941403926397779,-0.293214671375971));
#11754=DIRECTION('center_axis',(-7.34110463976599E-17,-0.297374874077785,
-0.954760799502798));
#11755=DIRECTION('ref_axis',(-0.622298348442995,0.747367803246152,-0.232779148972029));
#11756=DIRECTION('center_axis',(7.34110463976599E-17,0.297374874077785,
0.954760799502798));
#11757=DIRECTION('ref_axis',(-0.000154962288050684,-0.954760788039314,0.297374870507308));
#11758=DIRECTION('',(-7.34110463976599E-17,-0.297374874077785,-0.954760799502798));
#11759=DIRECTION('center_axis',(-7.34110463976599E-17,-0.297374874077785,
-0.954760799502798));
#11760=DIRECTION('ref_axis',(-0.000154962288050684,-0.954760788039314,0.297374870507308));
#11761=DIRECTION('center_axis',(-0.000288664068471899,-0.954760759724147,
0.297374861688115));
#11762=DIRECTION('ref_axis',(-0.999999958336527,0.000275605136801983,-8.58414410125422E-5));
#11763=DIRECTION('',(-0.999999958336527,0.000275605136801983,-8.58414410125431E-5));
#11764=DIRECTION('',(7.34110463976599E-17,0.297374874077785,0.954760799502798));
#11765=DIRECTION('',(0.999999958336527,-0.000275605136801983,8.58414410125422E-5));
#11766=DIRECTION('center_axis',(-7.34110463976599E-17,-0.297374874077785,
-0.954760799502798));
#11767=DIRECTION('ref_axis',(-0.983260831128451,-0.173960818430699,0.0541827612761622));
#11768=DIRECTION('center_axis',(7.34110463976599E-17,0.297374874077785,
0.954760799502798));
#11769=DIRECTION('ref_axis',(-0.983260831128451,-0.173960818430699,0.0541827612761622));
#11770=DIRECTION('',(-7.34110463976599E-17,-0.297374874077785,-0.954760799502798));
#11771=DIRECTION('center_axis',(-7.34110463976599E-17,-0.297374874077785,
-0.954760799502798));
#11772=DIRECTION('ref_axis',(-0.983260831128451,-0.173960818430699,0.0541827612761622));
#11773=DIRECTION('center_axis',(-0.983260831128451,-0.173960818430699,0.0541827612761621));
#11774=DIRECTION('ref_axis',(-0.182203561898741,0.938778897247985,-0.292397065842442));
#11775=DIRECTION('',(-0.182203561898741,0.938778897247985,-0.292397065842441));
#11776=DIRECTION('',(0.182203561898741,-0.938778897247985,0.292397065842442));
#11777=DIRECTION('center_axis',(-0.981426851474518,-0.15548204468084,0.112368451919034));
#11778=DIRECTION('ref_axis',(0.182203561898741,-0.938778897247985,0.292397065842442));
#11779=DIRECTION('',(0.0600266377279477,0.307440263895748,0.949672199708294));
#11780=DIRECTION('center_axis',(7.34110463976599E-17,0.297374874077785,
0.954760799502798));
#11781=DIRECTION('ref_axis',(-0.983260831128451,-0.173960818430699,0.0541827612761622));
#11782=DIRECTION('center_axis',(7.34110463976599E-17,0.297374874077785,
0.954760799502798));
#11783=DIRECTION('ref_axis',(-0.983260831128451,-0.173960818430699,0.0541827612761622));
#11784=DIRECTION('center_axis',(-0.000288125651795831,-0.934825636691559,
0.355106950041576));
#11785=DIRECTION('ref_axis',(0.999999958336527,-0.000275605136801983,8.58414410125422E-5));
#11786=DIRECTION('',(1.35413706218699E-5,0.355106961052481,0.934825676812903));
#11787=DIRECTION('center_axis',(7.34110463976599E-17,0.297374874077785,
0.954760799502798));
#11788=DIRECTION('ref_axis',(-0.625756713957057,0.744730887535554,-0.231957841187083));
#11789=DIRECTION('center_axis',(7.34110463976599E-17,0.297374874077785,
0.954760799502798));
#11790=DIRECTION('ref_axis',(-0.000154962288050684,-0.954760788039314,0.297374870507308));
#11791=DIRECTION('center_axis',(0.984171133542489,-0.140692921854049,0.107762153105175));
#11792=DIRECTION('ref_axis',(0.166684743911153,0.941403926397779,-0.293214671375971));
#11793=DIRECTION('',(-0.0601944852039307,0.306535722393028,0.949953933013606));
#11794=DIRECTION('center_axis',(-7.34110463976599E-17,-0.297374874077785,
-0.954760799502798));
#11795=DIRECTION('ref_axis',(0.00966405778587015,-0.954716213990561,0.29736098723713));
#11796=DIRECTION('center_axis',(-7.34110463976599E-17,-0.297374874077785,
-0.954760799502798));
#11797=DIRECTION('ref_axis',(-1.,1.42838412488957E-10,-4.44891343867994E-11));
#11798=DIRECTION('center_axis',(-7.34110463976599E-17,-0.297374874077785,
-0.954760799502798));
#11799=DIRECTION('ref_axis',(-1.094939525539E-11,0.954760799502798,-0.297374874077785));
#11800=DIRECTION('center_axis',(-7.34110463976599E-17,-0.297374874077785,
-0.954760799502798));
#11801=DIRECTION('ref_axis',(-1.094939525539E-11,0.954760799502798,-0.297374874077785));
#11802=DIRECTION('center_axis',(-7.34110463976599E-17,-0.297374874077785,
-0.954760799502798));
#11803=DIRECTION('ref_axis',(1.,1.04537450516146E-11,-3.25605589486967E-12));
#11804=DIRECTION('center_axis',(-7.34110463976599E-17,-0.297374874077785,
-0.954760799502798));
#11805=DIRECTION('ref_axis',(1.,1.04537450516146E-11,-3.25605589486967E-12));
#11806=DIRECTION('center_axis',(-7.34110463976599E-17,-0.297374874077785,
-0.954760799502798));
#11807=DIRECTION('ref_axis',(0.0238916236326355,-0.954488267253108,0.297289989734528));
#11808=DIRECTION('center_axis',(-7.34110463976599E-17,-0.297374874077785,
-0.954760799502798));
#11809=DIRECTION('ref_axis',(-0.996208887910943,-0.0830578881556685,0.0258696513768907));
#11810=DIRECTION('',(-0.060817097678607,0.291749647224605,0.954559282587661));
#11811=DIRECTION('center_axis',(-7.34110463976599E-17,-0.297374874077785,
-0.954760799502798));
#11812=DIRECTION('ref_axis',(-0.996208887910943,-0.0830578881556685,0.0258696513768907));
#11813=DIRECTION('center_axis',(7.34110463976599E-17,0.297374874077785,
0.954760799502798));
#11814=DIRECTION('ref_axis',(-0.996208887910943,-0.0830578881556685,0.0258696513768907));
#11815=DIRECTION('',(-7.34110463976599E-17,-0.297374874077785,-0.954760799502798));
#11816=DIRECTION('center_axis',(-7.34110463976599E-17,-0.297374874077785,
-0.954760799502798));
#11817=DIRECTION('ref_axis',(-0.996208887910943,-0.0830578881556685,0.0258696513768907));
#11818=DIRECTION('',(-7.34110463976599E-17,-0.297374874077785,-0.954760799502798));
#11819=DIRECTION('center_axis',(0.0238916236326422,-0.954488267253108,0.297289989734528));
#11820=DIRECTION('ref_axis',(-0.999714554420509,-0.0228107856809214,0.0071047685692709));
#11821=DIRECTION('',(0.999714554420509,0.0228107856809214,-0.0071047685692709));
#11822=DIRECTION('',(-0.999714554420509,-0.0228107856809214,0.0071047685692709));
#11823=DIRECTION('',(-7.34110463976599E-17,-0.297374874077785,-0.954760799502798));
#11824=DIRECTION('center_axis',(-7.34110463976599E-17,-0.297374874077785,
-0.954760799502798));
#11825=DIRECTION('ref_axis',(0.0238916236326355,-0.954488267253108,0.297289989734528));
#11826=DIRECTION('center_axis',(7.34110463976599E-17,0.297374874077785,
0.954760799502798));
#11827=DIRECTION('ref_axis',(0.0238916236326355,-0.954488267253108,0.297289989734528));
#11828=DIRECTION('center_axis',(-7.34110463976599E-17,-0.297374874077785,
-0.954760799502798));
#11829=DIRECTION('ref_axis',(0.0238916236326355,-0.954488267253108,0.297289989734528));
#11830=DIRECTION('',(-7.34110463976599E-17,-0.297374874077785,-0.954760799502798));
#11831=DIRECTION('center_axis',(1.,-2.46863648535363E-16,-2.01948391736579E-28));
#11832=DIRECTION('ref_axis',(-2.35695734443191E-16,-0.954760799502798,0.297374874077785));
#11833=DIRECTION('',(2.35695734443191E-16,0.954760799502798,-0.297374874077785));
#11834=DIRECTION('',(-2.35695734443191E-16,-0.954760799502798,0.297374874077785));
#11835=DIRECTION('',(-7.34110463976599E-17,-0.297374874077785,-0.954760799502798));
#11836=DIRECTION('center_axis',(-7.34110463976599E-17,-0.297374874077785,
-0.954760799502798));
#11837=DIRECTION('ref_axis',(1.,1.04537450516146E-11,-3.25605589486967E-12));
#11838=DIRECTION('center_axis',(7.34110463976599E-17,0.297374874077785,
0.954760799502798));
#11839=DIRECTION('ref_axis',(1.,1.04537450516146E-11,-3.25605589486967E-12));
#11840=DIRECTION('center_axis',(-7.34110463976599E-17,-0.297374874077785,
-0.954760799502798));
#11841=DIRECTION('ref_axis',(1.,1.04537450516146E-11,-3.25605589486967E-12));
#11842=DIRECTION('',(-7.34110463976599E-17,-0.297374874077785,-0.954760799502798));
#11843=DIRECTION('center_axis',(-3.08364985042074E-12,0.954760799502798,
-0.297374874077785));
#11844=DIRECTION('ref_axis',(1.,2.94412616597371E-12,-9.170700759582E-13));
#11845=DIRECTION('',(-1.,-2.94412616597371E-12,9.170700759582E-13));
#11846=DIRECTION('',(1.,2.94412616597371E-12,-9.170700759582E-13));
#11847=DIRECTION('',(-7.34110463976599E-17,-0.297374874077785,-0.954760799502798));
#11848=DIRECTION('center_axis',(-7.34110463976599E-17,-0.297374874077785,
-0.954760799502798));
#11849=DIRECTION('ref_axis',(-1.094939525539E-11,0.954760799502798,-0.297374874077785));
#11850=DIRECTION('center_axis',(7.34110463976599E-17,0.297374874077785,
0.954760799502798));
#11851=DIRECTION('ref_axis',(-1.094939525539E-11,0.954760799502798,-0.297374874077785));
#11852=DIRECTION('center_axis',(-7.34110463976599E-17,-0.297374874077785,
-0.954760799502798));
#11853=DIRECTION('ref_axis',(-1.094939525539E-11,0.954760799502798,-0.297374874077785));
#11854=DIRECTION('',(-7.34110463976599E-17,-0.297374874077785,-0.954760799502798));
#11855=DIRECTION('center_axis',(-1.,1.4773492654641E-10,-4.6014228684778E-11));
#11856=DIRECTION('ref_axis',(1.5473499204486E-10,0.954760799502798,-0.297374874077785));
#11857=DIRECTION('',(-1.5473499204486E-10,-0.954760799502798,0.297374874077785));
#11858=DIRECTION('',(1.5473499204486E-10,0.954760799502798,-0.297374874077785));
#11859=DIRECTION('',(-7.34110463976599E-17,-0.297374874077785,-0.954760799502798));
#11860=DIRECTION('center_axis',(-7.34110463976599E-17,-0.297374874077785,
-0.954760799502798));
#11861=DIRECTION('ref_axis',(-1.,1.42838412488957E-10,-4.44891343867994E-11));
#11862=DIRECTION('center_axis',(7.34110463976599E-17,0.297374874077785,
0.954760799502798));
#11863=DIRECTION('ref_axis',(-1.,1.42838412488957E-10,-4.44891343867994E-11));
#11864=DIRECTION('center_axis',(-7.34110463976599E-17,-0.297374874077785,
-0.954760799502798));
#11865=DIRECTION('ref_axis',(-1.,1.42838412488957E-10,-4.44891343867994E-11));
#11866=DIRECTION('',(-7.34110463976599E-17,-0.297374874077785,-0.954760799502798));
#11867=DIRECTION('center_axis',(0.00966405778588133,-0.954716213990561,
0.29736098723713));
#11868=DIRECTION('ref_axis',(-0.999953301903199,-0.00922686353808927,0.00287384796715697));
#11869=DIRECTION('',(0.999953301903199,0.00922686353808927,-0.00287384796715697));
#11870=DIRECTION('',(-0.999953301903199,-0.00922686353808927,0.00287384796715697));
#11871=DIRECTION('',(-7.34110463976599E-17,-0.297374874077785,-0.954760799502798));
#11872=DIRECTION('center_axis',(-7.34110463976599E-17,-0.297374874077785,
-0.954760799502798));
#11873=DIRECTION('ref_axis',(0.00966405778587016,-0.954716213990561,0.29736098723713));
#11874=DIRECTION('center_axis',(7.34110463976599E-17,0.297374874077785,
0.954760799502798));
#11875=DIRECTION('ref_axis',(0.00966405778587016,-0.954716213990561,0.29736098723713));
#11876=DIRECTION('center_axis',(-7.34110463976599E-17,-0.297374874077785,
-0.954760799502798));
#11877=DIRECTION('ref_axis',(0.00966405778587016,-0.954716213990561,0.29736098723713));
#11878=DIRECTION('',(-7.34110463976599E-17,-0.297374874077785,-0.954760799502798));
#11879=DIRECTION('center_axis',(0.986010241400805,-0.159144059361531,0.0495678547312669));
#11880=DIRECTION('ref_axis',(-0.166684743911153,-0.941403926397779,0.293214671375971));
#11881=DIRECTION('',(0.166684743911153,0.941403926397779,-0.293214671375971));
#11882=DIRECTION('',(-0.166684743911153,-0.941403926397779,0.293214671375971));
#11883=DIRECTION('',(-7.34110463976599E-17,-0.297374874077785,-0.954760799502798));
#11884=DIRECTION('center_axis',(-7.34110463976599E-17,-0.297374874077785,
-0.954760799502798));
#11885=DIRECTION('ref_axis',(-0.000154962288050684,-0.954760788039314,0.297374870507308));
#11886=DIRECTION('center_axis',(-7.34110463976599E-17,-0.297374874077785,
-0.954760799502798));
#11887=DIRECTION('ref_axis',(-0.000154962288050684,-0.954760788039314,0.297374870507308));
#11888=DIRECTION('center_axis',(7.34110463976599E-17,0.297374874077785,
0.954760799502798));
#11889=DIRECTION('ref_axis',(-0.000154962288050684,-0.954760788039314,0.297374870507308));
#11890=DIRECTION('',(-7.34110463976599E-17,-0.297374874077785,-0.954760799502798));
#11891=DIRECTION('center_axis',(-0.000288664068471899,-0.954760759724147,
0.297374861688115));
#11892=DIRECTION('ref_axis',(-0.999999958336527,0.000275605136801983,-8.58414410125422E-5));
#11893=DIRECTION('',(0.999999958336527,-0.000275605136801983,8.58414410125422E-5));
#11894=DIRECTION('',(-0.999999958336527,0.000275605136801983,-8.58414410125422E-5));
#11895=DIRECTION('',(-7.34110463976599E-17,-0.297374874077785,-0.954760799502798));
#11896=DIRECTION('center_axis',(-7.34110463976599E-17,-0.297374874077785,
-0.954760799502798));
#11897=DIRECTION('ref_axis',(-0.983260831128451,-0.173960818430699,0.0541827612761622));
#11898=DIRECTION('center_axis',(-7.34110463976599E-17,-0.297374874077785,
-0.954760799502798));
#11899=DIRECTION('ref_axis',(-0.983260831128451,-0.173960818430699,0.0541827612761622));
#11900=DIRECTION('center_axis',(7.34110463976599E-17,0.297374874077785,
0.954760799502798));
#11901=DIRECTION('ref_axis',(-0.983260831128451,-0.173960818430699,0.0541827612761622));
#11902=DIRECTION('',(-7.34110463976599E-17,-0.297374874077785,-0.954760799502798));
#11903=DIRECTION('center_axis',(-0.983260831128451,-0.173960818430699,0.0541827612761621));
#11904=DIRECTION('ref_axis',(-0.182203561898741,0.938778897247985,-0.292397065842442));
#11905=DIRECTION('',(0.182203561898741,-0.938778897247985,0.292397065842442));
#11906=DIRECTION('',(-0.182203561898741,0.938778897247985,-0.292397065842442));
#11907=DIRECTION('center_axis',(7.34110463976599E-17,0.297374874077785,
0.954760799502798));
#11908=DIRECTION('ref_axis',(-1.,-2.94409304105425E-12,9.17059758694696E-13));
#11909=DIRECTION('center_axis',(-0.981426851474518,-0.15548204468084,0.112368451919034));
#11910=DIRECTION('ref_axis',(0.182203561898741,-0.938778897247985,0.292397065842442));
#11911=DIRECTION('',(-0.182203561898741,0.938778897247985,-0.292397065842442));
#11912=DIRECTION('',(0.0600266377279477,0.307440263895748,0.949672199708294));
#11913=DIRECTION('center_axis',(7.34110463976599E-17,0.297374874077785,
0.954760799502798));
#11914=DIRECTION('ref_axis',(-0.983260831128451,-0.173960818430699,0.0541827612761622));
#11915=DIRECTION('center_axis',(7.34110463976599E-17,0.297374874077785,
0.954760799502798));
#11916=DIRECTION('ref_axis',(-0.983260831128451,-0.173960818430699,0.0541827612761622));
#11917=DIRECTION('center_axis',(-0.000288125651795831,-0.934825636691559,
0.355106950041576));
#11918=DIRECTION('ref_axis',(0.999999958336527,-0.000275605136801983,8.58414410125422E-5));
#11919=DIRECTION('',(-0.999999958336527,0.000275605136801983,-8.58414410125422E-5));
#11920=DIRECTION('',(1.35413706218699E-5,0.355106961052481,0.934825676812903));
#11921=DIRECTION('center_axis',(7.34110463976599E-17,0.297374874077785,
0.954760799502798));
#11922=DIRECTION('ref_axis',(-0.623503194528668,0.746451853968722,-0.232493862540937));
#11923=DIRECTION('center_axis',(7.34110463976599E-17,0.297374874077785,
0.954760799502798));
#11924=DIRECTION('ref_axis',(-0.000154962288050684,-0.954760788039314,0.297374870507308));
#11925=DIRECTION('center_axis',(0.984171133542489,-0.140692921854049,0.107762153105175));
#11926=DIRECTION('ref_axis',(0.166684743911153,0.941403926397779,-0.293214671375971));
#11927=DIRECTION('',(-0.166684743911153,-0.941403926397779,0.293214671375971));
#11928=DIRECTION('',(-0.0601944852039307,0.306535722393028,0.949953933013606));
#11929=DIRECTION('center_axis',(-7.34110463976599E-17,-0.297374874077785,
-0.954760799502798));
#11930=DIRECTION('ref_axis',(0.00966405778587016,-0.954716213990561,0.29736098723713));
#11931=DIRECTION('center_axis',(-7.34110463976599E-17,-0.297374874077785,
-0.954760799502798));
#11932=DIRECTION('ref_axis',(0.00966405778587016,-0.954716213990561,0.29736098723713));
#11933=DIRECTION('',(-0.000589976613808469,0.35510424052773,0.934826524167356));
#11934=DIRECTION('center_axis',(0.00964603237004794,-0.934781174044746,
0.355093101469238));
#11935=DIRECTION('ref_axis',(0.999953301903199,0.00922686353808927,-0.00287384796715697));
#11936=DIRECTION('',(-0.999953301903199,-0.00922686353808927,0.00287384796715697));
#11937=DIRECTION('',(-0.000589976613807848,0.35510424052773,0.934826524167355));
#11938=DIRECTION('center_axis',(-7.34110463976599E-17,-0.297374874077785,
-0.954760799502798));
#11939=DIRECTION('ref_axis',(-1.,1.42838412488957E-10,-4.44891343867994E-11));
#11940=DIRECTION('center_axis',(-7.34110463976599E-17,-0.297374874077785,
-0.954760799502798));
#11941=DIRECTION('ref_axis',(-1.,1.42838412488957E-10,-4.44891343867994E-11));
#11942=DIRECTION('',(0.061048539534857,0.296820209984339,0.952979978155635));
#11943=DIRECTION('center_axis',(-0.998134798421867,0.0181543019042701,0.0582867523688497));
#11944=DIRECTION('ref_axis',(-1.5473499204486E-10,-0.954760799502798,0.297374874077785));
#11945=DIRECTION('',(1.5473499204486E-10,0.954760799502798,-0.297374874077785));
#11946=DIRECTION('',(0.0610485395335805,0.296820209993103,0.952979978152987));
#11947=DIRECTION('center_axis',(-7.34110463976599E-17,-0.297374874077785,
-0.954760799502798));
#11948=DIRECTION('ref_axis',(-1.094939525539E-11,0.954760799502798,-0.297374874077785));
#11949=DIRECTION('center_axis',(-7.34110463976599E-17,-0.297374874077785,
-0.954760799502798));
#11950=DIRECTION('ref_axis',(-1.094939525539E-11,0.954760799502798,-0.297374874077785));
#11951=DIRECTION('',(1.8832347587837E-13,0.23853345757858,0.971134279909636));
#11952=DIRECTION('center_axis',(-3.07789374021616E-12,0.971134279909636,
-0.23853345757858));
#11953=DIRECTION('ref_axis',(-1.,-2.94412616597371E-12,9.170700759582E-13));
#11954=DIRECTION('',(1.,2.94412616597371E-12,-9.170700759582E-13));
#11955=DIRECTION('',(-2.91816724458663E-13,0.238533457580129,0.971134279909256));
#11956=DIRECTION('center_axis',(-7.34110463976599E-17,-0.297374874077785,
-0.954760799502798));
#11957=DIRECTION('ref_axis',(1.,1.04537450516146E-11,-3.25605589486967E-12));
#11958=DIRECTION('center_axis',(-7.34110463976599E-17,-0.297374874077785,
-0.954760799502798));
#11959=DIRECTION('ref_axis',(1.,1.04537450516146E-11,-3.25605589486967E-12));
#11960=DIRECTION('',(-0.0610485395348567,0.296820209993358,0.952979978152825));
#11961=DIRECTION('center_axis',(0.998134798421867,0.0181543017568105,0.058286752414778));
#11962=DIRECTION('ref_axis',(2.35695734443191E-16,0.954760799502798,-0.297374874077785));
#11963=DIRECTION('',(-2.35695734443191E-16,-0.954760799502798,0.297374874077785));
#11964=DIRECTION('',(-0.0610485395348572,0.296820209993278,0.952979978152851));
#11965=DIRECTION('center_axis',(-7.34110463976599E-17,-0.297374874077785,
-0.954760799502798));
#11966=DIRECTION('ref_axis',(0.0238916236326355,-0.954488267253108,0.297289989734528));
#11967=DIRECTION('center_axis',(-7.34110463976599E-17,-0.297374874077785,
-0.954760799502798));
#11968=DIRECTION('ref_axis',(0.0238916236326355,-0.954488267253108,0.297289989734528));
#11969=DIRECTION('',(-0.00145854872988913,0.355090324712317,0.9348308584612));
#11970=DIRECTION('center_axis',(0.0238470609385385,-0.934553652473907,0.35502223639129));
#11971=DIRECTION('ref_axis',(0.999714554420509,0.0228107856809214,-0.0071047685692709));
#11972=DIRECTION('',(-0.999714554420509,-0.0228107856809214,0.0071047685692709));
#11973=DIRECTION('',(-0.00145854873204951,0.355090324726022,0.934830858455991));
#11974=DIRECTION('center_axis',(-7.34110463976599E-17,-0.297374874077785,
-0.954760799502798));
#11975=DIRECTION('ref_axis',(-0.996208887910943,-0.0830578881556685,0.0258696513768907));
#11976=DIRECTION('center_axis',(-7.34110463976599E-17,-0.297374874077785,
-0.954760799502798));
#11977=DIRECTION('ref_axis',(-0.996208887910943,-0.0830578881556686,0.0258696513768907));
#11978=DIRECTION('center_axis',(7.34110463976599E-17,0.297374874077785,
0.954760799502798));
#11979=DIRECTION('ref_axis',(-1.,-2.94409304105425E-12,9.17059758694696E-13));
#11980=DIRECTION('center_axis',(2.18977613818871E-12,-1.,0.));
#11981=DIRECTION('ref_axis',(1.,2.1832489586559E-12,0.));
#11982=DIRECTION('center_axis',(2.18977613818871E-12,-1.,0.));
#11983=DIRECTION('ref_axis',(1.,2.18977613818871E-12,0.));
#11984=DIRECTION('',(-0.707024452247995,-0.707189100540599,8.65855232366315E-17));
#11985=DIRECTION('center_axis',(-2.18977613818871E-12,1.,0.));
#11986=DIRECTION('ref_axis',(1.,2.17812321352263E-12,0.));
#11987=DIRECTION('center_axis',(-2.18977613818871E-12,1.,0.));
#11988=DIRECTION('ref_axis',(1.,2.17812321352263E-12,0.));
#11989=DIRECTION('center_axis',(-2.18977613818871E-12,1.,0.));
#11990=DIRECTION('ref_axis',(-1.,-2.17812321352263E-12,0.));
#11991=DIRECTION('',(2.18977613818871E-12,-1.,0.));
#11992=DIRECTION('center_axis',(-2.18977613818871E-12,1.,0.));
#11993=DIRECTION('ref_axis',(-1.,-2.17812321352263E-12,0.));
#11994=DIRECTION('center_axis',(-2.18977613818871E-12,1.,0.));
#11995=DIRECTION('ref_axis',(0.,0.,-1.));
#11996=DIRECTION('center_axis',(-2.18977613818871E-12,1.,0.));
#11997=DIRECTION('ref_axis',(0.,0.,-1.));
#11998=DIRECTION('center_axis',(-2.18776807344809E-12,1.,2.81505855974537E-16));
#11999=DIRECTION('ref_axis',(-1.,-2.18776807344809E-12,6.81712338612746E-17));
#12000=DIRECTION('center_axis',(2.18977613818871E-12,-1.,0.));
#12001=DIRECTION('ref_axis',(-1.,-2.18978075337624E-12,1.38777878078145E-17));
#12002=DIRECTION('center_axis',(2.18977613818871E-12,-1.,0.));
#12003=DIRECTION('ref_axis',(-1.,-2.17812321352263E-12,0.));
#12004=DIRECTION('',(0.437703036001534,0.894929168947641,0.0867054487429989));
#12005=DIRECTION('center_axis',(-2.18977613818871E-12,1.,0.));
#12006=DIRECTION('ref_axis',(-1.,-2.17812321352263E-12,0.));
#12007=DIRECTION('',(-0.437703036001534,-0.894929168947641,0.0867054487429988));
#12008=DIRECTION('center_axis',(-2.18977613818871E-12,1.,0.));
#12009=DIRECTION('ref_axis',(0.,0.,-1.));
#12010=DIRECTION('center_axis',(-2.18748656759211E-12,1.,3.28160997013239E-30));
#12011=DIRECTION('ref_axis',(1.66533453693773E-15,3.64617854006866E-27,
-1.));
#12012=DIRECTION('center_axis',(2.18977613818871E-12,-1.,0.));
#12013=DIRECTION('ref_axis',(1.71512449944288E-15,3.75519152741168E-27,
-1.));
#12014=DIRECTION('center_axis',(2.18977613818871E-12,-1.,0.));
#12015=DIRECTION('ref_axis',(-1.,-2.17812321352263E-12,0.));
#12016=DIRECTION('',(-0.0867054487449586,0.894929168946493,0.437703036003494));
#12017=DIRECTION('center_axis',(-2.18977613818871E-12,1.,0.));
#12018=DIRECTION('ref_axis',(-1.,-2.17812321352263E-12,0.));
#12019=DIRECTION('',(-0.0867054487410397,-0.894929168946872,-0.437703036003493));
#12020=DIRECTION('center_axis',(-2.18977613818871E-12,1.,0.));
#12021=DIRECTION('ref_axis',(0.,0.,-1.));
#12022=DIRECTION('center_axis',(-2.18748656759211E-12,1.,-2.81505855974536E-16));
#12023=DIRECTION('ref_axis',(1.,2.18748656759211E-12,5.62561709165556E-31));
#12024=DIRECTION('center_axis',(2.18977613818871E-12,-1.,0.));
#12025=DIRECTION('ref_axis',(1.,2.18978075337624E-12,1.22464679914735E-16));
#12026=DIRECTION('center_axis',(2.18977613818871E-12,-1.,0.));
#12027=DIRECTION('ref_axis',(1.,2.2014290628548E-12,1.22464679914735E-16));
#12028=DIRECTION('',(-0.437703036005453,0.894929168945724,-0.0867054487429988));
#12029=DIRECTION('center_axis',(-2.18977613818871E-12,1.,0.));
#12030=DIRECTION('ref_axis',(-1.,-2.17812321352263E-12,0.));
#12031=DIRECTION('center_axis',(-2.18977613818871E-12,1.,0.));
#12032=DIRECTION('ref_axis',(-1.,-2.17812321352263E-12,0.));
#12033=DIRECTION('',(0.437703036005453,-0.894929168945724,-0.0867054487429988));
#12034=DIRECTION('center_axis',(-2.18977613818871E-12,1.,0.));
#12035=DIRECTION('ref_axis',(1.65392756989998E-15,0.,1.));
#12036=DIRECTION('center_axis',(-2.18776807344809E-12,1.,-2.81280854582779E-30));
#12037=DIRECTION('ref_axis',(1.66533453693773E-15,3.64617854006866E-27,
1.));
#12038=DIRECTION('center_axis',(2.18977613818871E-12,-1.,0.));
#12039=DIRECTION('ref_axis',(1.71512449944288E-15,3.75519152741168E-27,
1.));
#12040=DIRECTION('center_axis',(2.18977613818871E-12,-1.,0.));
#12041=DIRECTION('ref_axis',(-1.,-2.17812321352263E-12,0.));
#12042=DIRECTION('',(0.0867054487410397,0.894929168946872,-0.437703036003493));
#12043=DIRECTION('center_axis',(-2.18977613818871E-12,1.,0.));
#12044=DIRECTION('ref_axis',(-1.,-2.17812321352263E-12,0.));
#12045=DIRECTION('',(0.0867054487449585,-0.894929168946493,0.437703036003494));
#12046=DIRECTION('center_axis',(-2.18977613818871E-12,1.,0.));
#12047=DIRECTION('ref_axis',(0.,0.,-1.));
#12048=DIRECTION('center_axis',(2.18973738615679E-12,-1.,-6.34527500639227E-32));
#12049=DIRECTION('ref_axis',(1.,2.18973738615679E-12,-6.22341229336931E-32));
#12050=DIRECTION('center_axis',(2.18973738615679E-12,-1.,-6.34527500639227E-32));
#12051=DIRECTION('ref_axis',(1.,2.18973738615679E-12,-6.22341229336931E-32));
#12052=DIRECTION('center_axis',(1.,2.18977613818871E-12,-1.22596928214993E-16));
#12053=DIRECTION('ref_axis',(1.22596928214993E-16,0.,1.));
#12054=DIRECTION('center_axis',(-2.18977613818871E-12,1.,0.));
#12055=DIRECTION('ref_axis',(1.,2.18977426285115E-12,1.22464679914735E-16));
#12056=DIRECTION('center_axis',(1.06752213906265E-18,-6.83214169000096E-17,
1.));
#12057=DIRECTION('ref_axis',(0.0166082388387431,-0.999862073689504,0.));
#12058=DIRECTION('center_axis',(-0.019102928175279,-0.0871557427477,-0.99601152334761));
#12059=DIRECTION('ref_axis',(0.9998161255581,2.18905452338003E-12,-0.0191758982577024));
#12060=DIRECTION('center_axis',(0.996011523347801,-0.0871557427454775,0.0191029281754705));
#12061=DIRECTION('ref_axis',(-0.019175898257703,-4.19848067538101E-14,0.9998161255581));
#12062=DIRECTION('center_axis',(-0.996011523347419,-0.0871557427498389,
0.0191029281754705));
#12063=DIRECTION('ref_axis',(-0.019175898257703,-4.19848067538101E-14,-0.9998161255581));
#12064=DIRECTION('center_axis',(0.0191029281756607,-0.0871557427476164,
-0.99601152334761));
#12065=DIRECTION('ref_axis',(0.9998161255581,2.18905452338003E-12,0.0191758982577024));
#12066=DIRECTION('center_axis',(0.0191029281756607,-0.0871557427476163,
0.99601152334761));
#12067=DIRECTION('ref_axis',(-0.9998161255581,-2.18905452338003E-12,0.0191758982577024));
#12068=DIRECTION('center_axis',(-0.996011523347419,-0.0871557427498389,
-0.0191029281754705));
#12069=DIRECTION('ref_axis',(0.019175898257703,4.19848067538101E-14,-0.9998161255581));
#12070=DIRECTION('center_axis',(0.996011523347801,-0.0871557427454774,-0.0191029281754705));
#12071=DIRECTION('ref_axis',(0.019175898257703,4.19848067538101E-14,0.9998161255581));
#12072=DIRECTION('center_axis',(-0.019102928175279,-0.0871557427477,0.99601152334761));
#12073=DIRECTION('ref_axis',(-0.9998161255581,-2.18905452338003E-12,-0.0191758982577024));
#12074=DIRECTION('center_axis',(-2.18977613818871E-12,1.,0.));
#12075=DIRECTION('ref_axis',(-1.,-2.17812321352263E-12,0.));
#12076=DIRECTION('center_axis',(-2.18977613818871E-12,1.,0.));
#12077=DIRECTION('ref_axis',(-1.,-2.17812321352263E-12,0.));
#12078=DIRECTION('',(-0.0348994967003127,-0.999390827019172,4.27395569285717E-18));
#12079=DIRECTION('center_axis',(0.996011523347801,-0.0871557427454774,-0.0191029281754705));
#12080=DIRECTION('ref_axis',(-0.019175898257703,-4.19848067538101E-14,-0.9998161255581));
#12081=DIRECTION('',(0.0871397170319209,0.996194698091936,-0.00167128965550476));
#12082=DIRECTION('center_axis',(-0.996011523347419,-0.0871557427498389,
-0.0191029281754705));
#12083=DIRECTION('ref_axis',(-0.019175898257703,-4.19848067538101E-14,0.9998161255581));
#12084=DIRECTION('',(-0.0871397170362832,0.996194698091555,-0.00167128965550362));
#12085=DIRECTION('center_axis',(-2.18945710858394E-12,1.,0.));
#12086=DIRECTION('ref_axis',(-0.9998161255581,-2.18905452338003E-12,-0.019175898257716));
#12087=DIRECTION('',(0.00167128965332355,0.996194698091749,0.087139717034102));
#12088=DIRECTION('center_axis',(0.0191029281756607,-0.0871557427476163,
0.99601152334761));
#12089=DIRECTION('ref_axis',(0.9998161255581,2.18905452338003E-12,-0.0191758982577024));
#12090=DIRECTION('center_axis',(0.0191029281756607,-0.0871557427476164,
-0.99601152334761));
#12091=DIRECTION('ref_axis',(-0.9998161255581,-2.18905452338003E-12,-0.0191758982577024));
#12092=DIRECTION('',(0.00167128965332242,0.996194698091749,-0.0871397170341021));
#12093=DIRECTION('center_axis',(-2.18945710858394E-12,1.,0.));
#12094=DIRECTION('ref_axis',(0.019175898257715,4.19848067538365E-14,-0.9998161255581));
#12095=DIRECTION('',(-0.0871397170362831,0.996194698091555,0.00167128965550476));
#12096=DIRECTION('center_axis',(-2.18945710858394E-12,1.,0.));
#12097=DIRECTION('ref_axis',(-0.019175898257715,-4.19848067538365E-14,0.9998161255581));
#12098=DIRECTION('',(-0.00167128965768467,0.996194698091742,0.0871397170341021));
#12099=DIRECTION('center_axis',(-0.019102928175279,-0.0871557427477,-0.99601152334761));
#12100=DIRECTION('ref_axis',(-0.9998161255581,-2.18905452338003E-12,0.0191758982577024));
#12101=DIRECTION('',(-0.0016712896576858,0.996194698091742,-0.087139717034102));
#12102=DIRECTION('center_axis',(-0.996011523347419,-0.0871557427498389,
0.0191029281754705));
#12103=DIRECTION('ref_axis',(0.019175898257703,4.19848067538101E-14,0.9998161255581));
#12104=DIRECTION('center_axis',(0.996011523347801,-0.0871557427454775,0.0191029281754705));
#12105=DIRECTION('ref_axis',(0.019175898257703,4.19848067538101E-14,-0.9998161255581));
#12106=DIRECTION('',(0.087139717031921,0.996194698091936,0.00167128965550362));
#12107=DIRECTION('center_axis',(-2.18945710858394E-12,1.,0.));
#12108=DIRECTION('ref_axis',(0.9998161255581,2.18905452338003E-12,0.019175898257716));
#12109=DIRECTION('center_axis',(-0.019102928175279,-0.0871557427477,0.99601152334761));
#12110=DIRECTION('ref_axis',(0.9998161255581,2.18905452338003E-12,0.0191758982577024));
#12111=DIRECTION('center_axis',(2.18977613818871E-12,-1.,0.));
#12112=DIRECTION('ref_axis',(-1.,-2.17812321352263E-12,0.));
#12113=DIRECTION('',(0.882947592859951,-0.469471562783965,-1.08129894340954E-16));
#12114=DIRECTION('center_axis',(-2.18977613818871E-12,1.,0.));
#12115=DIRECTION('ref_axis',(0.,0.,-1.));
#12116=DIRECTION('center_axis',(-2.18977613818871E-12,1.,0.));
#12117=DIRECTION('ref_axis',(-1.,-2.17812321352263E-12,0.));
#12118=DIRECTION('center_axis',(-2.18977613818871E-12,1.,0.));
#12119=DIRECTION('ref_axis',(-1.,-2.17812321352263E-12,0.));
#12120=DIRECTION('center_axis',(-2.18977613818871E-12,1.,0.));
#12121=DIRECTION('ref_axis',(-1.,-2.17812321352263E-12,0.));
#12122=DIRECTION('',(2.18977613818871E-12,-1.,0.));
#12123=DIRECTION('center_axis',(-2.18977613818871E-12,1.,0.));
#12124=DIRECTION('ref_axis',(-1.,-2.17812321352263E-12,0.));
#12125=DIRECTION('',(-0.403635223294454,-0.914920000063413,4.94310584233133E-17));
#12126=DIRECTION('center_axis',(2.18977613818871E-12,-1.,0.));
#12127=DIRECTION('ref_axis',(1.,2.1832489586559E-12,0.));
#12128=DIRECTION('center_axis',(2.18977613818871E-12,-1.,0.));
#12129=DIRECTION('ref_axis',(1.,2.18977613818871E-12,0.));
#12130=DIRECTION('',(-0.707024452247995,-0.707189100540599,8.65855232366315E-17));
#12131=DIRECTION('center_axis',(-2.18977613818871E-12,1.,0.));
#12132=DIRECTION('ref_axis',(1.,2.17812321352263E-12,0.));
#12133=DIRECTION('center_axis',(-2.18977613818871E-12,1.,0.));
#12134=DIRECTION('ref_axis',(1.,2.17812321352263E-12,0.));
#12135=DIRECTION('center_axis',(-2.18977613818871E-12,1.,0.));
#12136=DIRECTION('ref_axis',(-1.,-2.17812321352263E-12,0.));
#12137=DIRECTION('',(2.18977613818871E-12,-1.,0.));
#12138=DIRECTION('center_axis',(-2.18977613818871E-12,1.,0.));
#12139=DIRECTION('ref_axis',(-1.,-2.17812321352263E-12,0.));
#12140=DIRECTION('center_axis',(-2.18977613818871E-12,1.,0.));
#12141=DIRECTION('ref_axis',(0.,0.,-1.));
#12142=DIRECTION('center_axis',(-2.18977613818871E-12,1.,0.));
#12143=DIRECTION('ref_axis',(0.,0.,-1.));
#12144=DIRECTION('center_axis',(-2.18776807344809E-12,1.,2.81505855974537E-16));
#12145=DIRECTION('ref_axis',(-1.,-2.18776807344809E-12,6.81712338612746E-17));
#12146=DIRECTION('center_axis',(2.18977613818871E-12,-1.,0.));
#12147=DIRECTION('ref_axis',(-1.,-2.18978075337624E-12,1.38777878078145E-17));
#12148=DIRECTION('center_axis',(2.18977613818871E-12,-1.,0.));
#12149=DIRECTION('ref_axis',(-1.,-2.17812321352263E-12,0.));
#12150=DIRECTION('',(0.437703036001534,0.894929168947641,0.0867054487429989));
#12151=DIRECTION('center_axis',(-2.18977613818871E-12,1.,0.));
#12152=DIRECTION('ref_axis',(-1.,-2.17812321352263E-12,0.));
#12153=DIRECTION('',(-0.437703036001534,-0.894929168947641,0.0867054487429988));
#12154=DIRECTION('center_axis',(-2.18977613818871E-12,1.,0.));
#12155=DIRECTION('ref_axis',(0.,0.,-1.));
#12156=DIRECTION('center_axis',(-2.18748656759211E-12,1.,3.28160997013239E-30));
#12157=DIRECTION('ref_axis',(1.66533453693773E-15,3.64617854006866E-27,
-1.));
#12158=DIRECTION('center_axis',(2.18977613818871E-12,-1.,0.));
#12159=DIRECTION('ref_axis',(1.71512449944288E-15,3.75519152741168E-27,
-1.));
#12160=DIRECTION('center_axis',(2.18977613818871E-12,-1.,0.));
#12161=DIRECTION('ref_axis',(-1.,-2.17812321352263E-12,0.));
#12162=DIRECTION('',(-0.0867054487449586,0.894929168946493,0.437703036003494));
#12163=DIRECTION('center_axis',(-2.18977613818871E-12,1.,0.));
#12164=DIRECTION('ref_axis',(-1.,-2.17812321352263E-12,0.));
#12165=DIRECTION('',(-0.0867054487410397,-0.894929168946872,-0.437703036003493));
#12166=DIRECTION('center_axis',(-2.18977613818871E-12,1.,0.));
#12167=DIRECTION('ref_axis',(0.,0.,-1.));
#12168=DIRECTION('center_axis',(-2.18748656759211E-12,1.,-2.81505855974536E-16));
#12169=DIRECTION('ref_axis',(1.,2.18748656759211E-12,5.62561709165556E-31));
#12170=DIRECTION('center_axis',(2.18977613818871E-12,-1.,0.));
#12171=DIRECTION('ref_axis',(1.,2.18978075337624E-12,1.22464679914735E-16));
#12172=DIRECTION('center_axis',(2.18977613818871E-12,-1.,0.));
#12173=DIRECTION('ref_axis',(1.,2.2014290628548E-12,1.22464679914735E-16));
#12174=DIRECTION('',(-0.437703036005453,0.894929168945724,-0.0867054487429988));
#12175=DIRECTION('center_axis',(-2.18977613818871E-12,1.,0.));
#12176=DIRECTION('ref_axis',(-1.,-2.17812321352263E-12,0.));
#12177=DIRECTION('center_axis',(-2.18977613818871E-12,1.,0.));
#12178=DIRECTION('ref_axis',(-1.,-2.17812321352263E-12,0.));
#12179=DIRECTION('',(0.437703036005453,-0.894929168945724,-0.0867054487429988));
#12180=DIRECTION('center_axis',(-2.18977613818871E-12,1.,0.));
#12181=DIRECTION('ref_axis',(7.65889854043132E-16,0.,1.));
#12182=DIRECTION('center_axis',(-2.18776807344809E-12,1.,-2.81280854582779E-30));
#12183=DIRECTION('ref_axis',(1.66533453693773E-15,3.64617854006866E-27,
1.));
#12184=DIRECTION('center_axis',(2.18977613818871E-12,-1.,0.));
#12185=DIRECTION('ref_axis',(1.71512449944288E-15,3.75519152741168E-27,
1.));
#12186=DIRECTION('center_axis',(2.18977613818871E-12,-1.,0.));
#12187=DIRECTION('ref_axis',(-1.,-2.17812321352263E-12,0.));
#12188=DIRECTION('',(0.0867054487410397,0.894929168946872,-0.437703036003493));
#12189=DIRECTION('center_axis',(-2.18977613818871E-12,1.,0.));
#12190=DIRECTION('ref_axis',(-1.,-2.17812321352263E-12,0.));
#12191=DIRECTION('',(0.0867054487449585,-0.894929168946493,0.437703036003494));
#12192=DIRECTION('center_axis',(-2.18977613818871E-12,1.,0.));
#12193=DIRECTION('ref_axis',(0.,0.,-1.));
#12194=DIRECTION('center_axis',(2.18973738615679E-12,-1.,-6.34527500639227E-32));
#12195=DIRECTION('ref_axis',(1.,2.18973738615679E-12,-6.22341229336931E-32));
#12196=DIRECTION('center_axis',(2.18973738615679E-12,-1.,-6.34527500639227E-32));
#12197=DIRECTION('ref_axis',(1.,2.18973738615679E-12,-6.22341229336931E-32));
#12198=DIRECTION('center_axis',(1.,2.18977613818871E-12,-1.22596928214993E-16));
#12199=DIRECTION('ref_axis',(1.22596928214993E-16,0.,1.));
#12200=DIRECTION('center_axis',(-2.18977613818871E-12,1.,0.));
#12201=DIRECTION('ref_axis',(1.,2.18977426285115E-12,1.22464679914735E-16));
#12202=DIRECTION('center_axis',(1.06752213906265E-18,-6.83214169000096E-17,
1.));
#12203=DIRECTION('ref_axis',(0.0166082388386774,-0.999862073689505,0.));
#12204=DIRECTION('center_axis',(-0.019102928175279,-0.0871557427477,-0.99601152334761));
#12205=DIRECTION('ref_axis',(0.9998161255581,2.18905452338003E-12,-0.0191758982577024));
#12206=DIRECTION('center_axis',(0.996011523347801,-0.0871557427454775,0.0191029281754705));
#12207=DIRECTION('ref_axis',(-0.019175898257703,-4.19848067538101E-14,0.9998161255581));
#12208=DIRECTION('center_axis',(-0.996011523347419,-0.0871557427498389,
0.0191029281754705));
#12209=DIRECTION('ref_axis',(-0.019175898257703,-4.19848067538101E-14,-0.9998161255581));
#12210=DIRECTION('center_axis',(0.0191029281756607,-0.0871557427476164,
-0.99601152334761));
#12211=DIRECTION('ref_axis',(0.9998161255581,2.18905452338003E-12,0.0191758982577024));
#12212=DIRECTION('center_axis',(0.0191029281756607,-0.0871557427476163,
0.99601152334761));
#12213=DIRECTION('ref_axis',(-0.9998161255581,-2.18905452338003E-12,0.0191758982577024));
#12214=DIRECTION('center_axis',(-0.996011523347419,-0.0871557427498389,
-0.0191029281754705));
#12215=DIRECTION('ref_axis',(0.019175898257703,4.19848067538101E-14,-0.9998161255581));
#12216=DIRECTION('center_axis',(0.996011523347801,-0.0871557427454774,-0.0191029281754705));
#12217=DIRECTION('ref_axis',(0.019175898257703,4.19848067538101E-14,0.9998161255581));
#12218=DIRECTION('center_axis',(-0.019102928175279,-0.0871557427477,0.99601152334761));
#12219=DIRECTION('ref_axis',(-0.9998161255581,-2.18905452338003E-12,-0.0191758982577024));
#12220=DIRECTION('center_axis',(-2.18977613818871E-12,1.,0.));
#12221=DIRECTION('ref_axis',(-1.,-2.17812321352263E-12,0.));
#12222=DIRECTION('center_axis',(-2.18977613818871E-12,1.,0.));
#12223=DIRECTION('ref_axis',(-1.,-2.17812321352263E-12,0.));
#12224=DIRECTION('',(-0.0348994967003127,-0.999390827019172,4.27395569285717E-18));
#12225=DIRECTION('center_axis',(0.996011523347801,-0.0871557427454774,-0.0191029281754705));
#12226=DIRECTION('ref_axis',(-0.019175898257703,-4.19848067538101E-14,-0.9998161255581));
#12227=DIRECTION('',(0.0871397170319209,0.996194698091936,-0.00167128965550476));
#12228=DIRECTION('center_axis',(-0.996011523347419,-0.0871557427498389,
-0.0191029281754705));
#12229=DIRECTION('ref_axis',(-0.019175898257703,-4.19848067538101E-14,0.9998161255581));
#12230=DIRECTION('',(-0.0871397170362832,0.996194698091555,-0.00167128965550362));
#12231=DIRECTION('center_axis',(-2.18945710858394E-12,1.,0.));
#12232=DIRECTION('ref_axis',(-0.9998161255581,-2.18905452338003E-12,-0.019175898257716));
#12233=DIRECTION('',(0.00167128965332355,0.996194698091749,0.087139717034102));
#12234=DIRECTION('center_axis',(0.0191029281756607,-0.0871557427476163,
0.99601152334761));
#12235=DIRECTION('ref_axis',(0.9998161255581,2.18905452338003E-12,-0.0191758982577024));
#12236=DIRECTION('center_axis',(0.0191029281756607,-0.0871557427476164,
-0.99601152334761));
#12237=DIRECTION('ref_axis',(-0.9998161255581,-2.18905452338003E-12,-0.0191758982577024));
#12238=DIRECTION('',(0.00167128965332242,0.996194698091749,-0.0871397170341021));
#12239=DIRECTION('center_axis',(-2.18945710858394E-12,1.,0.));
#12240=DIRECTION('ref_axis',(0.019175898257715,4.19848067538365E-14,-0.9998161255581));
#12241=DIRECTION('',(-0.0871397170362831,0.996194698091555,0.00167128965550476));
#12242=DIRECTION('center_axis',(-2.18945710858394E-12,1.,0.));
#12243=DIRECTION('ref_axis',(-0.019175898257715,-4.19848067538365E-14,0.9998161255581));
#12244=DIRECTION('',(-0.00167128965768467,0.996194698091742,0.0871397170341021));
#12245=DIRECTION('center_axis',(-0.019102928175279,-0.0871557427477,-0.99601152334761));
#12246=DIRECTION('ref_axis',(-0.9998161255581,-2.18905452338003E-12,0.0191758982577024));
#12247=DIRECTION('',(-0.0016712896576858,0.996194698091742,-0.087139717034102));
#12248=DIRECTION('center_axis',(-0.996011523347419,-0.0871557427498389,
0.0191029281754705));
#12249=DIRECTION('ref_axis',(0.019175898257703,4.19848067538101E-14,0.9998161255581));
#12250=DIRECTION('center_axis',(0.996011523347801,-0.0871557427454775,0.0191029281754705));
#12251=DIRECTION('ref_axis',(0.019175898257703,4.19848067538101E-14,-0.9998161255581));
#12252=DIRECTION('',(0.087139717031921,0.996194698091936,0.00167128965550362));
#12253=DIRECTION('center_axis',(-2.18945710858394E-12,1.,0.));
#12254=DIRECTION('ref_axis',(0.9998161255581,2.18905452338003E-12,0.019175898257716));
#12255=DIRECTION('center_axis',(-0.019102928175279,-0.0871557427477,0.99601152334761));
#12256=DIRECTION('ref_axis',(0.9998161255581,2.18905452338003E-12,0.0191758982577024));
#12257=DIRECTION('center_axis',(2.18977613818871E-12,-1.,0.));
#12258=DIRECTION('ref_axis',(-1.,-2.17812321352263E-12,0.));
#12259=DIRECTION('',(0.882947592859951,-0.469471562783965,-1.08129894340954E-16));
#12260=DIRECTION('center_axis',(-2.18977613818871E-12,1.,0.));
#12261=DIRECTION('ref_axis',(0.,0.,-1.));
#12262=DIRECTION('center_axis',(-2.18977613818871E-12,1.,0.));
#12263=DIRECTION('ref_axis',(-1.,-2.17812321352263E-12,0.));
#12264=DIRECTION('center_axis',(-2.18977613818871E-12,1.,0.));
#12265=DIRECTION('ref_axis',(-1.,-2.17812321352263E-12,0.));
#12266=DIRECTION('center_axis',(-2.18977613818871E-12,1.,0.));
#12267=DIRECTION('ref_axis',(-1.,-2.17812321352263E-12,0.));
#12268=DIRECTION('',(2.18977613818871E-12,-1.,0.));
#12269=DIRECTION('center_axis',(-2.18977613818871E-12,1.,0.));
#12270=DIRECTION('ref_axis',(-1.,-2.17812321352263E-12,0.));
#12271=DIRECTION('',(-0.403635223294454,-0.914920000063413,4.94310584233133E-17));
#12272=CARTESIAN_POINT('',(0.,0.,0.));
#12273=CARTESIAN_POINT('Origin',(1.72480083967799,3.85,30.5));
#12274=CARTESIAN_POINT('',(-3.43120922778841,4.35,30.5));
#12275=CARTESIAN_POINT('',(3.44347086216679,4.35,30.5));
#12276=CARTESIAN_POINT('',(1.72480083967799,4.35,30.5));
#12277=CARTESIAN_POINT('',(3.83444555728067,3.85,30.));
#12278=CARTESIAN_POINT('Ctrl Pts',(3.83444555728067,3.85,30.));
#12279=CARTESIAN_POINT('Ctrl Pts',(3.83366611583546,3.8510504314629,30.));
#12280=CARTESIAN_POINT('Ctrl Pts',(3.83288652014978,3.85210074998915,30.0000033102186));
#12281=CARTESIAN_POINT('Ctrl Pts',(3.7891318072523,3.91103173046513,30.0003746935612));
#12282=CARTESIAN_POINT('Ctrl Pts',(3.74557163069392,3.96869488774654,30.0107882567108));
#12283=CARTESIAN_POINT('Ctrl Pts',(3.64936866623833,4.09390874703881,30.0571203252214));
#12284=CARTESIAN_POINT('Ctrl Pts',(3.59943863626204,4.15729481353243,30.0985767913442));
#12285=CARTESIAN_POINT('Ctrl Pts',(3.52498889833863,4.2503812390367,30.1947171838284));
#12286=CARTESIAN_POINT('Ctrl Pts',(3.49639416036911,4.28554175183915,30.2461452949068));
#12287=CARTESIAN_POINT('Ctrl Pts',(3.45929700138081,4.33085417628555,30.3533946054212));
#12288=CARTESIAN_POINT('Ctrl Pts',(3.44844730490447,4.3439762752214,30.4053585193042));
#12289=CARTESIAN_POINT('Ctrl Pts',(3.44391718745646,4.34946003665064,30.4731311944695));
#12290=CARTESIAN_POINT('Ctrl Pts',(3.44347086216679,4.35,30.4865830073706));
#12291=CARTESIAN_POINT('Ctrl Pts',(3.44347086216679,4.35,30.5));
#12292=CARTESIAN_POINT('',(-3.82218392290229,3.85,30.));
#12293=CARTESIAN_POINT('',(1.72480083967799,3.85,30.));
#12294=CARTESIAN_POINT('Ctrl Pts',(-3.82218392290229,3.85,30.));
#12295=CARTESIAN_POINT('Ctrl Pts',(-3.82140448145708,3.8510504314629,30.));
#12296=CARTESIAN_POINT('Ctrl Pts',(-3.82062488577139,3.85210074998915,30.0000033102186));
#12297=CARTESIAN_POINT('Ctrl Pts',(-3.7768701728739,3.91103173046515,30.0003746935612));
#12298=CARTESIAN_POINT('Ctrl Pts',(-3.73330999631553,3.96869488774655,30.0107882567109));
#12299=CARTESIAN_POINT('Ctrl Pts',(-3.63710703186001,4.09390874703873,30.0571203252214));
#12300=CARTESIAN_POINT('Ctrl Pts',(-3.5871770018837,4.15729481353238,30.0985767913441));
#12301=CARTESIAN_POINT('Ctrl Pts',(-3.51272726396025,4.2503812390367,30.1947171838284));
#12302=CARTESIAN_POINT('Ctrl Pts',(-3.48413252599073,4.28554175183915,30.2461452949068));
#12303=CARTESIAN_POINT('Ctrl Pts',(-3.44703536700242,4.33085417628555,30.3533946054212));
#12304=CARTESIAN_POINT('Ctrl Pts',(-3.43618567052609,4.3439762752214,30.4053585193042));
#12305=CARTESIAN_POINT('Ctrl Pts',(-3.43165555307808,4.34946003665064,30.4731311944695));
#12306=CARTESIAN_POINT('Ctrl Pts',(-3.43120922778841,4.35,30.4865830073706));
#12307=CARTESIAN_POINT('Ctrl Pts',(-3.43120922778841,4.35,30.5));
#12308=CARTESIAN_POINT('Origin',(0.00613081718919074,5.0093128356049,30.5));
#12309=CARTESIAN_POINT('Origin',(0.00613081718919074,5.0093128356049,30.5));
#12310=CARTESIAN_POINT('Origin',(0.00613081718919074,5.0093128356049,30.));
#12311=CARTESIAN_POINT('Origin',(0.00613081718919051,5.0093128356049,30.));
#12312=CARTESIAN_POINT('',(3.46664049432338,3.00310427853496,30.));
#12313=CARTESIAN_POINT('Origin',(0.00613081718919074,5.0093128356049,30.));
#12314=CARTESIAN_POINT('',(3.19689533289048,2.,30.));
#12315=CARTESIAN_POINT('Origin',(5.19689533289048,2.,30.));
#12316=CARTESIAN_POINT('',(-3.1846336985121,2.,30.));
#12317=CARTESIAN_POINT('',(4.00306540860915,2.,30.));
#12318=CARTESIAN_POINT('',(-3.454378859945,3.00310427853496,30.));
#12319=CARTESIAN_POINT('Origin',(-5.1846336985121,2.,30.));
#12320=CARTESIAN_POINT('Origin',(0.00613081718919074,5.0093128356049,30.));
#12321=CARTESIAN_POINT('Origin',(3.44347086216679,4.35,60.));
#12322=CARTESIAN_POINT('',(-3.43120922778841,4.35,119.5));
#12323=CARTESIAN_POINT('',(-3.43120922778841,4.35,60.));
#12324=CARTESIAN_POINT('',(3.44347086216679,4.35,119.5));
#12325=CARTESIAN_POINT('',(1.72480083967799,4.35,119.5));
#12326=CARTESIAN_POINT('',(3.44347086216679,4.35,60.));
#12327=CARTESIAN_POINT('',(-1.61486918280936,4.3499999999889,109.5));
#12328=CARTESIAN_POINT('Origin',(0.00613081719063603,4.34999999999246,109.5));
#12329=CARTESIAN_POINT('',(-1.61486918280936,4.3499999999889,99.5));
#12330=CARTESIAN_POINT('Origin',(0.00613081719063798,4.34999999999246,99.5));
#12331=CARTESIAN_POINT('Ctrl Pts',(-5.1846336985121,0.999999999999997,29.));
#12332=CARTESIAN_POINT('Ctrl Pts',(-4.96023422325568,0.999999999999997,
29.4487989505128));
#12333=CARTESIAN_POINT('Ctrl Pts',(-4.5875535605262,1.13101055044847,30.1941602759718));
#12334=CARTESIAN_POINT('Ctrl Pts',(-4.25302724779146,1.5516852347462,30.8632129014413));
#12335=CARTESIAN_POINT('Ctrl Pts',(-4.1846336985121,1.85040034982905,31.));
#12336=CARTESIAN_POINT('Ctrl Pts',(-4.1846336985121,2.,31.));
#12337=CARTESIAN_POINT('Ctrl Pts',(-5.1846336985121,0.999999999999997,29.));
#12338=CARTESIAN_POINT('Ctrl Pts',(-4.91749146606398,0.999999999999997,
29.4060561933211));
#12339=CARTESIAN_POINT('Ctrl Pts',(-4.47522186201673,1.19067468036703,30.0808782331404));
#12340=CARTESIAN_POINT('Ctrl Pts',(-4.20284621168424,1.67540210138726,30.6167136761651));
#12341=CARTESIAN_POINT('Ctrl Pts',(-4.1846336985121,1.89583249332904,30.7008006996581));
#12342=CARTESIAN_POINT('Ctrl Pts',(-4.1846336985121,2.,30.7008006996581));
#12343=CARTESIAN_POINT('Ctrl Pts',(-5.1846336985121,0.999999999999997,29.));
#12344=CARTESIAN_POINT('Ctrl Pts',(-4.84269164097851,0.999999999999997,
29.3312563682357));
#12345=CARTESIAN_POINT('Ctrl Pts',(-4.27535499507404,1.23479567809369,29.880374492721));
#12346=CARTESIAN_POINT('Ctrl Pts',(-3.93854003909371,1.77992443495067,30.1870487558131));
#12347=CARTESIAN_POINT('Ctrl Pts',(-3.93349714660498,1.93486449244923,30.1828089156752));
#12348=CARTESIAN_POINT('Ctrl Pts',(-3.93349714660498,2.,30.1828089156752));
#12349=CARTESIAN_POINT('Ctrl Pts',(-5.1846336985121,0.999999999999997,29.));
#12350=CARTESIAN_POINT('Ctrl Pts',(-4.76789181589304,0.999999999999997,
29.2564565431502));
#12351=CARTESIAN_POINT('Ctrl Pts',(-4.07604927818662,1.17600913990457,29.6806467699138));
#12352=CARTESIAN_POINT('Ctrl Pts',(-3.50642538538394,1.64380482848045,29.9691044353844));
#12353=CARTESIAN_POINT('Ctrl Pts',(-3.40903317376851,1.88402334919486,30.));
#12354=CARTESIAN_POINT('Ctrl Pts',(-3.40903317376851,2.,30.));
#12355=CARTESIAN_POINT('Ctrl Pts',(-5.1846336985121,0.999999999999997,29.));
#12356=CARTESIAN_POINT('Ctrl Pts',(-4.73583474799927,0.999999999999997,
29.2243994752564));
#12357=CARTESIAN_POINT('Ctrl Pts',(-3.9904734225403,1.13101055044847,29.5970801379859));
#12358=CARTESIAN_POINT('Ctrl Pts',(-3.32142079707082,1.5516852347462,29.9316064507206));
#12359=CARTESIAN_POINT('Ctrl Pts',(-3.1846336985121,1.85040034982905,30.));
#12360=CARTESIAN_POINT('Ctrl Pts',(-3.1846336985121,2.,30.));
#12361=CARTESIAN_POINT('',(-4.1846336985121,2.,31.));
#12362=CARTESIAN_POINT('Origin',(-3.1846336985121,2.,31.));
#12363=CARTESIAN_POINT('',(-5.1846336985121,0.999999999999996,29.));
#12364=CARTESIAN_POINT('Origin',(-5.18463369851209,2.,29.));
#12365=CARTESIAN_POINT('Origin',(-5.1846336985121,2.,29.));
#12366=CARTESIAN_POINT('Origin',(-5.1846336985121,2.,31.));
#12367=CARTESIAN_POINT('',(-4.31950627922855,2.50155213926748,31.));
#12368=CARTESIAN_POINT('Origin',(-3.454378859945,3.00310427853496,31.));
#12369=CARTESIAN_POINT('Origin',(-5.1846336985121,2.,31.));
#12370=CARTESIAN_POINT('Origin',(0.00613081718919074,5.0093128356049,31.));
#12371=CARTESIAN_POINT('',(4.33176791360693,2.50155213926748,31.));
#12372=CARTESIAN_POINT('Origin',(3.46664049432338,3.00310427853496,31.));
#12373=CARTESIAN_POINT('',(-4.99386918281081,5.00931283560489,31.));
#12374=CARTESIAN_POINT('Origin',(0.00613081718919074,5.0093128356049,31.));
#12375=CARTESIAN_POINT('Origin',(0.00613081718919074,5.0093128356049,31.));
#12376=CARTESIAN_POINT('Origin',(5.19689533289048,2.,31.));
#12377=CARTESIAN_POINT('',(4.19689533289048,2.,31.));
#12378=CARTESIAN_POINT('Origin',(3.19689533289048,2.,31.));
#12379=CARTESIAN_POINT('Origin',(5.19689533289048,2.,31.));
#12380=CARTESIAN_POINT('Ctrl Pts',(4.19689533289048,2.,31.));
#12381=CARTESIAN_POINT('Ctrl Pts',(4.19689533289048,1.85040034982905,31.));
#12382=CARTESIAN_POINT('Ctrl Pts',(4.24871208278066,1.62702463318134,30.8963665002196));
#12383=CARTESIAN_POINT('Ctrl Pts',(4.52789084026099,1.17854922687695,30.338008985259));
#12384=CARTESIAN_POINT('Ctrl Pts',(4.89769603254859,0.999999999999996,29.5983986006838));
#12385=CARTESIAN_POINT('Ctrl Pts',(5.19689533289048,0.999999999999996,29.));
#12386=CARTESIAN_POINT('Ctrl Pts',(4.19689533289048,2.,30.7008006996581));
#12387=CARTESIAN_POINT('Ctrl Pts',(4.19689533289048,1.89583249332904,30.7008006996581));
#12388=CARTESIAN_POINT('Ctrl Pts',(4.21490782035625,1.73236697759512,30.6346517703306));
#12389=CARTESIAN_POINT('Ctrl Pts',(4.41385020210546,1.26550076975161,30.2052729362205));
#12390=CARTESIAN_POINT('Ctrl Pts',(4.84070568962633,0.999999999999996,29.5414082577615));
#12391=CARTESIAN_POINT('Ctrl Pts',(5.19689533289048,0.999999999999996,29.));
#12392=CARTESIAN_POINT('Ctrl Pts',(3.94575872574785,2.,30.1828089819501));
#12393=CARTESIAN_POINT('Ctrl Pts',(3.94575872574785,1.93486449244923,30.1828089819501));
#12394=CARTESIAN_POINT('Ctrl Pts',(3.95535154724648,1.82264200371009,30.1798051886883));
#12395=CARTESIAN_POINT('Ctrl Pts',(4.1931417209782,1.33261115861218,29.9698526210789));
#12396=CARTESIAN_POINT('Ctrl Pts',(4.74097258951237,0.999999999999996,29.4416751576475));
#12397=CARTESIAN_POINT('Ctrl Pts',(5.19689533289048,0.999999999999996,29.));
#12398=CARTESIAN_POINT('Ctrl Pts',(3.42129480814689,2.,30.));
#12399=CARTESIAN_POINT('Ctrl Pts',(3.42129480814689,1.88402334919486,30.));
#12400=CARTESIAN_POINT('Ctrl Pts',(3.49678759308545,1.70542196443108,29.9735714725495));
#12401=CARTESIAN_POINT('Ctrl Pts',(3.95929790356171,1.24388378537256,29.7535834210005));
#12402=CARTESIAN_POINT('Ctrl Pts',(4.64123948939841,0.999999999999996,29.3419420575336));
#12403=CARTESIAN_POINT('Ctrl Pts',(5.19689533289048,0.999999999999996,29.));
#12404=CARTESIAN_POINT('Ctrl Pts',(3.19689533289048,2.,30.));
#12405=CARTESIAN_POINT('Ctrl Pts',(3.19689533289048,1.85040034982905,30.));
#12406=CARTESIAN_POINT('Ctrl Pts',(3.30052883267084,1.62702463318134,29.9481832501098));
#12407=CARTESIAN_POINT('Ctrl Pts',(3.8588863476315,1.17854922687695,29.6690044926295));
#12408=CARTESIAN_POINT('Ctrl Pts',(4.59849673220671,0.999999999999996,29.2991993003419));
#12409=CARTESIAN_POINT('Ctrl Pts',(5.19689533289048,0.999999999999996,29.));
#12410=CARTESIAN_POINT('',(5.19689533289048,0.999999999999996,29.));
#12411=CARTESIAN_POINT('Origin',(5.19689533289048,2.,29.));
#12412=CARTESIAN_POINT('Origin',(5.19689533289048,2.,29.));
#12413=CARTESIAN_POINT('Origin',(5.19689533289048,2.,60.));
#12414=CARTESIAN_POINT('',(4.33176791360693,2.50155213926748,61.));
#12415=CARTESIAN_POINT('',(4.33176791360693,2.50155213926748,60.));
#12416=CARTESIAN_POINT('',(4.62499377648177,1.17967774028903,60.));
#12417=CARTESIAN_POINT('Ctrl Pts',(4.33176791360693,2.50155213926748,61.));
#12418=CARTESIAN_POINT('Ctrl Pts',(4.33119780988155,2.50056876719896,60.9987548306704));
#12419=CARTESIAN_POINT('Ctrl Pts',(4.33062938203563,2.49958442173404,60.9975096596198));
#12420=CARTESIAN_POINT('Ctrl Pts',(4.24277450315607,2.34684551626248,60.8044899523959));
#12421=CARTESIAN_POINT('Ctrl Pts',(4.19535118637652,2.17227861856164,60.613432283718));
#12422=CARTESIAN_POINT('Ctrl Pts',(4.19804403683902,1.86421856228809,60.33631588593));
#12423=CARTESIAN_POINT('Ctrl Pts',(4.22329509235794,1.73777067977351,60.2392954982127));
#12424=CARTESIAN_POINT('Ctrl Pts',(4.31002762769609,1.52764770275247,60.1084101379548));
#12425=CARTESIAN_POINT('Ctrl Pts',(4.36278091350136,1.43767740824734,60.0629279791679));
#12426=CARTESIAN_POINT('Ctrl Pts',(4.48860437588088,1.28892023487854,60.0115393137059));
#12427=CARTESIAN_POINT('Ctrl Pts',(4.55277973287681,1.23002298381174,60.));
#12428=CARTESIAN_POINT('Ctrl Pts',(4.62499377648177,1.17967774028903,60.));
#12429=CARTESIAN_POINT('',(5.19689533289048,0.999999999999996,60.));
#12430=CARTESIAN_POINT('Origin',(5.19689533289048,2.,60.));
#12431=CARTESIAN_POINT('',(5.19689533289048,0.999999999999996,60.));
#12432=CARTESIAN_POINT('Origin',(0.00613081718919074,5.0093128356049,60.));
#12433=CARTESIAN_POINT('',(-1.51567455178983,0.246529151776009,98.9416547493576));
#12434=CARTESIAN_POINT('',(-1.61486918280045,0.279370024107742,99.5));
#12435=CARTESIAN_POINT('Ctrl Pts',(-1.51567455178982,0.246529151776009,
98.9416547493576));
#12436=CARTESIAN_POINT('Ctrl Pts',(-1.58219993784429,0.26778535327322,99.1229739054805));
#12437=CARTESIAN_POINT('Ctrl Pts',(-1.61486918280045,0.279370024107742,
99.3165810012354));
#12438=CARTESIAN_POINT('Ctrl Pts',(-1.61486918280045,0.279370024107742,
99.5));
#12439=CARTESIAN_POINT('',(-1.51567455178983,0.246529151776009,100.058345250642));
#12440=CARTESIAN_POINT('Ctrl Pts',(-1.61486918280045,0.279370024107742,
99.5));
#12441=CARTESIAN_POINT('Ctrl Pts',(-1.61486918280045,0.279370024107742,
99.6834189987646));
#12442=CARTESIAN_POINT('Ctrl Pts',(-1.5821999378443,0.267785353273224,99.8770260945194));
#12443=CARTESIAN_POINT('Ctrl Pts',(-1.51567455178983,0.246529151776011,
100.058345250642));
#12444=CARTESIAN_POINT('',(-1.51567455178983,0.246529151776009,108.941654749358));
#12445=CARTESIAN_POINT('',(-1.51567455178983,0.246529151776012,60.));
#12446=CARTESIAN_POINT('',(-1.61486918280045,0.279370024107742,109.5));
#12447=CARTESIAN_POINT('Ctrl Pts',(-1.51567455178983,0.246529151776012,
108.941654749358));
#12448=CARTESIAN_POINT('Ctrl Pts',(-1.58219993784429,0.267785353273222,
109.122973905481));
#12449=CARTESIAN_POINT('Ctrl Pts',(-1.61486918280045,0.279370024107743,
109.316581001235));
#12450=CARTESIAN_POINT('Ctrl Pts',(-1.61486918280045,0.279370024107743,
109.5));
#12451=CARTESIAN_POINT('',(-1.51567455178983,0.246529151776009,110.058345250642));
#12452=CARTESIAN_POINT('Ctrl Pts',(-1.61486918280045,0.279370024107743,
109.5));
#12453=CARTESIAN_POINT('Ctrl Pts',(-1.61486918280045,0.279370024107743,
109.683418998765));
#12454=CARTESIAN_POINT('Ctrl Pts',(-1.5821999378443,0.267785353273224,109.877026094519));
#12455=CARTESIAN_POINT('Ctrl Pts',(-1.51567455178983,0.246529151776012,
110.058345250642));
#12456=CARTESIAN_POINT('',(-1.51567455178983,0.246529151776011,119.5));
#12457=CARTESIAN_POINT('',(-1.51567455178983,0.246529151776012,60.));
#12458=CARTESIAN_POINT('',(-4.99386918281081,5.00931283560489,119.5));
#12459=CARTESIAN_POINT('Origin',(0.00613081718919074,5.0093128356049,119.5));
#12460=CARTESIAN_POINT('',(-4.99386918281081,5.00931283560489,60.));
#12461=CARTESIAN_POINT('',(-4.31950627922855,2.50155213926748,61.));
#12462=CARTESIAN_POINT('',(-4.31950627922855,2.50155213926748,60.));
#12463=CARTESIAN_POINT('Origin',(0.00613081718919074,5.0093128356049,61.));
#12464=CARTESIAN_POINT('',(1.52793618618907,0.246529151782677,119.5));
#12465=CARTESIAN_POINT('Origin',(0.00613081718919074,5.0093128356049,119.5));
#12466=CARTESIAN_POINT('',(1.52793618618907,0.246529151782688,110.058345250642));
#12467=CARTESIAN_POINT('',(1.52793618618907,0.246529151782677,60.));
#12468=CARTESIAN_POINT('',(1.52793618618907,0.246529151782688,108.941654749358));
#12469=CARTESIAN_POINT('Ctrl Pts',(1.52793618618908,0.24652915178268,110.058345250642));
#12470=CARTESIAN_POINT('Ctrl Pts',(1.59446157224345,0.267785353280181,109.877026094519));
#12471=CARTESIAN_POINT('Ctrl Pts',(1.62713081719955,0.279370024114847,109.683418998765));
#12472=CARTESIAN_POINT('Ctrl Pts',(1.62713081719955,0.279370024114847,109.5));
#12473=CARTESIAN_POINT('Ctrl Pts',(1.62713081719955,0.279370024114847,109.316581001235));
#12474=CARTESIAN_POINT('Ctrl Pts',(1.59446157224346,0.267785353280183,109.122973905481));
#12475=CARTESIAN_POINT('Ctrl Pts',(1.52793618618908,0.24652915178268,108.941654749358));
#12476=CARTESIAN_POINT('',(1.52793618618907,0.246529151782688,100.058345250642));
#12477=CARTESIAN_POINT('',(1.52793618618907,0.246529151782677,60.));
#12478=CARTESIAN_POINT('',(1.52793618618907,0.246529151782688,98.9416547493576));
#12479=CARTESIAN_POINT('Ctrl Pts',(1.52793618618907,0.246529151782677,100.058345250642));
#12480=CARTESIAN_POINT('Ctrl Pts',(1.59446157224346,0.267785353280184,99.8770260945194));
#12481=CARTESIAN_POINT('Ctrl Pts',(1.62713081719955,0.279370024114847,99.6834189987646));
#12482=CARTESIAN_POINT('Ctrl Pts',(1.62713081719955,0.279370024114847,99.5));
#12483=CARTESIAN_POINT('Ctrl Pts',(1.62713081719955,0.279370024114847,99.3165810012354));
#12484=CARTESIAN_POINT('Ctrl Pts',(1.59446157224345,0.26778535328018,99.1229739054805));
#12485=CARTESIAN_POINT('Ctrl Pts',(1.52793618618907,0.246529151782678,98.9416547493576));
#12486=CARTESIAN_POINT('',(1.52793618618907,0.246529151782677,62.8333845144277));
#12487=CARTESIAN_POINT('',(1.52793618618907,0.246529151782677,60.));
#12488=CARTESIAN_POINT('',(-1.51567455178983,0.246529151776012,62.8333845147346));
#12489=CARTESIAN_POINT('Ctrl Pts',(-1.51567455178982,0.246529151776011,
62.8333845148264));
#12490=CARTESIAN_POINT('Ctrl Pts',(-1.51567455182446,0.246529151787079,
62.6989599977507));
#12491=CARTESIAN_POINT('Ctrl Pts',(-1.49349657447968,0.238930257517313,
62.517558375522));
#12492=CARTESIAN_POINT('Ctrl Pts',(-1.38320069852365,0.206047986961749,
62.2222124756812));
#12493=CARTESIAN_POINT('Ctrl Pts',(-1.24628348811853,0.165734744995722,
62.0129344223383));
#12494=CARTESIAN_POINT('Ctrl Pts',(-1.01390329847602,0.113760607075221,
61.9304317445331));
#12495=CARTESIAN_POINT('Ctrl Pts',(-0.90780926627099,0.0932192611189592,
61.9081910148087));
#12496=CARTESIAN_POINT('Ctrl Pts',(-0.79969813969187,0.0740154291872065,
61.8896409984584));
#12497=CARTESIAN_POINT('Ctrl Pts',(-0.607941405809342,0.0448475118060558,
61.8667808484711));
#12498=CARTESIAN_POINT('Ctrl Pts',(-0.218641299909913,0.00559085811391251,
61.8397709224553));
#12499=CARTESIAN_POINT('Ctrl Pts',(0.341652319170248,0.00507859697589886,
61.8458286643814));
#12500=CARTESIAN_POINT('Ctrl Pts',(0.8444178234537,0.0737482773308329,61.8766714244692));
#12501=CARTESIAN_POINT('Ctrl Pts',(1.15500910623316,0.142341321853739,61.9719346612354));
#12502=CARTESIAN_POINT('Ctrl Pts',(1.31350122741498,0.182273379457945,62.0992672177654));
#12503=CARTESIAN_POINT('Ctrl Pts',(1.48428368263113,0.231677242200394,62.3819163579246));
#12504=CARTESIAN_POINT('Ctrl Pts',(1.52793618618907,0.246529151782678,62.6541518249938));
#12505=CARTESIAN_POINT('Ctrl Pts',(1.52793618618907,0.246529151782677,62.8333845144277));
#12506=CARTESIAN_POINT('',(-1.51567455178983,0.246529151776012,60.));
#12507=CARTESIAN_POINT('Origin',(-5.1846336985121,2.,60.));
#12508=CARTESIAN_POINT('',(-5.1846336985121,0.999999999999996,60.));
#12509=CARTESIAN_POINT('',(-5.1846336985121,0.999999999999996,60.));
#12510=CARTESIAN_POINT('',(-4.61273214210339,1.17967774028903,60.));
#12511=CARTESIAN_POINT('Origin',(-5.1846336985121,2.,60.));
#12512=CARTESIAN_POINT('Ctrl Pts',(-4.61273214210339,1.17967774028903,60.));
#12513=CARTESIAN_POINT('Ctrl Pts',(-4.54051809848151,1.23002298382353,60.));
#12514=CARTESIAN_POINT('Ctrl Pts',(-4.47634274147312,1.28892023490564,60.0115393137113));
#12515=CARTESIAN_POINT('Ctrl Pts',(-4.35051927908785,1.43767740829865,60.0629279791907));
#12516=CARTESIAN_POINT('Ctrl Pts',(-4.29776599328676,1.52764770281007,60.1084101379859));
#12517=CARTESIAN_POINT('Ctrl Pts',(-4.2110334579589,1.73777067984638,60.2392954982644));
#12518=CARTESIAN_POINT('Ctrl Pts',(-4.18578240244883,1.8642185623697,60.3363158859958));
#12519=CARTESIAN_POINT('Ctrl Pts',(-4.18308955201284,2.1722786186897,60.613432283844));
#12520=CARTESIAN_POINT('Ctrl Pts',(-4.23051286882947,2.34684551635256,60.804489952518));
#12521=CARTESIAN_POINT('Ctrl Pts',(-4.31836774765735,2.49958442173421,60.9975096596198));
#12522=CARTESIAN_POINT('Ctrl Pts',(-4.31893617550318,2.50056876719898,60.9987548306704));
#12523=CARTESIAN_POINT('Ctrl Pts',(-4.31950627922855,2.50155213926748,61.));
#12524=CARTESIAN_POINT('Origin',(4.00306540860915,2.,29.));
#12525=CARTESIAN_POINT('',(4.00306540860915,0.999999999999996,29.));
#12526=CARTESIAN_POINT('Origin',(8.0000000000291,0.999999999999996,0.));
#12527=CARTESIAN_POINT('',(8.0000000000291,0.999999999999996,60.));
#12528=CARTESIAN_POINT('',(8.0000000000291,0.999999999999996,60.));
#12529=CARTESIAN_POINT('',(8.0000000000291,0.999999999999996,-60.));
#12530=CARTESIAN_POINT('',(8.0000000000291,0.999999999999996,0.));
#12531=CARTESIAN_POINT('',(-8.0000000000291,0.999999999999996,-60.));
#12532=CARTESIAN_POINT('',(8.0000000000291,0.999999999999996,-60.));
#12533=CARTESIAN_POINT('',(-8.0000000000291,0.999999999999996,60.));
#12534=CARTESIAN_POINT('',(-8.0000000000291,0.999999999999996,0.));
#12535=CARTESIAN_POINT('',(8.0000000000291,0.999999999999996,60.));
#12536=CARTESIAN_POINT('Origin',(0.00613081680043057,182.499951253127,99.5));
#12537=CARTESIAN_POINT('',(-1.21131347799183,0.199085888541788,98.4297334966909));
#12538=CARTESIAN_POINT('Ctrl Pts',(-1.21131347799183,0.199085888541788,
98.4297334966909));
#12539=CARTESIAN_POINT('Ctrl Pts',(-1.32473251402789,0.19908588854154,98.5587493613949));
#12540=CARTESIAN_POINT('Ctrl Pts',(-1.42067359120045,0.21865758335362,98.7105388136245));
#12541=CARTESIAN_POINT('Ctrl Pts',(-1.49845493784445,0.24114803499755,98.8963024304676));
#12542=CARTESIAN_POINT('Ctrl Pts',(-1.50732146511902,0.243860172249113,
98.9188878822111));
#12543=CARTESIAN_POINT('Ctrl Pts',(-1.51567455178982,0.246529151776011,
98.9416547493576));
#12544=CARTESIAN_POINT('',(1.22357511239129,0.199085888547121,98.4297334966909));
#12545=CARTESIAN_POINT('Origin',(0.00613081719972985,0.199085888544452,
99.5));
#12546=CARTESIAN_POINT('Ctrl Pts',(1.52793618618907,0.246529151782677,98.9416547493576));
#12547=CARTESIAN_POINT('Ctrl Pts',(1.51958309951827,0.243860172255742,98.9188878822111));
#12548=CARTESIAN_POINT('Ctrl Pts',(1.51071657224372,0.241148035004142,98.8963024304676));
#12549=CARTESIAN_POINT('Ctrl Pts',(1.43293522559982,0.21865758335987,98.7105388136245));
#12550=CARTESIAN_POINT('Ctrl Pts',(1.33699414842736,0.199085888547369,98.558749361395));
#12551=CARTESIAN_POINT('Ctrl Pts',(1.22357511239128,0.199085888547121,98.4297334966909));
#12552=CARTESIAN_POINT('',(1.22357511239129,0.199085888547121,100.570266503309));
#12553=CARTESIAN_POINT('Ctrl Pts',(1.22357511239128,0.199085888547121,100.570266503309));
#12554=CARTESIAN_POINT('Ctrl Pts',(1.33699414842735,0.199085888547369,100.441250638605));
#12555=CARTESIAN_POINT('Ctrl Pts',(1.43293522559982,0.218657583359871,100.289461186376));
#12556=CARTESIAN_POINT('Ctrl Pts',(1.51071657224372,0.241148035004142,100.103697569532));
#12557=CARTESIAN_POINT('Ctrl Pts',(1.51958309951827,0.243860172255742,100.081112117789));
#12558=CARTESIAN_POINT('Ctrl Pts',(1.52793618618907,0.246529151782677,100.058345250642));
#12559=CARTESIAN_POINT('',(-1.21131347799183,0.199085888541788,100.570266503309));
#12560=CARTESIAN_POINT('Origin',(0.00613081719972985,0.199085888544452,
99.5));
#12561=CARTESIAN_POINT('Ctrl Pts',(-1.51567455178982,0.246529151776011,
100.058345250642));
#12562=CARTESIAN_POINT('Ctrl Pts',(-1.50732146511902,0.243860172249113,
100.081112117789));
#12563=CARTESIAN_POINT('Ctrl Pts',(-1.49845493784444,0.241148034997549,
100.103697569532));
#12564=CARTESIAN_POINT('Ctrl Pts',(-1.42067359120045,0.218657583353619,
100.289461186376));
#12565=CARTESIAN_POINT('Ctrl Pts',(-1.3247325140279,0.199085888541539,100.441250638605));
#12566=CARTESIAN_POINT('Ctrl Pts',(-1.21131347799183,0.199085888541787,
100.570266503309));
#12567=CARTESIAN_POINT('',(-1.61486918319957,182.499951253124,99.5));
#12568=CARTESIAN_POINT('Origin',(0.00613081680042863,182.499951253127,109.5));
#12569=CARTESIAN_POINT('',(-1.21131347799183,0.199085888541788,108.429733496691));
#12570=CARTESIAN_POINT('Ctrl Pts',(-1.21131347799183,0.199085888541788,
108.429733496691));
#12571=CARTESIAN_POINT('Ctrl Pts',(-1.3247325140279,0.19908588854154,108.558749361395));
#12572=CARTESIAN_POINT('Ctrl Pts',(-1.42067359120045,0.21865758335362,108.710538813624));
#12573=CARTESIAN_POINT('Ctrl Pts',(-1.49845493784445,0.24114803499755,108.896302430468));
#12574=CARTESIAN_POINT('Ctrl Pts',(-1.50732146511902,0.243860172249113,
108.918887882211));
#12575=CARTESIAN_POINT('Ctrl Pts',(-1.51567455178983,0.246529151776011,
108.941654749358));
#12576=CARTESIAN_POINT('',(1.22357511239129,0.199085888547121,108.429733496691));
#12577=CARTESIAN_POINT('Origin',(0.00613081719972791,0.199085888544452,
109.5));
#12578=CARTESIAN_POINT('Ctrl Pts',(1.52793618618907,0.246529151782678,108.941654749358));
#12579=CARTESIAN_POINT('Ctrl Pts',(1.51958309951827,0.243860172255741,108.918887882211));
#12580=CARTESIAN_POINT('Ctrl Pts',(1.51071657224372,0.241148035004143,108.896302430468));
#12581=CARTESIAN_POINT('Ctrl Pts',(1.43293522559982,0.218657583359869,108.710538813624));
#12582=CARTESIAN_POINT('Ctrl Pts',(1.33699414842736,0.199085888547369,108.558749361395));
#12583=CARTESIAN_POINT('Ctrl Pts',(1.22357511239129,0.199085888547121,108.429733496691));
#12584=CARTESIAN_POINT('',(1.22357511239129,0.199085888547121,110.570266503309));
#12585=CARTESIAN_POINT('Ctrl Pts',(1.22357511239128,0.19908588854712,110.570266503309));
#12586=CARTESIAN_POINT('Ctrl Pts',(1.33699414842735,0.199085888547368,110.441250638605));
#12587=CARTESIAN_POINT('Ctrl Pts',(1.43293522559982,0.218657583359869,110.289461186376));
#12588=CARTESIAN_POINT('Ctrl Pts',(1.51071657224372,0.241148035004142,110.103697569532));
#12589=CARTESIAN_POINT('Ctrl Pts',(1.51958309951827,0.243860172255741,110.081112117789));
#12590=CARTESIAN_POINT('Ctrl Pts',(1.52793618618907,0.246529151782678,110.058345250642));
#12591=CARTESIAN_POINT('',(-1.21131347799183,0.199085888541788,110.570266503309));
#12592=CARTESIAN_POINT('Origin',(0.00613081719972791,0.199085888544452,
109.5));
#12593=CARTESIAN_POINT('Ctrl Pts',(-1.51567455178983,0.246529151776011,
110.058345250642));
#12594=CARTESIAN_POINT('Ctrl Pts',(-1.50732146511902,0.243860172249113,
110.081112117789));
#12595=CARTESIAN_POINT('Ctrl Pts',(-1.49845493784445,0.24114803499755,110.103697569532));
#12596=CARTESIAN_POINT('Ctrl Pts',(-1.42067359120045,0.21865758335362,110.289461186376));
#12597=CARTESIAN_POINT('Ctrl Pts',(-1.32473251402789,0.19908588854154,110.441250638605));
#12598=CARTESIAN_POINT('Ctrl Pts',(-1.21131347799183,0.199085888541788,
110.570266503309));
#12599=CARTESIAN_POINT('',(-1.61486918319957,182.499951253124,109.5));
#12600=CARTESIAN_POINT('Origin',(-1.21131347799402,1.19908588854179,60.));
#12601=CARTESIAN_POINT('',(-1.21131347799183,0.199085888541788,119.5));
#12602=CARTESIAN_POINT('',(-1.21131347799183,0.199085888541788,60.));
#12603=CARTESIAN_POINT('Origin',(-1.21131347799402,1.19908588854179,119.5));
#12604=CARTESIAN_POINT('Origin',(-1.21131347799402,1.19908588854179,60.));
#12605=CARTESIAN_POINT('',(-1.21131347799183,0.199085888541788,60.));
#12606=CARTESIAN_POINT('Origin',(-7.60000000001486,0.199085888527795,120.));
#12607=CARTESIAN_POINT('',(1.22357511239129,0.19908588854712,119.5));
#12608=CARTESIAN_POINT('',(1.22357511239129,0.199085888547121,60.));
#12609=CARTESIAN_POINT('',(-3.79693459140756,0.199085888536125,119.5));
#12610=CARTESIAN_POINT('Origin',(-7.60000000001486,0.199085888527795,120.));
#12611=CARTESIAN_POINT('',(1.22357511239129,0.199085888547121,60.));
#12612=CARTESIAN_POINT('Origin',(1.22357511238909,1.19908588854712,60.));
#12613=CARTESIAN_POINT('Origin',(1.22357511238909,1.19908588854712,119.5));
#12614=CARTESIAN_POINT('Origin',(1.22357511238909,1.19908588854712,60.));
#12615=CARTESIAN_POINT('Origin',(0.00613081718919074,5.0093128356049,61.));
#12616=CARTESIAN_POINT('',(3.30867300693394,-9.95643075286075E-16,60.));
#12617=CARTESIAN_POINT('',(-3.29641137255556,-1.22480297396424E-15,60.));
#12618=CARTESIAN_POINT('Ctrl Pts',(-3.29641137255556,-1.22480297396424E-15,
60.));
#12619=CARTESIAN_POINT('Ctrl Pts',(-2.8351873932101,-1.2248386624832E-15,
60.));
#12620=CARTESIAN_POINT('Ctrl Pts',(-2.29326219301848,-1.18999924533124E-15,
60.1124489330086));
#12621=CARTESIAN_POINT('Ctrl Pts',(-1.59881581255511,-1.1659057965513E-15,
60.3230291569447));
#12622=CARTESIAN_POINT('Ctrl Pts',(-1.30013559500727,-1.1555432448475E-15,
60.4302358351713));
#12623=CARTESIAN_POINT('Ctrl Pts',(-0.887002507347331,-1.14120981153017E-15,
60.5885224074889));
#12624=CARTESIAN_POINT('Ctrl Pts',(-0.706309989526223,-8.57170951747002E-16,
60.6612066587961));
#12625=CARTESIAN_POINT('Ctrl Pts',(-0.347479757354396,-8.44721527194228E-16,
60.7955785132108));
#12626=CARTESIAN_POINT('Ctrl Pts',(-0.171839080933316,-1.11639759583096E-15,
60.8638422154161));
#12627=CARTESIAN_POINT('Ctrl Pts',(0.184100715311699,-1.10404845341935E-15,
60.8638422154161));
#12628=CARTESIAN_POINT('Ctrl Pts',(0.359741391732771,-8.20189493269879E-16,
60.7955785132108));
#12629=CARTESIAN_POINT('Ctrl Pts',(0.718571623904599,-8.07740068717106E-16,
60.6612066587961));
#12630=CARTESIAN_POINT('Ctrl Pts',(0.899264141725712,-1.07923623772014E-15,
60.5885224074889));
#12631=CARTESIAN_POINT('Ctrl Pts',(1.31239722938565,-1.06490280440281E-15,
60.4302358351713));
#12632=CARTESIAN_POINT('Ctrl Pts',(1.61107744693349,-1.05454025269901E-15,
60.3230291569447));
#12633=CARTESIAN_POINT('Ctrl Pts',(2.30552382739686,-1.03044680391907E-15,
60.1124489330086));
#12634=CARTESIAN_POINT('Ctrl Pts',(2.84744902758848,-1.01164499657916E-15,
60.));
#12635=CARTESIAN_POINT('Ctrl Pts',(3.30867300693394,-9.95643075286075E-16,
60.));
#12636=CARTESIAN_POINT('Origin',(0.00613081718919074,5.0093128356049,60.));
#12637=CARTESIAN_POINT('Origin',(0.00613081718919074,5.0093128356049,60.));
#12638=CARTESIAN_POINT('Origin',(0.,20.,60.));
#12639=CARTESIAN_POINT('',(8.,-5.55111512312578E-16,60.));
#12640=CARTESIAN_POINT('',(-8.,-1.11022302462516E-15,60.));
#12641=CARTESIAN_POINT('',(10.,2.,60.));
#12642=CARTESIAN_POINT('Origin',(8.,2.,60.));
#12643=CARTESIAN_POINT('',(10.,8.41399999999999,60.));
#12644=CARTESIAN_POINT('',(10.,2.,60.));
#12645=CARTESIAN_POINT('',(9.,8.41399999999999,60.));
#12646=CARTESIAN_POINT('',(0.,8.41399999999999,60.));
#12647=CARTESIAN_POINT('',(9.,1.9999999999709,60.));
#12648=CARTESIAN_POINT('',(9.,40.,60.));
#12649=CARTESIAN_POINT('Origin',(8.,2.,60.));
#12650=CARTESIAN_POINT('Ctrl Pts',(1.37575564928908,0.722807520164899,120.));
#12651=CARTESIAN_POINT('Ctrl Pts',(1.30151422372685,0.699085888547206,120.));
#12652=CARTESIAN_POINT('Ctrl Pts',(1.22357511238909,0.699085888547121,120.));
#12653=CARTESIAN_POINT('Ctrl Pts',(1.52793618618907,0.246529151782677,120.));
#12654=CARTESIAN_POINT('Ctrl Pts',(1.3794533350646,0.199085888547291,120.));
#12655=CARTESIAN_POINT('Ctrl Pts',(1.22357511238909,0.199085888547121,120.));
#12656=CARTESIAN_POINT('Ctrl Pts',(1.52793618618907,0.246529151782677,119.5));
#12657=CARTESIAN_POINT('Ctrl Pts',(1.3794533350646,0.199085888547291,119.5));
#12658=CARTESIAN_POINT('Ctrl Pts',(1.22357511238909,0.199085888547121,119.5));
#12659=CARTESIAN_POINT('',(1.22357511239019,0.699085888547121,120.));
#12660=CARTESIAN_POINT('Origin',(1.22357511239019,0.699085888547121,119.5));
#12661=CARTESIAN_POINT('',(1.37575564928908,0.722807520164899,120.));
#12662=CARTESIAN_POINT('Origin',(1.37575564928908,0.722807520164899,119.5));
#12663=CARTESIAN_POINT('Origin',(1.22357511238909,1.19908588854712,120.));
#12664=CARTESIAN_POINT('Origin',(1.22357511238909,1.19908588854712,60.));
#12665=CARTESIAN_POINT('',(1.22357511239128,0.199085888547121,62.8333845144276));
#12666=CARTESIAN_POINT('',(1.22357511239129,0.199085888547121,60.));
#12667=CARTESIAN_POINT('Origin',(1.22357511238909,1.19908588854712,62.8333845144276));
#12668=CARTESIAN_POINT('Origin',(0.00613081718919074,5.0093128356049,119.5));
#12669=CARTESIAN_POINT('',(-1.36349401489193,0.7228075201589,120.));
#12670=CARTESIAN_POINT('Origin',(-1.36349401489193,0.7228075201589,119.5));
#12671=CARTESIAN_POINT('Origin',(0.00613081718919074,5.0093128356049,120.));
#12672=CARTESIAN_POINT('Ctrl Pts',(1.22357511239128,0.199085888547121,62.8333845144277));
#12673=CARTESIAN_POINT('Ctrl Pts',(1.24104768244235,0.199085888547159,62.6837584521515));
#12674=CARTESIAN_POINT('Ctrl Pts',(1.24350331469639,0.189850580851514,62.4513566566229));
#12675=CARTESIAN_POINT('Ctrl Pts',(1.1638891713311,0.159129960633996,62.2036585076164));
#12676=CARTESIAN_POINT('Ctrl Pts',(1.08243080550258,0.134299157776363,62.0851376447475));
#12677=CARTESIAN_POINT('Ctrl Pts',(0.810108771397394,0.0916462000238607,
62.097511623717));
#12678=CARTESIAN_POINT('Ctrl Pts',(0.316968792706599,0.0489455880967446,
62.1380696751129));
#12679=CARTESIAN_POINT('Ctrl Pts',(-0.206745602038384,0.0492641255345196,
62.1300972173259));
#12680=CARTESIAN_POINT('Ctrl Pts',(-0.578030439249583,0.073674944489351,
62.1176939116654));
#12681=CARTESIAN_POINT('Ctrl Pts',(-0.760405436841898,0.0918123220678702,
62.1039501602552));
#12682=CARTESIAN_POINT('Ctrl Pts',(-0.86194876140606,0.103753769451638,
62.0963717893728));
#12683=CARTESIAN_POINT('Ctrl Pts',(-0.962776160987027,0.116526918206546,
62.0854810207208));
#12684=CARTESIAN_POINT('Ctrl Pts',(-1.14336443297219,0.148845803078191,
62.1069309024765));
#12685=CARTESIAN_POINT('Ctrl Pts',(-1.18451201216206,0.173913636389902,
62.3208718730163));
#12686=CARTESIAN_POINT('Ctrl Pts',(-1.2319784838717,0.194360696387974,62.5637832022238));
#12687=CARTESIAN_POINT('Ctrl Pts',(-1.22441790551304,0.199085888548642,
62.7211649680551));
#12688=CARTESIAN_POINT('Ctrl Pts',(-1.21131347795295,0.199085888541788,
62.8333845147605));
#12689=CARTESIAN_POINT('Ctrl Pts',(1.32666431526666,0.199085888547346,62.8333845144277));
#12690=CARTESIAN_POINT('Ctrl Pts',(1.33831216994725,0.200893254058869,62.6742067138061));
#12691=CARTESIAN_POINT('Ctrl Pts',(1.32519341999896,0.193838061991062,62.4287366046222));
#12692=CARTESIAN_POINT('Ctrl Pts',(1.2146382711581,0.161751293706904,62.169231124189));
#12693=CARTESIAN_POINT('Ctrl Pts',(1.10713148009838,0.134320000315236,62.0475894177958));
#12694=CARTESIAN_POINT('Ctrl Pts',(0.822778260695756,0.0784749698582706,
62.024792234438));
#12695=CARTESIAN_POINT('Ctrl Pts',(0.326258571418356,0.0196688392202488,
62.043578707418));
#12696=CARTESIAN_POINT('Ctrl Pts',(-0.211357643063969,0.0206206004540526,
62.0361262947397));
#12697=CARTESIAN_POINT('Ctrl Pts',(-0.589130496272804,0.0534994251866722,
62.0358468198327));
#12698=CARTESIAN_POINT('Ctrl Pts',(-0.774577625685194,0.0780700818601184,
62.0336536982044));
#12699=CARTESIAN_POINT('Ctrl Pts',(-0.878185137626494,0.0940891267055117,
62.0344334135147));
#12700=CARTESIAN_POINT('Ctrl Pts',(-0.980559183162147,0.111315485011945,
62.0342377301552));
#12701=CARTESIAN_POINT('Ctrl Pts',(-1.17814638816252,0.151983241559357,
62.0757503409439));
#12702=CARTESIAN_POINT('Ctrl Pts',(-1.25196567400908,0.176820982868018,
62.2885383631838));
#12703=CARTESIAN_POINT('Ctrl Pts',(-1.3206527487849,0.197335271762032,62.548795031759));
#12704=CARTESIAN_POINT('Ctrl Pts',(-1.32313857187793,0.200441412678713,
62.7140011643168));
#12705=CARTESIAN_POINT('Ctrl Pts',(-1.31440268084129,0.199085888537555,
62.8333845147818));
#12706=CARTESIAN_POINT('Ctrl Pts',(1.42973787150245,0.215152811298343,62.8333845144277));
#12707=CARTESIAN_POINT('Ctrl Pts',(1.43528484507509,0.216931553902289,62.6641801385077));
#12708=CARTESIAN_POINT('Ctrl Pts',(1.40621664695555,0.207911457317921,62.4053273768361));
#12709=CARTESIAN_POINT('Ctrl Pts',(1.2647372961265,0.16949932578326,62.1342493662551));
#12710=CARTESIAN_POINT('Ctrl Pts',(1.13139037048225,0.137008290975363,62.0097620532108));
#12711=CARTESIAN_POINT('Ctrl Pts',(0.834331706982338,0.0724917345264473,
61.9507322565485));
#12712=CARTESIAN_POINT('Ctrl Pts',(0.334603414032385,0.00483404105408723,
61.9447104665071));
#12713=CARTESIAN_POINT('Ctrl Pts',(-0.21539391378134,0.00585447506001867,
61.9379553857158));
#12714=CARTESIAN_POINT('Ctrl Pts',(-0.59921679430044,0.0437918604535942,
61.951316788412));
#12715=CARTESIAN_POINT('Ctrl Pts',(-0.78778484509737,0.072091973080542,
61.9616487235364));
#12716=CARTESIAN_POINT('Ctrl Pts',(-0.893569898208861,0.0905563209746234,
61.9713128844916));
#12717=CARTESIAN_POINT('Ctrl Pts',(-0.997683094278753,0.110392076227007,
61.9823348812392));
#12718=CARTESIAN_POINT('Ctrl Pts',(-1.21252025860866,0.157624159604063,
62.0443422520291));
#12719=CARTESIAN_POINT('Ctrl Pts',(-1.31864822754676,0.187604704507585,
62.2553759613834));
#12720=CARTESIAN_POINT('Ctrl Pts',(-1.40888082154945,0.212370741595057,
62.5331775866308));
#12721=CARTESIAN_POINT('Ctrl Pts',(-1.42163646730079,0.216486868250088,
62.7064812328646));
#12722=CARTESIAN_POINT('Ctrl Pts',(-1.41747623709072,0.215152811288164,
62.8333845148041));
#12723=CARTESIAN_POINT('Ctrl Pts',(1.52793618618907,0.246529151782677,62.8333845144277));
#12724=CARTESIAN_POINT('Ctrl Pts',(1.52793618618907,0.246529151782678,62.6541518249938));
#12725=CARTESIAN_POINT('Ctrl Pts',(1.48428368263113,0.231677242200394,62.3819163579246));
#12726=CARTESIAN_POINT('Ctrl Pts',(1.31350122741498,0.182273379457945,62.0992672177654));
#12727=CARTESIAN_POINT('Ctrl Pts',(1.15500910623316,0.142341321853739,61.9719346612354));
#12728=CARTESIAN_POINT('Ctrl Pts',(0.8444178234537,0.0737482773308329,61.8766714244692));
#12729=CARTESIAN_POINT('Ctrl Pts',(0.341652319170248,0.00507859697589886,
61.8458286643814));
#12730=CARTESIAN_POINT('Ctrl Pts',(-0.218641299909913,0.00559085811391251,
61.8397709224553));
#12731=CARTESIAN_POINT('Ctrl Pts',(-0.607941405809342,0.0448475118060558,
61.8667808484711));
#12732=CARTESIAN_POINT('Ctrl Pts',(-0.79969813969187,0.0740154291872065,
61.8896409984584));
#12733=CARTESIAN_POINT('Ctrl Pts',(-0.90780926627099,0.0932192611189592,
61.9081910148087));
#12734=CARTESIAN_POINT('Ctrl Pts',(-1.01390329847602,0.113760607075221,
61.9304317445331));
#12735=CARTESIAN_POINT('Ctrl Pts',(-1.24628348811853,0.165734744995722,
62.0129344223383));
#12736=CARTESIAN_POINT('Ctrl Pts',(-1.38320069852365,0.206047986961749,
62.2222124756812));
#12737=CARTESIAN_POINT('Ctrl Pts',(-1.49349657447968,0.238930257517313,
62.517558375522));
#12738=CARTESIAN_POINT('Ctrl Pts',(-1.51567455182446,0.246529151787079,
62.6989599977507));
#12739=CARTESIAN_POINT('Ctrl Pts',(-1.51567455178982,0.246529151776011,
62.8333845148264));
#12740=CARTESIAN_POINT('',(-1.21131347773175,0.199085888541788,62.8333845147346));
#12741=CARTESIAN_POINT('Ctrl Pts',(1.22357511239128,0.199085888547121,62.8333845144277));
#12742=CARTESIAN_POINT('Ctrl Pts',(1.24104768244235,0.199085888547159,62.6837584521515));
#12743=CARTESIAN_POINT('Ctrl Pts',(1.24350331469639,0.189850580851514,62.4513566566229));
#12744=CARTESIAN_POINT('Ctrl Pts',(1.1638891713311,0.159129960633996,62.2036585076164));
#12745=CARTESIAN_POINT('Ctrl Pts',(1.08243080550258,0.134299157776363,62.0851376447475));
#12746=CARTESIAN_POINT('Ctrl Pts',(0.810108771397394,0.0916462000238607,
62.097511623717));
#12747=CARTESIAN_POINT('Ctrl Pts',(0.316968792706599,0.0489455880967446,
62.1380696751129));
#12748=CARTESIAN_POINT('Ctrl Pts',(-0.206745602038384,0.0492641255345196,
62.1300972173259));
#12749=CARTESIAN_POINT('Ctrl Pts',(-0.578030439249583,0.073674944489351,
62.1176939116654));
#12750=CARTESIAN_POINT('Ctrl Pts',(-0.760405436841898,0.0918123220678702,
62.1039501602552));
#12751=CARTESIAN_POINT('Ctrl Pts',(-0.86194876140606,0.103753769451638,
62.0963717893728));
#12752=CARTESIAN_POINT('Ctrl Pts',(-0.962776160987027,0.116526918206546,
62.0854810207208));
#12753=CARTESIAN_POINT('Ctrl Pts',(-1.14336443297219,0.148845803078191,
62.1069309024765));
#12754=CARTESIAN_POINT('Ctrl Pts',(-1.18451201216206,0.173913636389902,
62.3208718730163));
#12755=CARTESIAN_POINT('Ctrl Pts',(-1.2319784838717,0.194360696387974,62.5637832022238));
#12756=CARTESIAN_POINT('Ctrl Pts',(-1.22441790551304,0.199085888548642,
62.7211649680551));
#12757=CARTESIAN_POINT('Ctrl Pts',(-1.21131347795295,0.199085888541788,
62.8333845147605));
#12758=CARTESIAN_POINT('Origin',(-1.21131347799402,1.19908588854179,62.8333845147346));
#12759=CARTESIAN_POINT('Ctrl Pts',(-1.21131347799402,0.699085888541788,
120.));
#12760=CARTESIAN_POINT('Ctrl Pts',(-1.28925258933068,0.699085888541703,
120.));
#12761=CARTESIAN_POINT('Ctrl Pts',(-1.36349401489193,0.7228075201589,120.));
#12762=CARTESIAN_POINT('Ctrl Pts',(-1.21131347799402,0.199085888541789,
120.));
#12763=CARTESIAN_POINT('Ctrl Pts',(-1.36719170066734,0.199085888541618,
120.));
#12764=CARTESIAN_POINT('Ctrl Pts',(-1.51567455178983,0.246529151776012,
120.));
#12765=CARTESIAN_POINT('Ctrl Pts',(-1.21131347799402,0.199085888541788,
119.5));
#12766=CARTESIAN_POINT('Ctrl Pts',(-1.36719170066734,0.199085888541618,
119.5));
#12767=CARTESIAN_POINT('Ctrl Pts',(-1.51567455178983,0.246529151776012,
119.5));
#12768=CARTESIAN_POINT('',(-1.21131347799293,0.699085888541788,120.));
#12769=CARTESIAN_POINT('Origin',(-1.21131347799293,0.699085888541788,119.5));
#12770=CARTESIAN_POINT('Origin',(-1.21131347799402,1.19908588854179,120.));
#12771=CARTESIAN_POINT('Origin',(-1.21131347799402,1.19908588854179,60.));
#12772=CARTESIAN_POINT('',(-1.21131347799183,0.199085888541788,60.));
#12773=CARTESIAN_POINT('Origin',(-3.79693459140866,0.699085888536125,119.5));
#12774=CARTESIAN_POINT('',(-3.79693459140866,0.699085888536125,120.));
#12775=CARTESIAN_POINT('Ctrl Pts',(1.02359881041999,0.120832005950442,62.058545917296));
#12776=CARTESIAN_POINT('Ctrl Pts',(0.893666851766902,0.102862354266247,
62.0885635343528));
#12777=CARTESIAN_POINT('Ctrl Pts',(0.501142809224854,0.0577799081663441,
62.1236226719021));
#12778=CARTESIAN_POINT('Ctrl Pts',(-0.0528011726350915,0.0457321108797784,
62.1309302382321));
#12779=CARTESIAN_POINT('Ctrl Pts',(-0.585372458494334,0.0692546703323969,
62.1150370749788));
#12780=CARTESIAN_POINT('Ctrl Pts',(-0.882724605845844,0.103039026093929,
62.0883103163924));
#12781=CARTESIAN_POINT('Ctrl Pts',(-1.01166949071501,0.120877972710111,
62.0584690775471));
#12782=CARTESIAN_POINT('Ctrl Pts',(1.21303681387238,0.172805421831054,62.2079795441956));
#12783=CARTESIAN_POINT('Ctrl Pts',(1.05637912025864,0.166734988512842,62.314722541397));
#12784=CARTESIAN_POINT('Ctrl Pts',(0.587772283941742,0.151400164371671,
62.4399437901089));
#12785=CARTESIAN_POINT('Ctrl Pts',(-0.0629170752094647,0.147259927370375,
62.466165585781));
#12786=CARTESIAN_POINT('Ctrl Pts',(-0.690630123247687,0.155310288629098,
62.4092581039264));
#12787=CARTESIAN_POINT('Ctrl Pts',(-1.04570573837045,0.166794742867975,
62.3138216542937));
#12788=CARTESIAN_POINT('Ctrl Pts',(-1.20117584962403,0.172820974606547,
62.2077062977133));
#12789=CARTESIAN_POINT('Ctrl Pts',(1.40681335250149,0.199085888547522,62.360835520545));
#12790=CARTESIAN_POINT('Ctrl Pts',(1.22383631115579,0.199095536246467,62.5468658179043));
#12791=CARTESIAN_POINT('Ctrl Pts',(0.678577832035577,0.199129700073147,
62.7693479009914));
#12792=CARTESIAN_POINT('Ctrl Pts',(-0.0736020763259137,0.199145029014243,
62.8168869932356));
#12793=CARTESIAN_POINT('Ctrl Pts',(-0.800233698899081,0.199119676681667,
62.7146679689238));
#12794=CARTESIAN_POINT('Ctrl Pts',(-1.21342864266796,0.199095460416988,
62.5452924074265));
#12795=CARTESIAN_POINT('Ctrl Pts',(-1.3950197052126,0.199085888541385,62.3603593185454));
#12796=CARTESIAN_POINT('Ctrl Pts',(1.60059642114093,0.199085888547947,62.5136966479364));
#12797=CARTESIAN_POINT('Ctrl Pts',(1.39130245314701,0.199085888547489,62.7790200042253));
#12798=CARTESIAN_POINT('Ctrl Pts',(0.769397406287593,0.199085888546127,
63.0987901827304));
#12799=CARTESIAN_POINT('Ctrl Pts',(-0.0842891782830323,0.199085888544256,
63.1676610368613));
#12800=CARTESIAN_POINT('Ctrl Pts',(-0.909850142936159,0.199085888542448,
63.0201078088169));
#12801=CARTESIAN_POINT('Ctrl Pts',(-1.38116047563999,0.199085888541415,
62.7767740109773));
#12802=CARTESIAN_POINT('Ctrl Pts',(-1.58887008538704,0.199085888540961,
62.513017477522));
#12803=CARTESIAN_POINT('Ctrl Pts',(1.22357511257758,0.199085242097965,62.8333845147777));
#12804=CARTESIAN_POINT('Ctrl Pts',(1.07809899514685,0.199085225940697,62.9190768720238));
#12805=CARTESIAN_POINT('Ctrl Pts',(0.599486741130869,0.199085195565812,
63.1097336181681));
#12806=CARTESIAN_POINT('Ctrl Pts',(-0.0842021372926134,0.199085221723921,
63.1648041608973));
#12807=CARTESIAN_POINT('Ctrl Pts',(-0.745074669963807,0.19908519978789,
63.0468663029715));
#12808=CARTESIAN_POINT('Ctrl Pts',(-1.06530202974587,0.199085221986342,
62.9187252437498));
#12809=CARTESIAN_POINT('Ctrl Pts',(-1.21103033611023,0.199085239461222,
62.8329044363788));
#12810=CARTESIAN_POINT('Origin',(-7.60000000001486,0.199085888527795,120.));
#12811=CARTESIAN_POINT('Origin',(0.00613081718919074,5.0093128356049,119.5));
#12812=CARTESIAN_POINT('',(3.83444555728067,3.85,120.));
#12813=CARTESIAN_POINT('',(-3.82218392290229,3.85,120.));
#12814=CARTESIAN_POINT('Origin',(0.00613081718919074,5.0093128356049,120.));
#12815=CARTESIAN_POINT('Ctrl Pts',(-3.82218392290229,3.85,120.));
#12816=CARTESIAN_POINT('Ctrl Pts',(-3.82140448144941,3.85105043147324,120.));
#12817=CARTESIAN_POINT('Ctrl Pts',(-3.82062488577983,3.85210074998043,119.999996689781));
#12818=CARTESIAN_POINT('Ctrl Pts',(-3.77687017268871,3.91103173068009,119.999625306437));
#12819=CARTESIAN_POINT('Ctrl Pts',(-3.73330999628509,3.96869488778611,119.989211743274));
#12820=CARTESIAN_POINT('Ctrl Pts',(-3.63710703186032,4.09390874703831,119.942879674779));
#12821=CARTESIAN_POINT('Ctrl Pts',(-3.58717700188393,4.15729481353208,119.901423208656));
#12822=CARTESIAN_POINT('Ctrl Pts',(-3.51272726396023,4.25038123903671,119.805282816172));
#12823=CARTESIAN_POINT('Ctrl Pts',(-3.48413252599072,4.28554175183915,119.753854705093));
#12824=CARTESIAN_POINT('Ctrl Pts',(-3.44703536700242,4.33085417628555,119.646605394579));
#12825=CARTESIAN_POINT('Ctrl Pts',(-3.43618567052608,4.3439762752214,119.594641480696));
#12826=CARTESIAN_POINT('Ctrl Pts',(-3.43165555307808,4.34946003665064,119.52686880553));
#12827=CARTESIAN_POINT('Ctrl Pts',(-3.43120922778841,4.35,119.513416992629));
#12828=CARTESIAN_POINT('Ctrl Pts',(-3.43120922778841,4.35,119.5));
#12829=CARTESIAN_POINT('Origin',(0.00613081718919074,5.0093128356049,119.5));
#12830=CARTESIAN_POINT('Ctrl Pts',(3.83444555728067,3.85,120.));
#12831=CARTESIAN_POINT('Ctrl Pts',(3.8336661158278,3.85105043147323,120.));
#12832=CARTESIAN_POINT('Ctrl Pts',(3.8328865201582,3.85210074998044,119.999996689781));
#12833=CARTESIAN_POINT('Ctrl Pts',(3.78913180706715,3.91103173068006,119.999625306437));
#12834=CARTESIAN_POINT('Ctrl Pts',(3.74557163066348,3.9686948877861,119.989211743274));
#12835=CARTESIAN_POINT('Ctrl Pts',(3.64936866623868,4.09390874703833,119.942879674779));
#12836=CARTESIAN_POINT('Ctrl Pts',(3.59943863626229,4.1572948135321,119.901423208656));
#12837=CARTESIAN_POINT('Ctrl Pts',(3.52498889833859,4.25038123903674,119.805282816172));
#12838=CARTESIAN_POINT('Ctrl Pts',(3.4963941603691,4.28554175183916,119.753854705093));
#12839=CARTESIAN_POINT('Ctrl Pts',(3.45929700138081,4.33085417628554,119.646605394579));
#12840=CARTESIAN_POINT('Ctrl Pts',(3.44844730490447,4.3439762752214,119.594641480696));
#12841=CARTESIAN_POINT('Ctrl Pts',(3.44391718745646,4.34946003665064,119.52686880553));
#12842=CARTESIAN_POINT('Ctrl Pts',(3.44347086216679,4.35,119.513416992629));
#12843=CARTESIAN_POINT('Ctrl Pts',(3.44347086216679,4.35,119.5));
#12844=CARTESIAN_POINT('Origin',(1.72480083967799,3.85,119.5));
#12845=CARTESIAN_POINT('',(1.72480083967799,3.85,120.));
#12846=CARTESIAN_POINT('Origin',(0.00613081718919074,5.0093128356049,60.));
#12847=CARTESIAN_POINT('Origin',(0.00613081718919051,5.0093128356049,120.));
#12848=CARTESIAN_POINT('Origin',(-8.,-0.0500000000000011,0.));
#12849=CARTESIAN_POINT('',(0.337500000000013,-0.0500000000000078,-40.5625));
#12850=CARTESIAN_POINT('',(0.337500000000013,-0.0500000000000078,-34.1499999999999));
#12851=CARTESIAN_POINT('',(0.337500000000013,-0.0500000000000077,-17.075));
#12852=CARTESIAN_POINT('',(-0.337500000000013,-0.0500000000000078,-34.1499999999999));
#12853=CARTESIAN_POINT('',(-4.16875000000001,-0.0500000000000078,-34.1499999999999));
#12854=CARTESIAN_POINT('',(-0.337500000000013,-0.0500000000000078,-40.5625));
#12855=CARTESIAN_POINT('',(-0.337500000000013,-0.0500000000000077,-20.28125));
#12856=CARTESIAN_POINT('',(-5.62500000000004,-0.0500000000000078,-40.5625));
#12857=CARTESIAN_POINT('',(-6.81250000000002,-0.0500000000000078,-40.5625));
#12858=CARTESIAN_POINT('',(-5.62500000000004,-0.0500000000000078,-41.2374999999999));
#12859=CARTESIAN_POINT('',(-5.62500000000004,-0.0500000000000078,-20.61875));
#12860=CARTESIAN_POINT('',(5.62500000000004,-0.0500000000000078,-41.2374999999999));
#12861=CARTESIAN_POINT('',(-1.18749999999998,-0.0500000000000078,-41.2374999999999));
#12862=CARTESIAN_POINT('',(5.62500000000004,-0.0500000000000078,-40.5625));
#12863=CARTESIAN_POINT('',(5.62500000000004,-0.0500000000000076,-20.28125));
#12864=CARTESIAN_POINT('',(-3.83124999999999,-0.0500000000000078,-40.5625));
#12865=CARTESIAN_POINT('Origin',(-5.62500000000004,123.417988964332,-40.5625));
#12866=CARTESIAN_POINT('',(-0.337500000000013,0.,-40.5625));
#12867=CARTESIAN_POINT('',(-0.337500000000017,123.417988964332,-40.5625));
#12868=CARTESIAN_POINT('',(-5.62500000000004,0.,-40.5625));
#12869=CARTESIAN_POINT('',(-6.81250000000002,0.,-40.5625));
#12870=CARTESIAN_POINT('',(-5.62500000000004,123.417988964332,-40.5625));
#12871=CARTESIAN_POINT('Origin',(-0.337500000000017,123.417988964332,-40.5625));
#12872=CARTESIAN_POINT('',(-0.337500000000013,0.,-34.1499999999999));
#12873=CARTESIAN_POINT('',(-0.337500000000017,123.417988964332,-34.1499999999999));
#12874=CARTESIAN_POINT('',(-0.337500000000013,0.,-20.28125));
#12875=CARTESIAN_POINT('Origin',(-0.337500000000017,123.417988964332,-34.1499999999999));
#12876=CARTESIAN_POINT('',(0.337500000000013,0.,-34.1499999999999));
#12877=CARTESIAN_POINT('',(0.337500000000008,123.417988964332,-34.1499999999999));
#12878=CARTESIAN_POINT('',(-4.16875000000001,0.,-34.1499999999999));
#12879=CARTESIAN_POINT('Origin',(0.337500000000008,123.417988964332,-34.1499999999999));
#12880=CARTESIAN_POINT('',(0.337500000000013,0.,-40.5625));
#12881=CARTESIAN_POINT('',(0.337500000000008,123.417988964332,-40.5625));
#12882=CARTESIAN_POINT('',(0.337500000000013,0.,-17.075));
#12883=CARTESIAN_POINT('Origin',(0.337500000000008,123.417988964332,-40.5625));
#12884=CARTESIAN_POINT('',(5.62500000000004,0.,-40.5625));
#12885=CARTESIAN_POINT('',(5.62500000000003,123.417988964332,-40.5625));
#12886=CARTESIAN_POINT('',(-3.83124999999999,0.,-40.5625));
#12887=CARTESIAN_POINT('Origin',(5.62500000000003,123.417988964332,-40.5625));
#12888=CARTESIAN_POINT('',(5.62500000000004,0.,-41.2374999999999));
#12889=CARTESIAN_POINT('',(5.62500000000003,123.417988964332,-41.2374999999999));
#12890=CARTESIAN_POINT('',(5.62500000000004,0.,-20.28125));
#12891=CARTESIAN_POINT('Origin',(5.62500000000003,123.417988964332,-41.2374999999999));
#12892=CARTESIAN_POINT('',(-5.62500000000004,0.,-41.2374999999999));
#12893=CARTESIAN_POINT('',(-5.62500000000004,123.417988964332,-41.2374999999999));
#12894=CARTESIAN_POINT('',(-1.18749999999998,0.,-41.2374999999999));
#12895=CARTESIAN_POINT('Origin',(-5.62500000000004,123.417988964332,-41.2374999999999));
#12896=CARTESIAN_POINT('',(-5.62500000000004,0.,-20.61875));
#12897=CARTESIAN_POINT('Origin',(-6.50236770553578E-15,123.417988964332,
-40.));
#12898=CARTESIAN_POINT('',(7.19999999999997,-0.0500000000000076,-40.));
#12899=CARTESIAN_POINT('Origin',(-2.05967648028882E-15,-0.0500000000000078,
-40.));
#12900=CARTESIAN_POINT('',(7.19999999999997,2.59074251472733E-16,-40.));
#12901=CARTESIAN_POINT('',(7.19999999999996,123.417988964332,-40.));
#12902=CARTESIAN_POINT('Origin',(-2.06147560703516E-15,0.,-40.));
#12903=CARTESIAN_POINT('Origin',(-6.50236770553578E-15,123.417988964332,
-40.));
#12904=CARTESIAN_POINT('',(6.52499999999997,2.34786040397164E-16,-40.));
#12905=CARTESIAN_POINT('Origin',(-2.06147560703516E-15,0.,-40.));
#12906=CARTESIAN_POINT('',(6.52499999999997,-0.0500000000000076,-40.));
#12907=CARTESIAN_POINT('',(6.52499999999996,123.417988964332,-40.));
#12908=CARTESIAN_POINT('Origin',(-2.05967648028882E-15,-0.0500000000000078,
-40.));
#12909=CARTESIAN_POINT('Origin',(-8.,-0.0500000000000011,0.));
#12910=CARTESIAN_POINT('Origin',(-8.,-0.0500000000000011,0.));
#12911=CARTESIAN_POINT('',(-2.25,-0.0500000000000078,-44.1624999999999));
#12912=CARTESIAN_POINT('',(-2.25,-0.0500000000000078,-44.8375));
#12913=CARTESIAN_POINT('',(-2.25,-0.0500000000000077,-22.41875));
#12914=CARTESIAN_POINT('',(2.24999999999996,-0.0500000000000078,-44.8375));
#12915=CARTESIAN_POINT('',(-2.87500000000002,-0.0500000000000078,-44.8375));
#12916=CARTESIAN_POINT('',(2.24999999999996,-0.0500000000000078,-44.1624999999999));
#12917=CARTESIAN_POINT('',(2.24999999999996,-0.0500000000000076,-22.08125));
#12918=CARTESIAN_POINT('',(-5.125,-0.0500000000000078,-44.1624999999999));
#12919=CARTESIAN_POINT('Origin',(2.24999999999996,123.417988964332,-44.8375));
#12920=CARTESIAN_POINT('',(-2.25,0.,-44.8375));
#12921=CARTESIAN_POINT('',(-2.25,123.417988964332,-44.8375));
#12922=CARTESIAN_POINT('',(2.24999999999996,0.,-44.8375));
#12923=CARTESIAN_POINT('',(-2.87500000000002,0.,-44.8375));
#12924=CARTESIAN_POINT('',(2.24999999999996,123.417988964332,-44.8375));
#12925=CARTESIAN_POINT('Origin',(-2.25,123.417988964332,-44.8375));
#12926=CARTESIAN_POINT('',(-2.25,0.,-44.1624999999999));
#12927=CARTESIAN_POINT('',(-2.25,123.417988964332,-44.1624999999999));
#12928=CARTESIAN_POINT('',(-2.25,0.,-22.41875));
#12929=CARTESIAN_POINT('Origin',(-2.25,123.417988964332,-44.1624999999999));
#12930=CARTESIAN_POINT('',(2.24999999999996,0.,-44.1624999999999));
#12931=CARTESIAN_POINT('',(2.24999999999996,123.417988964332,-44.1624999999999));
#12932=CARTESIAN_POINT('',(-5.125,0.,-44.1624999999999));
#12933=CARTESIAN_POINT('Origin',(2.24999999999996,123.417988964332,-44.1624999999999));
#12934=CARTESIAN_POINT('',(2.24999999999996,0.,-22.08125));
#12935=CARTESIAN_POINT('Origin',(3.37499999999995,123.417988964332,-42.3625));
#12936=CARTESIAN_POINT('',(3.37499999999995,-0.0500000000000078,-43.0375));
#12937=CARTESIAN_POINT('',(3.37499999999995,-0.0500000000000078,-42.3625));
#12938=CARTESIAN_POINT('',(3.37499999999995,-0.0500000000000076,-21.18125));
#12939=CARTESIAN_POINT('',(3.37499999999995,0.,-43.0375));
#12940=CARTESIAN_POINT('',(3.37499999999995,123.417988964332,-43.0375));
#12941=CARTESIAN_POINT('',(3.37499999999995,0.,-42.3625));
#12942=CARTESIAN_POINT('',(3.37499999999995,0.,-21.18125));
#12943=CARTESIAN_POINT('',(3.37499999999995,123.417988964332,-42.3625));
#12944=CARTESIAN_POINT('Origin',(-3.37499999999994,123.417988964332,-42.3625));
#12945=CARTESIAN_POINT('',(-3.37499999999993,-0.0500000000000078,-42.3625));
#12946=CARTESIAN_POINT('',(-5.68749999999997,-0.0500000000000078,-42.3625));
#12947=CARTESIAN_POINT('',(-3.37499999999993,0.,-42.3625));
#12948=CARTESIAN_POINT('',(-5.68749999999997,0.,-42.3625));
#12949=CARTESIAN_POINT('',(-3.37499999999994,123.417988964332,-42.3625));
#12950=CARTESIAN_POINT('Origin',(-3.37499999999994,123.417988964332,-43.0375));
#12951=CARTESIAN_POINT('',(-3.37499999999993,-0.0500000000000078,-43.0375));
#12952=CARTESIAN_POINT('',(-3.37499999999993,-0.0500000000000077,-21.51875));
#12953=CARTESIAN_POINT('',(-3.37499999999993,0.,-43.0375));
#12954=CARTESIAN_POINT('',(-3.37499999999993,0.,-21.51875));
#12955=CARTESIAN_POINT('',(-3.37499999999994,123.417988964332,-43.0375));
#12956=CARTESIAN_POINT('Origin',(3.37499999999995,123.417988964332,-43.0375));
#12957=CARTESIAN_POINT('',(-2.31250000000002,-0.0500000000000078,-43.0375));
#12958=CARTESIAN_POINT('',(-2.31250000000002,0.,-43.0375));
#12959=CARTESIAN_POINT('Origin',(-8.,-0.0500000000000011,0.));
#12960=CARTESIAN_POINT('Origin',(-8.,-1.11022302462516E-15,0.));
#12961=CARTESIAN_POINT('Origin',(0.,3.59139697993902,-56.1767834691788));
#12962=CARTESIAN_POINT('',(-10.,3.4385293376511,-57.1650301407853));
#12963=CARTESIAN_POINT('',(-9.,3.4385293376511,-57.1650301407853));
#12964=CARTESIAN_POINT('',(0.,3.4385293376511,-57.1650301407853));
#12965=CARTESIAN_POINT('',(-10.,3.74426462222696,-55.1885367975723));
#12966=CARTESIAN_POINT('Origin',(-9.99999999999999,3.59139697993902,-56.1767834691788));
#12967=CARTESIAN_POINT('',(-9.,3.74426462222696,-55.1885367975723));
#12968=CARTESIAN_POINT('',(0.,3.74426462222696,-55.1885367975723));
#12969=CARTESIAN_POINT('Origin',(-9.,3.59139697993902,-56.1767834691788));
#12970=CARTESIAN_POINT('Origin',(0.,3.59139697993902,-56.1767834691788));
#12971=CARTESIAN_POINT('',(9.,3.4385293376511,-57.1650301407853));
#12972=CARTESIAN_POINT('',(10.,3.4385293376511,-57.1650301407853));
#12973=CARTESIAN_POINT('',(0.,3.4385293376511,-57.1650301407853));
#12974=CARTESIAN_POINT('',(9.,3.74426462222696,-55.1885367975723));
#12975=CARTESIAN_POINT('Origin',(9.,3.59139697993902,-56.1767834691788));
#12976=CARTESIAN_POINT('',(10.,3.74426462222696,-55.1885367975723));
#12977=CARTESIAN_POINT('',(0.,3.74426462222696,-55.1885367975723));
#12978=CARTESIAN_POINT('Origin',(10.,3.59139697993902,-56.1767834691788));
#12979=CARTESIAN_POINT('Origin',(0.,7.03091893141749,-33.9412333580325));
#12980=CARTESIAN_POINT('',(-10.,6.87805128912955,-34.929480029639));
#12981=CARTESIAN_POINT('',(-9.,6.87805128912955,-34.929480029639));
#12982=CARTESIAN_POINT('',(0.,6.87805128912955,-34.929480029639));
#12983=CARTESIAN_POINT('',(-10.,7.18378657370542,-32.952986686426));
#12984=CARTESIAN_POINT('Origin',(-9.99999999999999,7.03091893141749,-33.9412333580325));
#12985=CARTESIAN_POINT('',(-9.,7.18378657370542,-32.952986686426));
#12986=CARTESIAN_POINT('',(0.,7.18378657370542,-32.952986686426));
#12987=CARTESIAN_POINT('Origin',(-9.,7.03091893141749,-33.9412333580325));
#12988=CARTESIAN_POINT('Origin',(0.,7.03091893141749,-33.9412333580325));
#12989=CARTESIAN_POINT('',(9.,6.87805128912955,-34.929480029639));
#12990=CARTESIAN_POINT('',(10.,6.87805128912955,-34.929480029639));
#12991=CARTESIAN_POINT('',(0.,6.87805128912955,-34.929480029639));
#12992=CARTESIAN_POINT('',(9.,7.18378657370542,-32.952986686426));
#12993=CARTESIAN_POINT('Origin',(9.,7.03091893141749,-33.9412333580325));
#12994=CARTESIAN_POINT('',(10.,7.18378657370542,-32.952986686426));
#12995=CARTESIAN_POINT('',(0.,7.18378657370542,-32.952986686426));
#12996=CARTESIAN_POINT('Origin',(10.,7.03091893141749,-33.9412333580325));
#12997=CARTESIAN_POINT('Origin',(0.,5.50224250853817,-43.8237000740975));
#12998=CARTESIAN_POINT('',(-10.,5.34937486625024,-44.811946745704));
#12999=CARTESIAN_POINT('',(-9.,5.34937486625024,-44.811946745704));
#13000=CARTESIAN_POINT('',(0.,5.34937486625024,-44.811946745704));
#13001=CARTESIAN_POINT('',(-10.,5.6551101508261,-42.835453402491));
#13002=CARTESIAN_POINT('Origin',(-9.99999999999999,5.50224250853817,-43.8237000740975));
#13003=CARTESIAN_POINT('',(-9.,5.6551101508261,-42.835453402491));
#13004=CARTESIAN_POINT('',(0.,5.6551101508261,-42.835453402491));
#13005=CARTESIAN_POINT('Origin',(-9.,5.50224250853817,-43.8237000740975));
#13006=CARTESIAN_POINT('Origin',(0.,5.50224250853817,-43.8237000740975));
#13007=CARTESIAN_POINT('',(9.,5.34937486625024,-44.811946745704));
#13008=CARTESIAN_POINT('',(10.,5.34937486625024,-44.811946745704));
#13009=CARTESIAN_POINT('',(0.,5.34937486625024,-44.811946745704));
#13010=CARTESIAN_POINT('',(9.,5.6551101508261,-42.835453402491));
#13011=CARTESIAN_POINT('Origin',(9.,5.50224250853817,-43.8237000740975));
#13012=CARTESIAN_POINT('',(10.,5.6551101508261,-42.835453402491));
#13013=CARTESIAN_POINT('',(0.,5.6551101508261,-42.835453402491));
#13014=CARTESIAN_POINT('Origin',(10.,5.50224250853817,-43.8237000740975));
#13015=CARTESIAN_POINT('Origin',(0.,4.35573519137868,-51.2355501111463));
#13016=CARTESIAN_POINT('',(-10.,4.20286754909075,-52.2237967827528));
#13017=CARTESIAN_POINT('',(-9.,4.20286754909075,-52.2237967827528));
#13018=CARTESIAN_POINT('',(0.,4.20286754909075,-52.2237967827528));
#13019=CARTESIAN_POINT('',(-10.,4.50860283366662,-50.2473034395398));
#13020=CARTESIAN_POINT('Origin',(-9.99999999999999,4.35573519137868,-51.2355501111463));
#13021=CARTESIAN_POINT('',(-9.,4.50860283366662,-50.2473034395398));
#13022=CARTESIAN_POINT('',(0.,4.50860283366662,-50.2473034395398));
#13023=CARTESIAN_POINT('Origin',(-9.,4.35573519137868,-51.2355501111463));
#13024=CARTESIAN_POINT('Origin',(0.,4.35573519137868,-51.2355501111463));
#13025=CARTESIAN_POINT('',(9.,4.20286754909075,-52.2237967827528));
#13026=CARTESIAN_POINT('',(10.,4.20286754909075,-52.2237967827528));
#13027=CARTESIAN_POINT('',(0.,4.20286754909075,-52.2237967827528));
#13028=CARTESIAN_POINT('',(9.,4.50860283366662,-50.2473034395398));
#13029=CARTESIAN_POINT('Origin',(9.,4.35573519137868,-51.2355501111463));
#13030=CARTESIAN_POINT('',(10.,4.50860283366662,-50.2473034395398));
#13031=CARTESIAN_POINT('',(0.,4.50860283366662,-50.2473034395398));
#13032=CARTESIAN_POINT('Origin',(10.,4.35573519137868,-51.2355501111463));
#13033=CARTESIAN_POINT('Origin',(0.,5.884411614258,-41.3530833950813));
#13034=CARTESIAN_POINT('',(-10.,5.73154397197007,-42.3413300666878));
#13035=CARTESIAN_POINT('',(-9.,5.73154397197007,-42.3413300666878));
#13036=CARTESIAN_POINT('',(0.,5.73154397197007,-42.3413300666878));
#13037=CARTESIAN_POINT('',(-10.,6.03727925654593,-40.3648367234748));
#13038=CARTESIAN_POINT('Origin',(-9.99999999999999,5.884411614258,-41.3530833950813));
#13039=CARTESIAN_POINT('',(-9.,6.03727925654593,-40.3648367234748));
#13040=CARTESIAN_POINT('',(0.,6.03727925654593,-40.3648367234748));
#13041=CARTESIAN_POINT('Origin',(-9.,5.884411614258,-41.3530833950813));
#13042=CARTESIAN_POINT('Origin',(0.,5.884411614258,-41.3530833950813));
#13043=CARTESIAN_POINT('',(9.,5.73154397197007,-42.3413300666878));
#13044=CARTESIAN_POINT('',(10.,5.73154397197007,-42.3413300666878));
#13045=CARTESIAN_POINT('',(0.,5.73154397197007,-42.3413300666878));
#13046=CARTESIAN_POINT('',(9.,6.03727925654593,-40.3648367234748));
#13047=CARTESIAN_POINT('Origin',(9.,5.884411614258,-41.3530833950813));
#13048=CARTESIAN_POINT('',(10.,6.03727925654593,-40.3648367234748));
#13049=CARTESIAN_POINT('',(0.,6.03727925654593,-40.3648367234748));
#13050=CARTESIAN_POINT('Origin',(10.,5.884411614258,-41.3530833950813));
#13051=CARTESIAN_POINT('Origin',(0.,7.41308803713732,-31.4706166790163));
#13052=CARTESIAN_POINT('',(-10.,7.26022039484938,-32.4588633506228));
#13053=CARTESIAN_POINT('',(-9.,7.26022039484938,-32.4588633506228));
#13054=CARTESIAN_POINT('',(0.,7.26022039484938,-32.4588633506228));
#13055=CARTESIAN_POINT('',(-10.,7.56595567942525,-30.4823700074098));
#13056=CARTESIAN_POINT('Origin',(-9.99999999999999,7.41308803713732,-31.4706166790163));
#13057=CARTESIAN_POINT('',(-9.,7.56595567942525,-30.4823700074098));
#13058=CARTESIAN_POINT('',(0.,7.56595567942525,-30.4823700074098));
#13059=CARTESIAN_POINT('Origin',(-9.,7.41308803713732,-31.4706166790163));
#13060=CARTESIAN_POINT('Origin',(0.,7.41308803713732,-31.4706166790163));
#13061=CARTESIAN_POINT('',(9.,7.26022039484938,-32.4588633506228));
#13062=CARTESIAN_POINT('',(10.,7.26022039484938,-32.4588633506228));
#13063=CARTESIAN_POINT('',(0.,7.26022039484938,-32.4588633506228));
#13064=CARTESIAN_POINT('',(9.,7.56595567942525,-30.4823700074098));
#13065=CARTESIAN_POINT('Origin',(9.,7.41308803713732,-31.4706166790163));
#13066=CARTESIAN_POINT('',(10.,7.56595567942525,-30.4823700074098));
#13067=CARTESIAN_POINT('',(0.,7.56595567942525,-30.4823700074098));
#13068=CARTESIAN_POINT('Origin',(10.,7.41308803713732,-31.4706166790163));
#13069=CARTESIAN_POINT('Origin',(0.,3.97356608565885,-53.7061667901625));
#13070=CARTESIAN_POINT('',(-10.,3.82069844337092,-54.694413461769));
#13071=CARTESIAN_POINT('',(-9.,3.82069844337092,-54.694413461769));
#13072=CARTESIAN_POINT('',(0.,3.82069844337093,-54.694413461769));
#13073=CARTESIAN_POINT('',(-10.,4.12643372794679,-52.7179201185561));
#13074=CARTESIAN_POINT('Origin',(-9.99999999999999,3.97356608565885,-53.7061667901625));
#13075=CARTESIAN_POINT('',(-9.,4.12643372794679,-52.7179201185561));
#13076=CARTESIAN_POINT('',(0.,4.12643372794679,-52.717920118556));
#13077=CARTESIAN_POINT('Origin',(-9.,3.97356608565885,-53.7061667901625));
#13078=CARTESIAN_POINT('Origin',(0.,3.97356608565885,-53.7061667901625));
#13079=CARTESIAN_POINT('',(9.,3.82069844337092,-54.694413461769));
#13080=CARTESIAN_POINT('',(10.,3.82069844337092,-54.694413461769));
#13081=CARTESIAN_POINT('',(0.,3.82069844337093,-54.694413461769));
#13082=CARTESIAN_POINT('',(9.,4.12643372794679,-52.7179201185561));
#13083=CARTESIAN_POINT('Origin',(9.,3.97356608565885,-53.7061667901625));
#13084=CARTESIAN_POINT('',(10.,4.12643372794679,-52.7179201185561));
#13085=CARTESIAN_POINT('',(0.,4.12643372794679,-52.717920118556));
#13086=CARTESIAN_POINT('Origin',(10.,3.97356608565885,-53.7061667901625));
#13087=CARTESIAN_POINT('Origin',(0.,3.2092278742192,-58.647400148195));
#13088=CARTESIAN_POINT('',(-10.,3.05636023193127,-59.6356468198016));
#13089=CARTESIAN_POINT('',(-9.,3.05636023193127,-59.6356468198016));
#13090=CARTESIAN_POINT('',(0.,3.05636023193127,-59.6356468198015));
#13091=CARTESIAN_POINT('',(-10.,3.36209551650713,-57.6591534765885));
#13092=CARTESIAN_POINT('Origin',(-9.99999999999999,3.2092278742192,-58.647400148195));
#13093=CARTESIAN_POINT('',(-9.,3.36209551650713,-57.6591534765885));
#13094=CARTESIAN_POINT('',(0.,3.36209551650713,-57.6591534765885));
#13095=CARTESIAN_POINT('Origin',(-9.,3.2092278742192,-58.647400148195));
#13096=CARTESIAN_POINT('Origin',(0.,3.2092278742192,-58.647400148195));
#13097=CARTESIAN_POINT('',(9.,3.05636023193127,-59.6356468198016));
#13098=CARTESIAN_POINT('',(10.,3.05636023193127,-59.6356468198016));
#13099=CARTESIAN_POINT('',(0.,3.05636023193127,-59.6356468198015));
#13100=CARTESIAN_POINT('',(9.,3.36209551650713,-57.6591534765885));
#13101=CARTESIAN_POINT('Origin',(9.,3.2092278742192,-58.647400148195));
#13102=CARTESIAN_POINT('',(10.,3.36209551650713,-57.6591534765885));
#13103=CARTESIAN_POINT('',(0.,3.36209551650713,-57.6591534765885));
#13104=CARTESIAN_POINT('Origin',(10.,3.2092278742192,-58.647400148195));
#13105=CARTESIAN_POINT('Origin',(0.,6.64874982569766,-36.4118500370488));
#13106=CARTESIAN_POINT('',(-10.,6.49588218340972,-37.4000967086553));
#13107=CARTESIAN_POINT('',(-9.,6.49588218340972,-37.4000967086553));
#13108=CARTESIAN_POINT('',(0.,6.49588218340972,-37.4000967086553));
#13109=CARTESIAN_POINT('',(-10.,6.80161746798559,-35.4236033654423));
#13110=CARTESIAN_POINT('Origin',(-9.99999999999999,6.64874982569766,-36.4118500370488));
#13111=CARTESIAN_POINT('',(-9.,6.80161746798559,-35.4236033654423));
#13112=CARTESIAN_POINT('',(0.,6.80161746798559,-35.4236033654423));
#13113=CARTESIAN_POINT('Origin',(-9.,6.64874982569766,-36.4118500370488));
#13114=CARTESIAN_POINT('Origin',(0.,6.64874982569766,-36.4118500370488));
#13115=CARTESIAN_POINT('',(9.,6.49588218340972,-37.4000967086553));
#13116=CARTESIAN_POINT('',(10.,6.49588218340972,-37.4000967086553));
#13117=CARTESIAN_POINT('',(0.,6.49588218340972,-37.4000967086553));
#13118=CARTESIAN_POINT('',(9.,6.80161746798559,-35.4236033654423));
#13119=CARTESIAN_POINT('Origin',(9.,6.64874982569766,-36.4118500370488));
#13120=CARTESIAN_POINT('',(10.,6.80161746798559,-35.4236033654423));
#13121=CARTESIAN_POINT('',(0.,6.80161746798559,-35.4236033654423));
#13122=CARTESIAN_POINT('Origin',(10.,6.64874982569766,-36.4118500370488));
#13123=CARTESIAN_POINT('Origin',(0.,5.12007340281834,-46.2943167531138));
#13124=CARTESIAN_POINT('',(-10.,4.96720576053041,-47.2825634247203));
#13125=CARTESIAN_POINT('',(-9.,4.96720576053041,-47.2825634247203));
#13126=CARTESIAN_POINT('',(0.,4.96720576053041,-47.2825634247203));
#13127=CARTESIAN_POINT('',(-10.,5.27294104510627,-45.3060700815073));
#13128=CARTESIAN_POINT('Origin',(-9.99999999999999,5.12007340281834,-46.2943167531138));
#13129=CARTESIAN_POINT('',(-9.,5.27294104510627,-45.3060700815073));
#13130=CARTESIAN_POINT('',(0.,5.27294104510627,-45.3060700815073));
#13131=CARTESIAN_POINT('Origin',(-9.,5.12007340281834,-46.2943167531138));
#13132=CARTESIAN_POINT('Origin',(0.,5.12007340281834,-46.2943167531138));
#13133=CARTESIAN_POINT('',(9.,4.96720576053041,-47.2825634247203));
#13134=CARTESIAN_POINT('',(10.,4.96720576053041,-47.2825634247203));
#13135=CARTESIAN_POINT('',(0.,4.96720576053041,-47.2825634247203));
#13136=CARTESIAN_POINT('',(9.,5.27294104510627,-45.3060700815073));
#13137=CARTESIAN_POINT('Origin',(9.,5.12007340281834,-46.2943167531138));
#13138=CARTESIAN_POINT('',(10.,5.27294104510627,-45.3060700815073));
#13139=CARTESIAN_POINT('',(0.,5.27294104510627,-45.3060700815073));
#13140=CARTESIAN_POINT('Origin',(10.,5.12007340281834,-46.2943167531138));
#13141=CARTESIAN_POINT('Origin',(0.,4.73790429709851,-48.76493343213));
#13142=CARTESIAN_POINT('',(-10.,4.58503665481058,-49.7531801037365));
#13143=CARTESIAN_POINT('',(-9.,4.58503665481058,-49.7531801037365));
#13144=CARTESIAN_POINT('',(0.,4.58503665481058,-49.7531801037365));
#13145=CARTESIAN_POINT('',(-10.,4.89077193938644,-47.7766867605235));
#13146=CARTESIAN_POINT('Origin',(-9.99999999999999,4.73790429709851,-48.76493343213));
#13147=CARTESIAN_POINT('',(-9.,4.89077193938645,-47.7766867605235));
#13148=CARTESIAN_POINT('',(0.,4.89077193938644,-47.7766867605235));
#13149=CARTESIAN_POINT('Origin',(-9.,4.73790429709851,-48.76493343213));
#13150=CARTESIAN_POINT('Origin',(0.,4.73790429709851,-48.76493343213));
#13151=CARTESIAN_POINT('',(9.,4.58503665481058,-49.7531801037365));
#13152=CARTESIAN_POINT('',(10.,4.58503665481058,-49.7531801037365));
#13153=CARTESIAN_POINT('',(0.,4.58503665481058,-49.7531801037365));
#13154=CARTESIAN_POINT('',(9.,4.89077193938644,-47.7766867605235));
#13155=CARTESIAN_POINT('Origin',(9.,4.73790429709851,-48.76493343213));
#13156=CARTESIAN_POINT('',(10.,4.89077193938644,-47.7766867605235));
#13157=CARTESIAN_POINT('',(0.,4.89077193938644,-47.7766867605235));
#13158=CARTESIAN_POINT('Origin',(10.,4.73790429709851,-48.76493343213));
#13159=CARTESIAN_POINT('Origin',(0.,6.26658071997783,-38.882466716065));
#13160=CARTESIAN_POINT('',(-10.,6.1137130776899,-39.8707133876715));
#13161=CARTESIAN_POINT('',(-9.,6.1137130776899,-39.8707133876715));
#13162=CARTESIAN_POINT('',(0.,6.1137130776899,-39.8707133876715));
#13163=CARTESIAN_POINT('',(-10.,6.41944836226576,-37.8942200444585));
#13164=CARTESIAN_POINT('Origin',(-9.99999999999999,6.26658071997783,-38.882466716065));
#13165=CARTESIAN_POINT('',(-9.,6.41944836226576,-37.8942200444585));
#13166=CARTESIAN_POINT('',(0.,6.41944836226576,-37.8942200444585));
#13167=CARTESIAN_POINT('Origin',(-9.,6.26658071997783,-38.882466716065));
#13168=CARTESIAN_POINT('Origin',(0.,6.26658071997783,-38.882466716065));
#13169=CARTESIAN_POINT('',(9.,6.1137130776899,-39.8707133876715));
#13170=CARTESIAN_POINT('',(10.,6.1137130776899,-39.8707133876715));
#13171=CARTESIAN_POINT('',(0.,6.1137130776899,-39.8707133876715));
#13172=CARTESIAN_POINT('',(9.,6.41944836226576,-37.8942200444585));
#13173=CARTESIAN_POINT('Origin',(9.,6.26658071997783,-38.882466716065));
#13174=CARTESIAN_POINT('',(10.,6.41944836226576,-37.8942200444585));
#13175=CARTESIAN_POINT('',(0.,6.41944836226576,-37.8942200444585));
#13176=CARTESIAN_POINT('Origin',(10.,6.26658071997783,-38.882466716065));
#13177=CARTESIAN_POINT('Origin',(0.,7.79525714285715,-29.));
#13178=CARTESIAN_POINT('',(-10.,7.64238950056921,-29.9882466716065));
#13179=CARTESIAN_POINT('',(-9.,7.64238950056921,-29.9882466716065));
#13180=CARTESIAN_POINT('',(0.,7.64238950056921,-29.9882466716065));
#13181=CARTESIAN_POINT('',(-10.,7.94812478514507,-28.0117533283935));
#13182=CARTESIAN_POINT('Origin',(-9.99999999999999,7.79525714285715,-29.));
#13183=CARTESIAN_POINT('',(-9.,7.94812478514507,-28.0117533283935));
#13184=CARTESIAN_POINT('',(0.,7.94812478514507,-28.0117533283935));
#13185=CARTESIAN_POINT('Origin',(-9.,7.79525714285715,-29.));
#13186=CARTESIAN_POINT('Origin',(0.,7.79525714285715,-29.));
#13187=CARTESIAN_POINT('',(9.,7.64238950056921,-29.9882466716065));
#13188=CARTESIAN_POINT('',(10.,7.64238950056921,-29.9882466716065));
#13189=CARTESIAN_POINT('',(0.,7.64238950056921,-29.9882466716065));
#13190=CARTESIAN_POINT('',(9.,7.94812478514507,-28.0117533283935));
#13191=CARTESIAN_POINT('Origin',(9.,7.79525714285715,-29.));
#13192=CARTESIAN_POINT('',(10.,7.94812478514507,-28.0117533283935));
#13193=CARTESIAN_POINT('',(0.,7.94812478514507,-28.0117533283935));
#13194=CARTESIAN_POINT('Origin',(10.,7.79525714285715,-29.));
#13195=CARTESIAN_POINT('Origin',(0.,12.3571428571429,-5.55096745533984E-15));
#13196=CARTESIAN_POINT('',(-9.99999999999999,9.85714285714286,-5.85712915512668E-15));
#13197=CARTESIAN_POINT('Origin',(-9.99999999999999,12.3571428571429,-5.55096745533984E-15));
#13198=CARTESIAN_POINT('',(-9.,9.85714285714286,-5.244805755553E-15));
#13199=CARTESIAN_POINT('',(0.,9.85714285714286,-5.85712915512668E-15));
#13200=CARTESIAN_POINT('Origin',(-9.,12.3571428571429,-5.55096745533984E-15));
#13201=CARTESIAN_POINT('Origin',(0.,12.3571428571429,-5.55096745533984E-15));
#13202=CARTESIAN_POINT('',(9.,9.85714285714286,-5.85712915512668E-15));
#13203=CARTESIAN_POINT('Origin',(9.,12.3571428571429,-5.55096745533984E-15));
#13204=CARTESIAN_POINT('',(10.,9.85714285714286,-5.244805755553E-15));
#13205=CARTESIAN_POINT('',(0.,9.85714285714286,-5.85712915512668E-15));
#13206=CARTESIAN_POINT('Origin',(10.,12.3571428571429,-5.55096745533984E-15));
#13207=CARTESIAN_POINT('Origin',(0.,8.414,-25.));
#13208=CARTESIAN_POINT('',(9.,8.414,-25.));
#13209=CARTESIAN_POINT('',(9.,10.6714457077069,-10.4062431160436));
#13210=CARTESIAN_POINT('',(10.,8.414,-25.));
#13211=CARTESIAN_POINT('',(0.,8.414,-25.));
#13212=CARTESIAN_POINT('',(10.,10.2274439025921,-13.2765909511038));
#13213=CARTESIAN_POINT('Origin',(0.,8.414,-25.));
#13214=CARTESIAN_POINT('',(10.,10.2274439025921,-13.2765909511038));
#13215=CARTESIAN_POINT('',(9.,10.6714457077069,-10.4062431160436));
#13216=CARTESIAN_POINT('Origin',(0.,8.414,-25.));
#13217=CARTESIAN_POINT('',(10.,10.2274439025921,-13.2765909511038));
#13218=CARTESIAN_POINT('',(9.,10.6714457077069,-10.4062431160436));
#13219=CARTESIAN_POINT('Origin',(0.,8.414,-25.));
#13220=CARTESIAN_POINT('',(10.,3.,-60.));
#13221=CARTESIAN_POINT('',(10.,10.2274439025921,-13.2765909511038));
#13222=CARTESIAN_POINT('',(9.,3.,-60.));
#13223=CARTESIAN_POINT('',(0.,3.,-60.));
#13224=CARTESIAN_POINT('',(9.,10.6714457077069,-10.4062431160436));
#13225=CARTESIAN_POINT('Origin',(0.,8.414,-25.));
#13226=CARTESIAN_POINT('',(9.,10.6714457077069,-10.4062431160436));
#13227=CARTESIAN_POINT('',(10.,10.2274439025921,-13.2765909511038));
#13228=CARTESIAN_POINT('Origin',(0.,8.414,-25.));
#13229=CARTESIAN_POINT('',(9.,10.6714457077069,-10.4062431160436));
#13230=CARTESIAN_POINT('',(10.,10.2274439025921,-13.2765909511038));
#13231=CARTESIAN_POINT('Origin',(0.,8.414,-25.));
#13232=CARTESIAN_POINT('',(10.,10.2274439025921,-13.2765909511038));
#13233=CARTESIAN_POINT('',(9.,10.6714457077069,-10.4062431160436));
#13234=CARTESIAN_POINT('Origin',(0.,8.414,-25.));
#13235=CARTESIAN_POINT('',(9.,10.6714457077069,-10.4062431160436));
#13236=CARTESIAN_POINT('',(10.,10.2274439025921,-13.2765909511038));
#13237=CARTESIAN_POINT('Origin',(0.,8.414,-25.));
#13238=CARTESIAN_POINT('',(10.,10.2274439025921,-13.2765909511038));
#13239=CARTESIAN_POINT('',(9.,10.6714457077069,-10.4062431160436));
#13240=CARTESIAN_POINT('Origin',(0.,8.414,-25.));
#13241=CARTESIAN_POINT('',(9.,10.6714457077069,-10.4062431160436));
#13242=CARTESIAN_POINT('',(10.,10.2274439025921,-13.2765909511038));
#13243=CARTESIAN_POINT('Origin',(0.,8.414,-25.));
#13244=CARTESIAN_POINT('',(10.,10.2274439025921,-13.2765909511038));
#13245=CARTESIAN_POINT('',(9.,10.6714457077069,-10.4062431160436));
#13246=CARTESIAN_POINT('Origin',(0.,8.414,-25.));
#13247=CARTESIAN_POINT('',(9.,10.6714457077069,-10.4062431160436));
#13248=CARTESIAN_POINT('',(10.,10.2274439025921,-13.2765909511038));
#13249=CARTESIAN_POINT('Origin',(0.,8.414,-25.));
#13250=CARTESIAN_POINT('',(10.,10.2274439025921,-13.2765909511038));
#13251=CARTESIAN_POINT('',(9.,10.6714457077069,-10.4062431160436));
#13252=CARTESIAN_POINT('Origin',(0.,8.414,-25.));
#13253=CARTESIAN_POINT('',(9.,10.6714457077069,-10.4062431160436));
#13254=CARTESIAN_POINT('',(10.,10.2274439025921,-13.2765909511038));
#13255=CARTESIAN_POINT('Origin',(0.,8.414,-25.));
#13256=CARTESIAN_POINT('',(-10.,8.414,-25.));
#13257=CARTESIAN_POINT('',(-10.,10.6714457077069,-10.4062431160436));
#13258=CARTESIAN_POINT('',(-9.,8.414,-25.));
#13259=CARTESIAN_POINT('',(0.,8.414,-25.));
#13260=CARTESIAN_POINT('',(-9.,10.2274439025918,-13.276590951106));
#13261=CARTESIAN_POINT('Origin',(0.,8.414,-25.));
#13262=CARTESIAN_POINT('',(-9.,10.2274439025918,-13.276590951106));
#13263=CARTESIAN_POINT('',(-10.,10.6714457077069,-10.4062431160436));
#13264=CARTESIAN_POINT('Origin',(0.,8.414,-25.));
#13265=CARTESIAN_POINT('',(-9.,10.2274439025918,-13.276590951106));
#13266=CARTESIAN_POINT('',(-10.,10.6714457077069,-10.4062431160436));
#13267=CARTESIAN_POINT('Origin',(0.,8.414,-25.));
#13268=CARTESIAN_POINT('',(-9.,3.,-60.));
#13269=CARTESIAN_POINT('',(-9.,10.2274439025918,-13.276590951106));
#13270=CARTESIAN_POINT('',(-10.,3.,-60.));
#13271=CARTESIAN_POINT('',(0.,3.,-60.));
#13272=CARTESIAN_POINT('',(-10.,10.6714457077069,-10.4062431160436));
#13273=CARTESIAN_POINT('Origin',(0.,8.414,-25.));
#13274=CARTESIAN_POINT('',(-10.,10.6714457077069,-10.4062431160436));
#13275=CARTESIAN_POINT('',(-9.,10.2274439025918,-13.276590951106));
#13276=CARTESIAN_POINT('Origin',(0.,8.414,-25.));
#13277=CARTESIAN_POINT('',(-10.,10.6714457077069,-10.4062431160436));
#13278=CARTESIAN_POINT('',(-9.,10.2274439025918,-13.276590951106));
#13279=CARTESIAN_POINT('Origin',(0.,8.414,-25.));
#13280=CARTESIAN_POINT('',(-9.,10.2274439025918,-13.276590951106));
#13281=CARTESIAN_POINT('',(-10.,10.6714457077069,-10.4062431160436));
#13282=CARTESIAN_POINT('Origin',(0.,8.414,-25.));
#13283=CARTESIAN_POINT('',(-10.,10.6714457077069,-10.4062431160436));
#13284=CARTESIAN_POINT('',(-9.,10.2274439025918,-13.276590951106));
#13285=CARTESIAN_POINT('Origin',(0.,8.414,-25.));
#13286=CARTESIAN_POINT('',(-9.,10.2274439025918,-13.276590951106));
#13287=CARTESIAN_POINT('',(-10.,10.6714457077069,-10.4062431160436));
#13288=CARTESIAN_POINT('Origin',(0.,8.414,-25.));
#13289=CARTESIAN_POINT('',(-10.,10.6714457077069,-10.4062431160436));
#13290=CARTESIAN_POINT('',(-9.,10.2274439025918,-13.276590951106));
#13291=CARTESIAN_POINT('Origin',(0.,8.414,-25.));
#13292=CARTESIAN_POINT('',(-9.,10.2274439025918,-13.276590951106));
#13293=CARTESIAN_POINT('',(-10.,10.6714457077069,-10.4062431160436));
#13294=CARTESIAN_POINT('Origin',(0.,8.414,-25.));
#13295=CARTESIAN_POINT('',(-10.,10.6714457077069,-10.4062431160436));
#13296=CARTESIAN_POINT('',(-9.,10.2274439025918,-13.276590951106));
#13297=CARTESIAN_POINT('Origin',(0.,8.414,-25.));
#13298=CARTESIAN_POINT('',(-9.,10.2274439025918,-13.276590951106));
#13299=CARTESIAN_POINT('',(-10.,10.6714457077069,-10.4062431160436));
#13300=CARTESIAN_POINT('Origin',(0.,8.414,-25.));
#13301=CARTESIAN_POINT('',(-10.,10.6714457077069,-10.4062431160436));
#13302=CARTESIAN_POINT('',(-9.,10.2274439025918,-13.276590951106));
#13303=CARTESIAN_POINT('Origin',(-9.99999999999999,40.,0.));
#13304=CARTESIAN_POINT('',(-10.,2.,-60.));
#13305=CARTESIAN_POINT('',(-9.99999999999999,40.,-60.));
#13306=CARTESIAN_POINT('',(-10.,2.,60.));
#13307=CARTESIAN_POINT('',(-10.,2.,0.));
#13308=CARTESIAN_POINT('',(-10.,8.41399999999999,60.));
#13309=CARTESIAN_POINT('',(-9.99999999999999,40.,60.));
#13310=CARTESIAN_POINT('',(-10.,8.41399999999999,19.1056170798014));
#13311=CARTESIAN_POINT('',(-10.,8.41399999999999,35.989832883389));
#13312=CARTESIAN_POINT('',(-10.,8.414,-19.1056170798014));
#13313=CARTESIAN_POINT('Origin',(-9.99999999999999,-11.8520959662536,-1.33226762955019E-14));
#13314=CARTESIAN_POINT('',(-10.,8.414,-9.55280853990072));
#13315=CARTESIAN_POINT('Origin',(9.,40.,0.));
#13316=CARTESIAN_POINT('',(9.,1.9999999999709,-60.));
#13317=CARTESIAN_POINT('',(9.,40.,-60.));
#13318=CARTESIAN_POINT('',(9.,1.9999999999709,0.));
#13319=CARTESIAN_POINT('',(9.,8.41399999999999,19.1056170798014));
#13320=CARTESIAN_POINT('',(9.,8.41399999999999,35.989832883389));
#13321=CARTESIAN_POINT('',(9.,8.414,-19.1056170798014));
#13322=CARTESIAN_POINT('Origin',(9.,-11.8520959662536,-1.33226762955019E-14));
#13323=CARTESIAN_POINT('',(9.,8.414,-9.55280853990072));
#13324=CARTESIAN_POINT('Origin',(0.,8.41399999999999,71.979665766778));
#13325=CARTESIAN_POINT('',(10.,8.41399999999999,19.1056170798014));
#13326=CARTESIAN_POINT('',(10.,8.41399999999999,35.989832883389));
#13327=CARTESIAN_POINT('',(0.,8.41399999999999,19.1056170798014));
#13328=CARTESIAN_POINT('Origin',(0.,8.41399999999999,71.979665766778));
#13329=CARTESIAN_POINT('',(-9.,8.41399999999999,19.1056170798014));
#13330=CARTESIAN_POINT('',(-9.,8.41399999999999,60.));
#13331=CARTESIAN_POINT('',(-9.,8.41399999999999,35.989832883389));
#13332=CARTESIAN_POINT('',(0.,8.41399999999999,19.1056170798014));
#13333=CARTESIAN_POINT('',(0.,8.41399999999999,60.));
#13334=CARTESIAN_POINT('Origin',(0.,-11.8520959662536,-1.33226762955019E-14));
#13335=CARTESIAN_POINT('',(10.,8.414,-19.1056170798014));
#13336=CARTESIAN_POINT('Origin',(10.,-11.8520959662536,-1.33226762955019E-14));
#13337=CARTESIAN_POINT('',(0.,8.414,-19.1056170798014));
#13338=CARTESIAN_POINT('Origin',(0.,8.414,-19.1056170798014));
#13339=CARTESIAN_POINT('',(10.,8.414,-9.55280853990072));
#13340=CARTESIAN_POINT('Origin',(0.,8.414,-19.1056170798014));
#13341=CARTESIAN_POINT('',(-9.,8.414,-19.1056170798014));
#13342=CARTESIAN_POINT('',(-9.,8.414,-9.55280853990072));
#13343=CARTESIAN_POINT('',(0.,8.414,-19.1056170798014));
#13344=CARTESIAN_POINT('Origin',(0.,-11.8520959662536,-1.33226762955019E-14));
#13345=CARTESIAN_POINT('Origin',(-9.,-11.8520959662536,-1.33226762955019E-14));
#13346=CARTESIAN_POINT('Origin',(0.,20.,60.));
#13347=CARTESIAN_POINT('',(-9.,1.9999999999709,60.));
#13348=CARTESIAN_POINT('Origin',(-8.,2.,60.));
#13349=CARTESIAN_POINT('',(-9.,1.9999999999709,60.));
#13350=CARTESIAN_POINT('',(-8.,-1.11022302462516E-15,60.));
#13351=CARTESIAN_POINT('Origin',(-8.,2.,60.));
#13352=CARTESIAN_POINT('',(-8.,-1.11022302462516E-15,60.));
#13353=CARTESIAN_POINT('Origin',(0.,20.,-60.));
#13354=CARTESIAN_POINT('',(-9.,1.9999999999709,-60.));
#13355=CARTESIAN_POINT('',(-9.,1.9999999999709,-60.));
#13356=CARTESIAN_POINT('Origin',(-8.,2.,-60.));
#13357=CARTESIAN_POINT('Origin',(8.,2.,-60.));
#13358=CARTESIAN_POINT('',(10.,2.,-60.));
#13359=CARTESIAN_POINT('',(10.,2.,-60.));
#13360=CARTESIAN_POINT('',(8.,-5.55111512312578E-16,-60.));
#13361=CARTESIAN_POINT('Origin',(8.,2.,-60.));
#13362=CARTESIAN_POINT('',(-8.,-1.11022302462516E-15,-60.));
#13363=CARTESIAN_POINT('',(-8.,-1.11022302462516E-15,-60.));
#13364=CARTESIAN_POINT('Origin',(-8.,2.,-60.));
#13365=CARTESIAN_POINT('Origin',(-8.,2.,0.));
#13366=CARTESIAN_POINT('',(-8.,-1.11022302462516E-15,0.));
#13367=CARTESIAN_POINT('Origin',(-9.,1.9999999999709,0.));
#13368=CARTESIAN_POINT('',(-9.,1.9999999999709,0.));
#13369=CARTESIAN_POINT('Origin',(-8.,2.,0.));
#13370=CARTESIAN_POINT('Origin',(8.,2.,0.));
#13371=CARTESIAN_POINT('Origin',(10.,2.,0.));
#13372=CARTESIAN_POINT('',(10.,2.,0.));
#13373=CARTESIAN_POINT('Origin',(8.,2.,0.));
#13374=CARTESIAN_POINT('',(8.,-5.55111512312578E-16,0.));
#13375=CARTESIAN_POINT('Origin',(-8.,-1.11022302462516E-15,0.));
#13376=CARTESIAN_POINT('Origin',(10.5,16.,0.));
#13377=CARTESIAN_POINT('',(10.5,16.,0.));
#13378=CARTESIAN_POINT('Origin',(10.5,12.3571428571429,0.));
#13379=CARTESIAN_POINT('',(10.5,10.0571428571429,-5.83263621914373E-15));
#13380=CARTESIAN_POINT('Origin',(10.5,12.3571428571429,-5.55096745533984E-15));
#13381=CARTESIAN_POINT('Origin',(6.82653061224491,12.3571428571429,0.));
#13382=CARTESIAN_POINT('Origin',(-10.5,12.3571428571429,0.));
#13383=CARTESIAN_POINT('',(-10.5,16.,0.));
#13384=CARTESIAN_POINT('Origin',(-10.5,12.3571428571429,0.));
#13385=CARTESIAN_POINT('',(-10.5,10.0571428571429,-5.83263621914373E-15));
#13386=CARTESIAN_POINT('Origin',(-10.5,12.3571428571429,-5.55096745533984E-15));
#13387=CARTESIAN_POINT('Origin',(-6.82653061224491,12.3571428571429,0.));
#13388=CARTESIAN_POINT('Origin',(0.,12.3571428571429,-5.55096745533984E-15));
#13389=CARTESIAN_POINT('',(0.,10.0571428571429,-5.83263621914373E-15));
#13390=CARTESIAN_POINT('Origin',(8.00000000000002,24.202996490974,-3.68957254480796));
#13391=CARTESIAN_POINT('',(-0.337499999999981,12.1407281611938,-42.4170574746402));
#13392=CARTESIAN_POINT('',(-0.337499999999981,14.0476445412176,-36.2946538478284));
#13393=CARTESIAN_POINT('',(-0.33749999999998,19.1253205160958,-19.9921131963182));
#13394=CARTESIAN_POINT('',(0.337500000000027,14.0476445412176,-36.2946538478284));
#13395=CARTESIAN_POINT('',(4.16875000000002,14.0476445412176,-36.2946538478284));
#13396=CARTESIAN_POINT('',(0.337500000000026,12.1407281611938,-42.4170574746402));
#13397=CARTESIAN_POINT('',(0.337500000000028,18.1718623260839,-23.0533150097241));
#13398=CARTESIAN_POINT('',(5.62500000000001,12.1407281611938,-42.4170574746402));
#13399=CARTESIAN_POINT('',(6.81250000000001,12.1407281611938,-42.4170574746402));
#13400=CARTESIAN_POINT('',(5.62500000000001,11.9400001211913,-43.0615210143046));
#13401=CARTESIAN_POINT('',(5.62500000000002,18.0714983060827,-23.3755467795563));
#13402=CARTESIAN_POINT('',(-5.62499999999997,11.9400001211913,-43.0615210143046));
#13403=CARTESIAN_POINT('',(1.18750000000002,11.9400001211913,-43.0615210143046));
#13404=CARTESIAN_POINT('',(-5.62499999999997,12.1407281611938,-42.4170574746402));
#13405=CARTESIAN_POINT('',(-5.62499999999997,18.1718623260839,-23.0533150097241));
#13406=CARTESIAN_POINT('',(3.83125000000002,12.1407281611938,-42.4170574746402));
#13407=CARTESIAN_POINT('Origin',(5.62499999999999,-105.059348654318,-5.91329851944478));
#13408=CARTESIAN_POINT('',(0.337500000000026,12.0929901212187,-42.4021887309363));
#13409=CARTESIAN_POINT('',(0.337500000000002,-105.059348654318,-5.91329851944478));
#13410=CARTESIAN_POINT('',(5.62500000000001,12.0929901212187,-42.4021887309363));
#13411=CARTESIAN_POINT('',(6.81250000000001,12.0929901212187,-42.4021887309363));
#13412=CARTESIAN_POINT('',(5.62499999999999,-105.059348654318,-5.91329851944478));
#13413=CARTESIAN_POINT('Origin',(0.337500000000002,-105.059348654318,-5.91329851944478));
#13414=CARTESIAN_POINT('',(0.337500000000027,13.9999065012425,-36.2797851041245));
#13415=CARTESIAN_POINT('',(0.337500000000002,-103.152432274295,0.209105107366972));
#13416=CARTESIAN_POINT('',(0.337500000000028,18.1241242861088,-23.0384462660202));
#13417=CARTESIAN_POINT('Origin',(0.337500000000002,-103.152432274295,0.209105107366972));
#13418=CARTESIAN_POINT('',(-0.337499999999981,13.9999065012425,-36.2797851041245));
#13419=CARTESIAN_POINT('',(-0.337500000000006,-103.152432274295,0.209105107366972));
#13420=CARTESIAN_POINT('',(4.16875000000002,13.9999065012425,-36.2797851041245));
#13421=CARTESIAN_POINT('Origin',(-0.337500000000006,-103.152432274295,0.209105107366972));
#13422=CARTESIAN_POINT('',(-0.337499999999981,12.0929901212187,-42.4021887309363));
#13423=CARTESIAN_POINT('',(-0.337500000000006,-105.059348654318,-5.91329851944478));
#13424=CARTESIAN_POINT('',(-0.33749999999998,19.0775824761207,-19.9772444526143));
#13425=CARTESIAN_POINT('Origin',(-0.337500000000006,-105.059348654318,-5.91329851944478));
#13426=CARTESIAN_POINT('',(-5.62499999999997,12.0929901212187,-42.4021887309363));
#13427=CARTESIAN_POINT('',(-5.62499999999999,-105.059348654318,-5.91329851944478));
#13428=CARTESIAN_POINT('',(3.83125000000002,12.0929901212187,-42.4021887309363));
#13429=CARTESIAN_POINT('Origin',(-5.62499999999999,-105.059348654318,-5.91329851944478));
#13430=CARTESIAN_POINT('',(-5.62499999999997,11.8922620812162,-43.0466522706007));
#13431=CARTESIAN_POINT('',(-5.62499999999999,-105.260076694321,-6.55776205910916));
#13432=CARTESIAN_POINT('',(-5.62499999999997,18.1241242861088,-23.0384462660202));
#13433=CARTESIAN_POINT('Origin',(-5.62499999999999,-105.260076694321,-6.55776205910916));
#13434=CARTESIAN_POINT('',(5.62500000000001,11.8922620812162,-43.0466522706007));
#13435=CARTESIAN_POINT('',(5.62499999999999,-105.260076694321,-6.55776205910916));
#13436=CARTESIAN_POINT('',(1.18750000000002,11.8922620812162,-43.0466522706007));
#13437=CARTESIAN_POINT('Origin',(5.62499999999999,-105.260076694321,-6.55776205910916));
#13438=CARTESIAN_POINT('',(5.62500000000002,18.0237602661075,-23.3606780358524));
#13439=CARTESIAN_POINT('Origin',(1.77593440076093E-16,-104.89207528765,
-5.37624556972445));
#13440=CARTESIAN_POINT('',(-7.19999999999996,12.3080015278626,-41.8800045249199));
#13441=CARTESIAN_POINT('Origin',(2.46673303076936E-14,12.3080015278626,
-41.8800045249199));
#13442=CARTESIAN_POINT('',(-7.19999999999996,12.2602634878874,-41.865135781216));
#13443=CARTESIAN_POINT('',(-7.19999999999998,-104.89207528765,-5.37624556972445));
#13444=CARTESIAN_POINT('Origin',(2.46573551261977E-14,12.2602634878874,
-41.865135781216));
#13445=CARTESIAN_POINT('Origin',(1.77593440076093E-16,-104.89207528765,
-5.37624556972445));
#13446=CARTESIAN_POINT('',(-6.52499999999996,12.2602634878874,-41.865135781216));
#13447=CARTESIAN_POINT('Origin',(2.46573551261977E-14,12.2602634878874,
-41.865135781216));
#13448=CARTESIAN_POINT('',(-6.52499999999996,12.3080015278626,-41.8800045249199));
#13449=CARTESIAN_POINT('',(-6.52499999999998,-104.89207528765,-5.37624556972445));
#13450=CARTESIAN_POINT('Origin',(2.46673303076936E-14,12.3080015278626,
-41.8800045249199));
#13451=CARTESIAN_POINT('Origin',(8.00000000000002,24.202996490974,-3.68957254480796));
#13452=CARTESIAN_POINT('Origin',(8.00000000000002,24.202996490974,-3.68957254480796));
#13453=CARTESIAN_POINT('',(2.25000000000001,11.0701786145138,-45.8541963528502));
#13454=CARTESIAN_POINT('',(2.25000000000001,10.8694505745113,-46.4986598925146));
#13455=CARTESIAN_POINT('',(2.25000000000001,17.5362235327426,-25.0941162186613));
#13456=CARTESIAN_POINT('',(-2.24999999999997,10.8694505745113,-46.4986598925146));
#13457=CARTESIAN_POINT('',(2.87500000000002,10.8694505745113,-46.4986598925146));
#13458=CARTESIAN_POINT('',(-2.24999999999997,11.0701786145138,-45.8541963528502));
#13459=CARTESIAN_POINT('',(-2.24999999999996,17.6365875527439,-24.7718844488291));
#13460=CARTESIAN_POINT('',(5.12500000000001,11.0701786145138,-45.8541963528502));
#13461=CARTESIAN_POINT('Origin',(-2.24999999999999,-106.330626241001,-9.99490093731922));
#13462=CARTESIAN_POINT('',(2.25000000000001,10.8217125345361,-46.4837911488107));
#13463=CARTESIAN_POINT('',(2.24999999999998,-106.330626241001,-9.99490093731922));
#13464=CARTESIAN_POINT('',(-2.24999999999997,10.8217125345361,-46.4837911488107));
#13465=CARTESIAN_POINT('',(2.87500000000002,10.8217125345361,-46.4837911488107));
#13466=CARTESIAN_POINT('',(-2.24999999999999,-106.330626241001,-9.99490093731922));
#13467=CARTESIAN_POINT('Origin',(2.24999999999998,-106.330626241001,-9.99490093731922));
#13468=CARTESIAN_POINT('',(2.25000000000001,11.0224405745386,-45.8393276091464));
#13469=CARTESIAN_POINT('',(2.24999999999998,-106.129898200998,-9.35043739765484));
#13470=CARTESIAN_POINT('',(2.25000000000001,17.4884854927675,-25.0792474749574));
#13471=CARTESIAN_POINT('Origin',(2.24999999999998,-106.129898200998,-9.35043739765484));
#13472=CARTESIAN_POINT('',(-2.24999999999997,11.0224405745386,-45.8393276091464));
#13473=CARTESIAN_POINT('',(-2.24999999999999,-106.129898200998,-9.35043739765484));
#13474=CARTESIAN_POINT('',(5.12500000000001,11.0224405745386,-45.8393276091464));
#13475=CARTESIAN_POINT('Origin',(-2.24999999999999,-106.129898200998,-9.35043739765484));
#13476=CARTESIAN_POINT('',(-2.24999999999996,17.5888495127687,-24.7570157051252));
#13477=CARTESIAN_POINT('Origin',(-3.375,-105.594623427658,-7.6318679585498));
#13478=CARTESIAN_POINT('',(-3.37499999999997,11.4047253478513,-44.7800904534096));
#13479=CARTESIAN_POINT('',(-3.37499999999997,11.6054533878538,-44.1356269137452));
#13480=CARTESIAN_POINT('',(-3.37499999999997,17.9042249394139,-23.9125997292766));
#13481=CARTESIAN_POINT('',(-3.37499999999997,11.3569873078761,-44.7652217097057));
#13482=CARTESIAN_POINT('',(-3.375,-105.795351467661,-8.27633149821419));
#13483=CARTESIAN_POINT('',(-3.37499999999997,11.5577153478787,-44.1207581700413));
#13484=CARTESIAN_POINT('',(-3.37499999999997,17.8564868994388,-23.8977309855727));
#13485=CARTESIAN_POINT('',(-3.375,-105.594623427658,-7.6318679585498));
#13486=CARTESIAN_POINT('Origin',(3.37499999999999,-105.594623427658,-7.6318679585498));
#13487=CARTESIAN_POINT('',(3.37500000000002,11.6054533878538,-44.1356269137452));
#13488=CARTESIAN_POINT('',(5.68750000000002,11.6054533878538,-44.1356269137452));
#13489=CARTESIAN_POINT('',(3.37500000000002,11.5577153478787,-44.1207581700413));
#13490=CARTESIAN_POINT('',(5.68750000000002,11.5577153478787,-44.1207581700413));
#13491=CARTESIAN_POINT('',(3.37499999999999,-105.594623427658,-7.6318679585498));
#13492=CARTESIAN_POINT('Origin',(3.37499999999999,-105.795351467661,-8.27633149821419));
#13493=CARTESIAN_POINT('',(3.37500000000002,11.4047253478513,-44.7800904534096));
#13494=CARTESIAN_POINT('',(3.37500000000002,17.8038609194126,-24.2348314991088));
#13495=CARTESIAN_POINT('',(3.37500000000002,11.3569873078761,-44.7652217097057));
#13496=CARTESIAN_POINT('',(3.37500000000002,17.7561228794375,-24.2199627554049));
#13497=CARTESIAN_POINT('',(3.37499999999999,-105.795351467661,-8.27633149821419));
#13498=CARTESIAN_POINT('Origin',(-3.375,-105.795351467661,-8.27633149821419));
#13499=CARTESIAN_POINT('',(2.31250000000002,11.4047253478513,-44.7800904534096));
#13500=CARTESIAN_POINT('',(2.31250000000002,11.3569873078761,-44.7652217097057));
#13501=CARTESIAN_POINT('Origin',(8.00000000000002,24.202996490974,-3.68957254480796));
#13502=CARTESIAN_POINT('Origin',(8.00000000000002,24.1552584509989,-3.67470380110407));
#13503=CARTESIAN_POINT('Origin',(1.9399801194764E-14,35.1915923056839,45.256998918584));
#13504=CARTESIAN_POINT('',(-9.99999999999998,39.5101325414532,52.3496389229859));
#13505=CARTESIAN_POINT('',(-9.99999999999998,29.8309415661491,36.4528281087505));
#13506=CARTESIAN_POINT('',(-9.99999999999998,22.7053123372422,24.7499099543994));
#13507=CARTESIAN_POINT('',(-8.99999999999998,29.8309415661491,36.4528281087505));
#13508=CARTESIAN_POINT('',(1.80764513946767E-14,29.8309415661491,36.4528281087505));
#13509=CARTESIAN_POINT('',(-8.99999999999997,39.5101325415156,52.3496389230884));
#13510=CARTESIAN_POINT('',(-8.99999999999998,22.4188830361425,24.2794871243454));
#13511=CARTESIAN_POINT('',(-8.87395880909797,40.5522430452188,54.0611697284175));
#13512=CARTESIAN_POINT('Origin',(-7.99999999999998,39.5101325414532,52.3496389229859));
#13513=CARTESIAN_POINT('',(-9.94005257660712,40.5522430452188,54.0611697284175));
#13514=CARTESIAN_POINT('',(2.07231509948513E-14,40.5522430452188,54.0611697284175));
#13515=CARTESIAN_POINT('Origin',(-7.99999999999998,39.5101325414532,52.3496389229859));
#13516=CARTESIAN_POINT('Origin',(1.63660796479169E-14,22.9025349056101,
59.5584416506195));
#13517=CARTESIAN_POINT('',(-8.00000000002908,41.0429900961632,53.9083190431416));
#13518=CARTESIAN_POINT('Origin',(-7.99999999999998,40.0882292966604,54.2056939172193));
#13519=CARTESIAN_POINT('',(8.00000000002913,41.0429900961632,53.9083190431416));
#13520=CARTESIAN_POINT('',(-8.00000000002908,41.0429900961632,53.9083190431416));
#13521=CARTESIAN_POINT('',(8.87395880909802,40.5522430452188,54.0611697284175));
#13522=CARTESIAN_POINT('Origin',(8.00000000000002,40.0882292966604,54.2056939172193));
#13523=CARTESIAN_POINT('',(9.94005257660716,40.5522430452188,54.0611697284175));
#13524=CARTESIAN_POINT('',(2.07231509948513E-14,40.5522430452188,54.0611697284175));
#13525=CARTESIAN_POINT('',(8.00000000000002,41.997750895666,53.6109441690638));
#13526=CARTESIAN_POINT('Origin',(8.00000000000002,40.0882292966604,54.2056939172193));
#13527=CARTESIAN_POINT('',(-7.99999999999998,41.997750895666,53.6109441690638));
#13528=CARTESIAN_POINT('',(8.00000000000002,41.997750895666,53.6109441690638));
#13529=CARTESIAN_POINT('Origin',(-7.99999999999998,40.0882292966604,54.2056939172193));
#13530=CARTESIAN_POINT('Origin',(-7.99999999999998,22.2457368519933,-3.07995405294849));
#13531=CARTESIAN_POINT('',(-8.99999999999998,4.4032444073539,-60.365602023125));
#13532=CARTESIAN_POINT('',(-8.99999999999998,22.245736852021,-3.07995405295715));
#13533=CARTESIAN_POINT('',(-8.00000000002909,5.35800520682891,-60.6629768971941));
#13534=CARTESIAN_POINT('Origin',(-7.99999999999999,4.40324440732611,-60.3656020231163));
#13535=CARTESIAN_POINT('',(-8.00000000002909,23.2004976514961,-3.37732892702628));
#13536=CARTESIAN_POINT('Origin',(-8.99999999999998,17.9094956093618,-1.72936530425882));
#13537=CARTESIAN_POINT('',(-8.99999999999998,23.617477076322,16.5036903667441));
#13538=CARTESIAN_POINT('',(-8.99999999999998,28.638418624816,32.6240777463552));
#13539=CARTESIAN_POINT('',(-8.99999999999998,23.5910260826461,16.5119289338467));
#13540=CARTESIAN_POINT('',(-8.99999999999998,23.6042515794841,16.5078096502954));
#13541=CARTESIAN_POINT('',(-8.99999999999998,8.70349232465844,-31.2864389594784));
#13542=CARTESIAN_POINT('',(-8.99999999999998,17.9094956093618,-1.72936530425882));
#13543=CARTESIAN_POINT('',(-8.99999999999998,8.39835754991968,-32.2661139316466));
#13544=CARTESIAN_POINT('Origin',(-8.99999999999998,7.73139615713913,-31.5210216551195));
#13545=CARTESIAN_POINT('',(-8.99999999999998,8.07771975892515,-33.2955633585026));
#13546=CARTESIAN_POINT('',(-8.99999999999998,17.9094956093618,-1.72936530425882));
#13547=CARTESIAN_POINT('',(-8.99999999999998,7.5547314680191,-34.9746854440674));
#13548=CARTESIAN_POINT('Origin',(-8.99999999999998,7.36157691424453,-33.9935171005319));
#13549=CARTESIAN_POINT('',(-8.99999999999998,7.37758382578303,-35.5434410427233));
#13550=CARTESIAN_POINT('',(-8.99999999999998,17.9094956093618,-1.72936530425882));
#13551=CARTESIAN_POINT('',(-8.99999999999998,6.83111348416465,-37.4530249294145));
#13552=CARTESIAN_POINT('Origin',(-8.99999999999998,6.99175767134993,-36.4660125459443));
#13553=CARTESIAN_POINT('',(-8.99999999999998,6.757125130993,-37.9476878485169));
#13554=CARTESIAN_POINT('',(-8.99999999999998,10.4937229648895,-12.9659669046998));
#13555=CARTESIAN_POINT('',(-8.99999999999998,6.46129424127005,-39.9255203748268));
#13556=CARTESIAN_POINT('Origin',(-8.99999999999998,6.62193842845532,-38.9385079913566));
#13557=CARTESIAN_POINT('',(-8.99999999999998,6.38730588809839,-40.4201832939292));
#13558=CARTESIAN_POINT('',(-8.99999999999998,10.4937229648895,-12.9659669046998));
#13559=CARTESIAN_POINT('',(-8.99999999999998,6.09147499837544,-42.3980158202392));
#13560=CARTESIAN_POINT('Origin',(-8.99999999999998,6.25211918556072,-41.411003436769));
#13561=CARTESIAN_POINT('',(-8.99999999999998,6.01748664520378,-42.8926787393416));
#13562=CARTESIAN_POINT('',(-8.99999999999998,10.4937229648895,-12.9659669046998));
#13563=CARTESIAN_POINT('',(-8.99999999999998,5.72165575548084,-44.8705112656516));
#13564=CARTESIAN_POINT('Origin',(-8.99999999999998,5.88229994266612,-43.8834988821813));
#13565=CARTESIAN_POINT('',(-8.99999999999998,5.64766740230919,-45.3651741847539));
#13566=CARTESIAN_POINT('',(-8.99999999999998,10.4937229648895,-12.9659669046998));
#13567=CARTESIAN_POINT('',(-8.99999999999998,5.35183651258624,-47.3430067110639));
#13568=CARTESIAN_POINT('Origin',(-8.99999999999998,5.51248069977152,-46.3559943275937));
#13569=CARTESIAN_POINT('',(-8.99999999999998,5.27784815941458,-47.8376696301663));
#13570=CARTESIAN_POINT('',(-8.99999999999998,10.4937229648895,-12.9659669046998));
#13571=CARTESIAN_POINT('',(-8.99999999999998,4.98201726969163,-49.8155021564763));
#13572=CARTESIAN_POINT('Origin',(-8.99999999999998,5.14266145687691,-48.828489773006));
#13573=CARTESIAN_POINT('',(-8.99999999999998,4.90802891651998,-50.3101650755787));
#13574=CARTESIAN_POINT('',(-8.99999999999998,10.4937229648895,-12.9659669046998));
#13575=CARTESIAN_POINT('',(-8.99999999999998,4.61219802679703,-52.2879976018886));
#13576=CARTESIAN_POINT('Origin',(-8.99999999999998,4.77284221398231,-51.3009852184184));
#13577=CARTESIAN_POINT('',(-8.99999999999998,4.53820967362538,-52.782660520991));
#13578=CARTESIAN_POINT('',(-8.99999999999998,10.4937229648895,-12.9659669046998));
#13579=CARTESIAN_POINT('',(-8.99999999999998,4.24237878390243,-54.760493047301));
#13580=CARTESIAN_POINT('Origin',(-8.99999999999998,4.40302297108771,-53.7734806638308));
#13581=CARTESIAN_POINT('',(-8.99999999999998,4.16839043073077,-55.2551559664034));
#13582=CARTESIAN_POINT('',(-8.99999999999998,10.4937229648895,-12.9659669046998));
#13583=CARTESIAN_POINT('',(-8.99999999999998,3.87255954100782,-57.2329884927134));
#13584=CARTESIAN_POINT('Origin',(-8.99999999999998,4.0332037281931,-56.2459761092431));
#13585=CARTESIAN_POINT('',(-8.99999999999998,3.79857118783617,-57.7276514118157));
#13586=CARTESIAN_POINT('',(-8.99999999999998,10.4937229648895,-12.9659669046998));
#13587=CARTESIAN_POINT('',(-8.99999999999998,3.50274029811322,-59.7054839381257));
#13588=CARTESIAN_POINT('Origin',(-8.99999999999998,3.6633844852985,-58.7184715546555));
#13589=CARTESIAN_POINT('',(-8.99999999999998,3.44848360782331,-60.0682271490385));
#13590=CARTESIAN_POINT('',(-8.99999999999998,10.4937229648895,-12.9659669046998));
#13591=CARTESIAN_POINT('',(-8.99999999999998,0.067003164694639,-59.0150132744267));
#13592=CARTESIAN_POINT('Origin',(1.9399801194764E-14,35.1915923056839,45.256998918584));
#13593=CARTESIAN_POINT('',(10.,39.5101325414532,52.3496389229859));
#13594=CARTESIAN_POINT('Origin',(8.00000000000002,39.5101325414532,52.3496389229859));
#13595=CARTESIAN_POINT('',(9.00000000000002,39.5101325415156,52.3496389230884));
#13596=CARTESIAN_POINT('Origin',(8.00000000000002,39.5101325414532,52.3496389229859));
#13597=CARTESIAN_POINT('',(9.00000000000001,29.8309415661491,36.4528281087505));
#13598=CARTESIAN_POINT('',(9.00000000000001,22.705312337244,24.7499099544024));
#13599=CARTESIAN_POINT('',(10.,29.8309415661491,36.4528281087505));
#13600=CARTESIAN_POINT('',(1.80764513946767E-14,29.8309415661491,36.4528281087505));
#13601=CARTESIAN_POINT('',(10.,22.4188830361425,24.2794871243454));
#13602=CARTESIAN_POINT('Origin',(9.00000000000001,22.245736852021,-3.07995405295715));
#13603=CARTESIAN_POINT('',(9.00000000000001,4.40324440735389,-60.365602023125));
#13604=CARTESIAN_POINT('',(9.00000000000001,22.245736852021,-3.07995405295715));
#13605=CARTESIAN_POINT('',(9.00000000000001,3.44848360782331,-60.0682271490385));
#13606=CARTESIAN_POINT('',(9.00000000000001,4.40324440735389,-60.365602023125));
#13607=CARTESIAN_POINT('',(9.00000000000001,3.50274029811321,-59.7054839381257));
#13608=CARTESIAN_POINT('',(9.00000000000001,10.4423713714229,-13.3092875495828));
#13609=CARTESIAN_POINT('',(9.00000000000001,3.79857118783616,-57.7276514118157));
#13610=CARTESIAN_POINT('Origin',(9.00000000000001,3.66338448529849,-58.7184715546555));
#13611=CARTESIAN_POINT('',(9.00000000000001,3.87255954100782,-57.2329884927134));
#13612=CARTESIAN_POINT('',(9.00000000000001,10.4423713714229,-13.3092875495828));
#13613=CARTESIAN_POINT('',(9.00000000000001,4.16839043073077,-55.2551559664034));
#13614=CARTESIAN_POINT('Origin',(9.00000000000001,4.0332037281931,-56.2459761092431));
#13615=CARTESIAN_POINT('',(9.00000000000001,4.24237878390242,-54.760493047301));
#13616=CARTESIAN_POINT('',(9.00000000000001,10.4423713714229,-13.3092875495828));
#13617=CARTESIAN_POINT('',(9.00000000000001,4.53820967362537,-52.782660520991));
#13618=CARTESIAN_POINT('Origin',(9.00000000000001,4.4030229710877,-53.7734806638308));
#13619=CARTESIAN_POINT('',(9.00000000000001,4.61219802679703,-52.2879976018886));
#13620=CARTESIAN_POINT('',(9.00000000000001,10.4423713714229,-13.3092875495828));
#13621=CARTESIAN_POINT('',(9.00000000000001,4.90802891651997,-50.3101650755787));
#13622=CARTESIAN_POINT('Origin',(9.00000000000001,4.7728422139823,-51.3009852184184));
#13623=CARTESIAN_POINT('',(9.00000000000001,4.98201726969163,-49.8155021564763));
#13624=CARTESIAN_POINT('',(9.00000000000001,10.4423713714229,-13.3092875495828));
#13625=CARTESIAN_POINT('',(9.00000000000001,5.27784815941458,-47.8376696301663));
#13626=CARTESIAN_POINT('Origin',(9.00000000000001,5.1426614568769,-48.828489773006));
#13627=CARTESIAN_POINT('',(9.00000000000001,5.35183651258623,-47.3430067110639));
#13628=CARTESIAN_POINT('',(9.00000000000001,10.4423713714229,-13.3092875495828));
#13629=CARTESIAN_POINT('',(9.00000000000001,5.64766740230918,-45.3651741847539));
#13630=CARTESIAN_POINT('Origin',(9.00000000000001,5.51248069977151,-46.3559943275937));
#13631=CARTESIAN_POINT('',(9.00000000000001,5.72165575548083,-44.8705112656516));
#13632=CARTESIAN_POINT('',(9.00000000000001,10.4423713714229,-13.3092875495828));
#13633=CARTESIAN_POINT('',(9.00000000000001,6.01748664520378,-42.8926787393416));
#13634=CARTESIAN_POINT('Origin',(9.00000000000001,5.88229994266611,-43.8834988821813));
#13635=CARTESIAN_POINT('',(9.00000000000001,6.09147499837544,-42.3980158202392));
#13636=CARTESIAN_POINT('',(9.00000000000001,10.4423713714229,-13.3092875495828));
#13637=CARTESIAN_POINT('',(9.00000000000001,6.38730588809839,-40.4201832939292));
#13638=CARTESIAN_POINT('Origin',(9.00000000000001,6.25211918556072,-41.411003436769));
#13639=CARTESIAN_POINT('',(9.00000000000001,6.46129424127004,-39.9255203748268));
#13640=CARTESIAN_POINT('',(9.00000000000001,10.4423713714229,-13.3092875495828));
#13641=CARTESIAN_POINT('',(9.00000000000001,6.75712513099299,-37.9476878485169));
#13642=CARTESIAN_POINT('Origin',(9.00000000000001,6.62193842845532,-38.9385079913566));
#13643=CARTESIAN_POINT('',(9.00000000000001,6.83111348416464,-37.4530249294145));
#13644=CARTESIAN_POINT('',(9.00000000000001,10.4423713714229,-13.3092875495828));
#13645=CARTESIAN_POINT('',(9.00000000000001,7.37758382578302,-35.5434410427233));
#13646=CARTESIAN_POINT('Origin',(9.00000000000001,6.99175767134992,-36.4660125459443));
#13647=CARTESIAN_POINT('',(9.00000000000001,7.55473146801909,-34.9746854440674));
#13648=CARTESIAN_POINT('',(9.00000000000001,17.9094956093618,-1.72936530425882));
#13649=CARTESIAN_POINT('',(9.00000000000001,8.07771975892515,-33.2955633585026));
#13650=CARTESIAN_POINT('Origin',(9.00000000000001,7.36157691424453,-33.9935171005319));
#13651=CARTESIAN_POINT('',(9.00000000000001,8.39835754991968,-32.2661139316466));
#13652=CARTESIAN_POINT('',(9.00000000000001,17.9094956093618,-1.72936530425882));
#13653=CARTESIAN_POINT('',(9.00000000000001,8.70349232465843,-31.2864389594784));
#13654=CARTESIAN_POINT('Origin',(9.00000000000001,7.73139615713913,-31.5210216551195));
#13655=CARTESIAN_POINT('',(9.00000000000001,23.5910260826461,16.5119289338467));
#13656=CARTESIAN_POINT('',(9.00000000000001,17.9094956093618,-1.72936530425882));
#13657=CARTESIAN_POINT('',(9.00000000000001,23.617477076322,16.5036903667441));
#13658=CARTESIAN_POINT('',(9.00000000000001,25.7723722008137,15.8325152759462));
#13659=CARTESIAN_POINT('',(9.00000000000001,28.638418624816,32.6240777463552));
#13660=CARTESIAN_POINT('Origin',(8.00000000000002,22.2457368519933,-3.07995405294849));
#13661=CARTESIAN_POINT('',(8.00000000002912,5.3580052068289,-60.6629768971941));
#13662=CARTESIAN_POINT('',(8.00000000002912,23.2004976514961,-3.37732892702628));
#13663=CARTESIAN_POINT('Origin',(8.00000000000001,4.40324440732611,-60.3656020231163));
#13664=CARTESIAN_POINT('Origin',(1.24382871288283E-14,6.99175767134992,
-36.4660125459443));
#13665=CARTESIAN_POINT('',(10.,6.83111348416465,-37.4530249294145));
#13666=CARTESIAN_POINT('',(1.23986299186637E-14,6.83111348416465,-37.4530249294145));
#13667=CARTESIAN_POINT('',(10.,7.37758382578302,-35.5434410427233));
#13668=CARTESIAN_POINT('Origin',(10.,6.99175767134992,-36.4660125459443));
#13669=CARTESIAN_POINT('',(9.98308089516819,7.12694437388759,-35.4751924031045));
#13670=CARTESIAN_POINT('Ctrl Pts',(9.98308089516819,7.12694437388759,-35.4751924031045));
#13671=CARTESIAN_POINT('Ctrl Pts',(9.99032855218461,7.18256947335074,-35.4827818468891));
#13672=CARTESIAN_POINT('Ctrl Pts',(9.99522327261029,7.23708737405091,-35.4950414806947));
#13673=CARTESIAN_POINT('Ctrl Pts',(9.9992462712364,7.31870126121277,-35.5204613758458));
#13674=CARTESIAN_POINT('Ctrl Pts',(10.,7.34828777526987,-35.5311892199973));
#13675=CARTESIAN_POINT('Ctrl Pts',(10.,7.37758382578303,-35.5434410427233));
#13676=CARTESIAN_POINT('',(8.96571726544629,7.12694437388759,-35.4751924031045));
#13677=CARTESIAN_POINT('',(1.24716598114502E-14,7.1269443738876,-35.4751924031045));
#13678=CARTESIAN_POINT('Ctrl Pts',(9.00000000000001,7.37758382578303,-35.5434410427233));
#13679=CARTESIAN_POINT('Ctrl Pts',(9.00000000000001,7.31192259544766,-35.5159810356591));
#13680=CARTESIAN_POINT('Ctrl Pts',(8.99223780561147,7.2420343705737,-35.4952418298876));
#13681=CARTESIAN_POINT('Ctrl Pts',(8.97344792343373,7.15713651206765,-35.4796627758262));
#13682=CARTESIAN_POINT('Ctrl Pts',(8.9697512746591,7.14202153649538,-35.4772495190314));
#13683=CARTESIAN_POINT('Ctrl Pts',(8.96571726544629,7.12694437388759,-35.4751924031045));
#13684=CARTESIAN_POINT('Origin',(1.24382871288283E-14,6.99175767134992,
-36.4660125459443));
#13685=CARTESIAN_POINT('',(-9.99999999999999,6.83111348416465,-37.4530249294145));
#13686=CARTESIAN_POINT('',(1.23986299186637E-14,6.83111348416465,-37.4530249294145));
#13687=CARTESIAN_POINT('',(-8.96571726544626,7.1269443738876,-35.4751924031045));
#13688=CARTESIAN_POINT('Ctrl Pts',(-8.96571726544626,7.1269443738876,-35.4751924031045));
#13689=CARTESIAN_POINT('Ctrl Pts',(-8.96975127465907,7.14202153649538,-35.4772495190314));
#13690=CARTESIAN_POINT('Ctrl Pts',(-8.9734479234337,7.15713651206765,-35.4796627758262));
#13691=CARTESIAN_POINT('Ctrl Pts',(-8.99223780561145,7.2420343705737,-35.4952418298876));
#13692=CARTESIAN_POINT('Ctrl Pts',(-8.99999999999999,7.31192259544766,-35.5159810356591));
#13693=CARTESIAN_POINT('Ctrl Pts',(-8.99999999999999,7.37758382578303,-35.5434410427233));
#13694=CARTESIAN_POINT('',(-9.98308089516817,7.1269443738876,-35.4751924031045));
#13695=CARTESIAN_POINT('',(1.24716598114502E-14,7.1269443738876,-35.4751924031045));
#13696=CARTESIAN_POINT('',(-9.99999999999999,7.37758382578303,-35.5434410427233));
#13697=CARTESIAN_POINT('Ctrl Pts',(-9.99999999999999,7.37758382578303,-35.5434410427233));
#13698=CARTESIAN_POINT('Ctrl Pts',(-9.99999999999999,7.34828777534816,-35.53118922003));
#13699=CARTESIAN_POINT('Ctrl Pts',(-9.99924627124218,7.31870126133048,-35.5204613758825));
#13700=CARTESIAN_POINT('Ctrl Pts',(-9.99522327261026,7.23708737405091,-35.4950414806947));
#13701=CARTESIAN_POINT('Ctrl Pts',(-9.99032855218458,7.18256947335074,-35.4827818468891));
#13702=CARTESIAN_POINT('Ctrl Pts',(-9.98308089516817,7.1269443738876,-35.4751924031045));
#13703=CARTESIAN_POINT('Origin',(-9.99999999999999,6.99175767134993,-36.4660125459443));
#13704=CARTESIAN_POINT('Origin',(1.20731074184296E-14,5.51248069977151,
-46.3559943275937));
#13705=CARTESIAN_POINT('',(10.,5.35183651258623,-47.3430067110639));
#13706=CARTESIAN_POINT('',(1.20334502082649E-14,5.35183651258623,-47.3430067110639));
#13707=CARTESIAN_POINT('',(10.,5.64766740230918,-45.3651741847539));
#13708=CARTESIAN_POINT('Origin',(10.,5.51248069977151,-46.3559943275937));
#13709=CARTESIAN_POINT('',(1.21064801010515E-14,5.64766740230918,-45.3651741847539));
#13710=CARTESIAN_POINT('Origin',(1.20731074184296E-14,5.51248069977151,
-46.3559943275937));
#13711=CARTESIAN_POINT('',(-9.99999999999999,5.35183651258624,-47.3430067110639));
#13712=CARTESIAN_POINT('',(1.20334502082649E-14,5.35183651258623,-47.3430067110639));
#13713=CARTESIAN_POINT('',(-9.99999999999999,5.64766740230919,-45.3651741847539));
#13714=CARTESIAN_POINT('',(1.21064801010515E-14,5.64766740230918,-45.3651741847539));
#13715=CARTESIAN_POINT('Origin',(-9.99999999999999,5.51248069977152,-46.3559943275937));
#13716=CARTESIAN_POINT('Origin',(1.17079277080308E-14,4.0332037281931,-56.2459761092431));
#13717=CARTESIAN_POINT('',(10.,3.87255954100782,-57.2329884927134));
#13718=CARTESIAN_POINT('',(1.16682704978662E-14,3.87255954100782,-57.2329884927134));
#13719=CARTESIAN_POINT('',(10.,4.16839043073077,-55.2551559664034));
#13720=CARTESIAN_POINT('Origin',(10.,4.0332037281931,-56.2459761092431));
#13721=CARTESIAN_POINT('',(1.17413003906528E-14,4.16839043073077,-55.2551559664034));
#13722=CARTESIAN_POINT('Origin',(1.17079277080308E-14,4.0332037281931,-56.2459761092431));
#13723=CARTESIAN_POINT('',(-9.99999999999999,3.87255954100783,-57.2329884927134));
#13724=CARTESIAN_POINT('',(1.16682704978662E-14,3.87255954100782,-57.2329884927134));
#13725=CARTESIAN_POINT('',(-9.99999999999999,4.16839043073077,-55.2551559664034));
#13726=CARTESIAN_POINT('',(1.17413003906528E-14,4.16839043073077,-55.2551559664034));
#13727=CARTESIAN_POINT('Origin',(-9.99999999999999,4.0332037281931,-56.2459761092431));
#13728=CARTESIAN_POINT('Origin',(1.27121719116273E-14,8.10121540003374,
-29.0485262097072));
#13729=CARTESIAN_POINT('',(-8.70710678118654,8.86204062257565,-28.3995693692747));
#13730=CARTESIAN_POINT('',(-8.70710678118654,8.35897222815731,-30.0147360303754));
#13731=CARTESIAN_POINT('Ctrl Pts',(-8.70710678118654,8.86204062257565,-28.3995693692747));
#13732=CARTESIAN_POINT('Ctrl Pts',(-8.71230556024703,8.86602925861509,-28.4042455737822));
#13733=CARTESIAN_POINT('Ctrl Pts',(-8.7174088383006,8.87001269277333,-28.4090030286133));
#13734=CARTESIAN_POINT('Ctrl Pts',(-8.79504796986211,8.93161130159114,-28.4840031452617));
#13735=CARTESIAN_POINT('Ctrl Pts',(-8.85679036763166,8.99710947630251,-28.5906113848055));
#13736=CARTESIAN_POINT('Ctrl Pts',(-8.92350507081039,9.07257335004285,-28.7898882436212));
#13737=CARTESIAN_POINT('Ctrl Pts',(-8.94351032556731,9.09684960706118,-28.9015416897642));
#13738=CARTESIAN_POINT('Ctrl Pts',(-8.96669920825176,9.10445828308707,-29.1285004412512));
#13739=CARTESIAN_POINT('Ctrl Pts',(-8.97064184846956,9.08779980496491,-29.2437272499798));
#13740=CARTESIAN_POINT('Ctrl Pts',(-8.97064184846956,9.02415259410816,-29.4480749175901));
#13741=CARTESIAN_POINT('Ctrl Pts',(-8.96669920825176,8.97243397069596,-29.5523817070886));
#13742=CARTESIAN_POINT('Ctrl Pts',(-8.94351032556731,8.83729388532572,-29.7348791705053));
#13743=CARTESIAN_POINT('Ctrl Pts',(-8.92350507081039,8.75390950427612,-29.8130000619966));
#13744=CARTESIAN_POINT('Ctrl Pts',(-8.85679036763166,8.57863432747761,-29.9341804032142));
#13745=CARTESIAN_POINT('Ctrl Pts',(-8.79504796986211,8.46418357580403,-29.9847407935458));
#13746=CARTESIAN_POINT('Ctrl Pts',(-8.7174088383006,8.3708911735179,-30.0114977324823));
#13747=CARTESIAN_POINT('Ctrl Pts',(-8.71230556024703,8.36491077302235,-30.0131517984049));
#13748=CARTESIAN_POINT('Ctrl Pts',(-8.70710678118653,8.35897222815731,-30.0147360303754));
#13749=CARTESIAN_POINT('',(-8.0857864376269,8.31351800393618,-28.071322236948));
#13750=CARTESIAN_POINT('Origin',(-8.17368414213605,8.10121540003374,-29.0485262097072));
#13751=CARTESIAN_POINT('',(-8.01215986389727,8.23640210257141,-28.0577060668674));
#13752=CARTESIAN_POINT('Ctrl Pts',(-8.01215986389727,8.23640210257141,-28.0577060668674));
#13753=CARTESIAN_POINT('Ctrl Pts',(-8.03624606405823,8.26334066997744,-28.0613815433149));
#13754=CARTESIAN_POINT('Ctrl Pts',(-8.06094577606341,8.28914929182631,-28.0660280085383));
#13755=CARTESIAN_POINT('Ctrl Pts',(-8.08578643762693,8.31351800393615,-28.071322236948));
#13756=CARTESIAN_POINT('',(-9.42227740899467,8.23640210257141,-28.0577060668674));
#13757=CARTESIAN_POINT('',(1.27455445942493E-14,8.23640210257141,-28.0577060668674));
#13758=CARTESIAN_POINT('',(-9.67007009555589,7.94057121284846,-30.0355385931774));
#13759=CARTESIAN_POINT('Ctrl Pts',(-9.67007009555589,7.94057121284846,-30.0355385931774));
#13760=CARTESIAN_POINT('Ctrl Pts',(-9.71587902581262,8.00987647535097,-30.0468185808947));
#13761=CARTESIAN_POINT('Ctrl Pts',(-9.75591879782133,8.08246220804242,-30.0508704647942));
#13762=CARTESIAN_POINT('Ctrl Pts',(-9.8317582840398,8.24411231925005,-30.0424235629549));
#13763=CARTESIAN_POINT('Ctrl Pts',(-9.86892734260594,8.34531766323126,-30.0238322264404));
#13764=CARTESIAN_POINT('Ctrl Pts',(-9.92428909910996,8.54071610943838,-29.9527645462281));
#13765=CARTESIAN_POINT('Ctrl Pts',(-9.94294062470525,8.63473081101025,-29.9001560362469));
#13766=CARTESIAN_POINT('Ctrl Pts',(-9.96707080388579,8.78946125845364,-29.7803455076224));
#13767=CARTESIAN_POINT('Ctrl Pts',(-9.97478601583057,8.86289038784065,-29.7047975979261));
#13768=CARTESIAN_POINT('Ctrl Pts',(-9.9838627619438,8.98174903809504,-29.533811140346));
#13769=CARTESIAN_POINT('Ctrl Pts',(-9.98548371889582,9.02717169745211,-29.4383816927291));
#13770=CARTESIAN_POINT('Ctrl Pts',(-9.98548371889582,9.08478070162096,-29.2534204748408));
#13771=CARTESIAN_POINT('Ctrl Pts',(-9.9838627619438,9.10158067367173,-29.1490760528786));
#13772=CARTESIAN_POINT('Ctrl Pts',(-9.97478601583057,9.10083738635806,-28.9408377400251));
#13773=CARTESIAN_POINT('Ctrl Pts',(-9.96707080388579,9.08329460742265,-28.8369552361603));
#13774=CARTESIAN_POINT('Ctrl Pts',(-9.94294062470525,9.02396400808336,-28.6504721159661));
#13775=CARTESIAN_POINT('Ctrl Pts',(-9.92428909910996,8.97645050137204,-28.5537824778755));
#13776=CARTESIAN_POINT('Ctrl Pts',(-9.86892734260594,8.8559662716278,-28.3843283001936));
#13777=CARTESIAN_POINT('Ctrl Pts',(-9.8317582840398,8.78321744645877,-28.3115562734232));
#13778=CARTESIAN_POINT('Ctrl Pts',(-9.74139978238926,8.63039858994846,-28.1939071862182));
#13779=CARTESIAN_POINT('Ctrl Pts',(-9.67931755804988,8.53763388855548,-28.143500846526));
#13780=CARTESIAN_POINT('Ctrl Pts',(-9.54993882713103,8.37348479723596,-28.0832100666506));
#13781=CARTESIAN_POINT('Ctrl Pts',(-9.48654223974408,8.30171085547399,-28.0666167405306));
#13782=CARTESIAN_POINT('Ctrl Pts',(-9.42227740899467,8.23640210257141,-28.0577060668674));
#13783=CARTESIAN_POINT('',(-8.31382005279123,7.94057121284846,-30.0355385931774));
#13784=CARTESIAN_POINT('',(1.26725147014627E-14,7.94057121284846,-30.0355385931774));
#13785=CARTESIAN_POINT('Origin',(-8.17368414213605,8.10121540003374,-29.0485262097072));
#13786=CARTESIAN_POINT('Origin',(1.27121719116273E-14,8.10121540003374,
-29.0485262097072));
#13787=CARTESIAN_POINT('',(9.67007009555592,7.94057121284845,-30.0355385931774));
#13788=CARTESIAN_POINT('',(8.31382005279125,7.94057121284846,-30.0355385931774));
#13789=CARTESIAN_POINT('',(1.26725147014627E-14,7.94057121284846,-30.0355385931774));
#13790=CARTESIAN_POINT('',(9.4222774089947,8.2364021025714,-28.0577060668674));
#13791=CARTESIAN_POINT('Ctrl Pts',(9.4222774089947,8.2364021025714,-28.0577060668674));
#13792=CARTESIAN_POINT('Ctrl Pts',(9.4865422397441,8.30171085547399,-28.0666167405306));
#13793=CARTESIAN_POINT('Ctrl Pts',(9.54993882713106,8.37348479723596,-28.0832100666506));
#13794=CARTESIAN_POINT('Ctrl Pts',(9.6793175580499,8.53763388855548,-28.143500846526));
#13795=CARTESIAN_POINT('Ctrl Pts',(9.74139978238929,8.63039858994846,-28.1939071862182));
#13796=CARTESIAN_POINT('Ctrl Pts',(9.83175828403983,8.78321744645877,-28.3115562734232));
#13797=CARTESIAN_POINT('Ctrl Pts',(9.86892734260596,8.8559662716278,-28.3843283001936));
#13798=CARTESIAN_POINT('Ctrl Pts',(9.92428909910998,8.97645050137203,-28.5537824778755));
#13799=CARTESIAN_POINT('Ctrl Pts',(9.94294062470528,9.02396400808336,-28.6504721159661));
#13800=CARTESIAN_POINT('Ctrl Pts',(9.96707080388582,9.08329460742264,-28.8369552361603));
#13801=CARTESIAN_POINT('Ctrl Pts',(9.97478601583059,9.10083738635806,-28.9408377400251));
#13802=CARTESIAN_POINT('Ctrl Pts',(9.98386276194383,9.10158067367172,-29.1490760528786));
#13803=CARTESIAN_POINT('Ctrl Pts',(9.98548371889585,9.08478070162095,-29.2534204748408));
#13804=CARTESIAN_POINT('Ctrl Pts',(9.98548371889585,9.02717169745211,-29.4383816927291));
#13805=CARTESIAN_POINT('Ctrl Pts',(9.98386276194383,8.98174903809504,-29.533811140346));
#13806=CARTESIAN_POINT('Ctrl Pts',(9.97478601583059,8.86289038784064,-29.7047975979261));
#13807=CARTESIAN_POINT('Ctrl Pts',(9.96707080388582,8.78946125845363,-29.7803455076224));
#13808=CARTESIAN_POINT('Ctrl Pts',(9.94294062470528,8.63473081101024,-29.9001560362469));
#13809=CARTESIAN_POINT('Ctrl Pts',(9.92428909910998,8.54071610943837,-29.9527645462281));
#13810=CARTESIAN_POINT('Ctrl Pts',(9.86892734260596,8.34531766323126,-30.0238322264404));
#13811=CARTESIAN_POINT('Ctrl Pts',(9.83175828403983,8.24411231925005,-30.0424235629549));
#13812=CARTESIAN_POINT('Ctrl Pts',(9.75591879782135,8.08246220804241,-30.0508704647942));
#13813=CARTESIAN_POINT('Ctrl Pts',(9.71587902581264,8.00987647535096,-30.0468185808947));
#13814=CARTESIAN_POINT('Ctrl Pts',(9.67007009555592,7.94057121284845,-30.0355385931774));
#13815=CARTESIAN_POINT('',(8.0121598638973,8.2364021025714,-28.0577060668674));
#13816=CARTESIAN_POINT('',(1.27455445942493E-14,8.23640210257141,-28.0577060668674));
#13817=CARTESIAN_POINT('',(8.08578643762693,8.31351800393617,-28.071322236948));
#13818=CARTESIAN_POINT('Ctrl Pts',(8.08578643762696,8.31351800393614,-28.071322236948));
#13819=CARTESIAN_POINT('Ctrl Pts',(8.06096909247119,8.28917216524401,-28.0660329779063));
#13820=CARTESIAN_POINT('Ctrl Pts',(8.03624070085517,8.26333467164615,-28.0613807249074));
#13821=CARTESIAN_POINT('Ctrl Pts',(8.0121598638973,8.2364021025714,-28.0577060668674));
#13822=CARTESIAN_POINT('',(8.70710678118656,8.86204062257564,-28.3995693692747));
#13823=CARTESIAN_POINT('Origin',(8.17368414213607,8.10121540003373,-29.0485262097072));
#13824=CARTESIAN_POINT('',(8.70710678118656,8.3589722281573,-30.0147360303754));
#13825=CARTESIAN_POINT('Ctrl Pts',(8.70710678118656,8.35897222815731,-30.0147360303754));
#13826=CARTESIAN_POINT('Ctrl Pts',(8.71230556024706,8.36491077302234,-30.0131517984049));
#13827=CARTESIAN_POINT('Ctrl Pts',(8.71740883830063,8.3708911735179,-30.0114977324823));
#13828=CARTESIAN_POINT('Ctrl Pts',(8.79504796986214,8.46418357580403,-29.9847407935458));
#13829=CARTESIAN_POINT('Ctrl Pts',(8.85679036763169,8.57863432747761,-29.9341804032142));
#13830=CARTESIAN_POINT('Ctrl Pts',(8.92350507081041,8.75390950427612,-29.8130000619966));
#13831=CARTESIAN_POINT('Ctrl Pts',(8.94351032556733,8.83729388532572,-29.7348791705053));
#13832=CARTESIAN_POINT('Ctrl Pts',(8.96669920825178,8.97243397069595,-29.5523817070886));
#13833=CARTESIAN_POINT('Ctrl Pts',(8.97064184846959,9.02415259410816,-29.4480749175901));
#13834=CARTESIAN_POINT('Ctrl Pts',(8.97064184846959,9.08779980496491,-29.2437272499798));
#13835=CARTESIAN_POINT('Ctrl Pts',(8.96669920825178,9.10445828308706,-29.1285004412512));
#13836=CARTESIAN_POINT('Ctrl Pts',(8.94351032556733,9.09684960706118,-28.9015416897642));
#13837=CARTESIAN_POINT('Ctrl Pts',(8.92350507081041,9.07257335004285,-28.7898882436212));
#13838=CARTESIAN_POINT('Ctrl Pts',(8.85679036763169,8.99710947630251,-28.5906113848055));
#13839=CARTESIAN_POINT('Ctrl Pts',(8.79504796986214,8.93161130159113,-28.4840031452617));
#13840=CARTESIAN_POINT('Ctrl Pts',(8.71740883830063,8.87001269277332,-28.4090030286133));
#13841=CARTESIAN_POINT('Ctrl Pts',(8.71230556024706,8.86602925861509,-28.4042455737822));
#13842=CARTESIAN_POINT('Ctrl Pts',(8.70710678118656,8.86204062257564,-28.3995693692747));
#13843=CARTESIAN_POINT('Origin',(8.17368414213607,8.10121540003373,-29.0485262097072));
#13844=CARTESIAN_POINT('Origin',(1.17992226356305E-14,4.4030229710877,-53.7734806638308));
#13845=CARTESIAN_POINT('',(10.,4.24237878390243,-54.760493047301));
#13846=CARTESIAN_POINT('',(1.17595654254659E-14,4.24237878390243,-54.760493047301));
#13847=CARTESIAN_POINT('',(10.,4.53820967362537,-52.782660520991));
#13848=CARTESIAN_POINT('Origin',(10.,4.4030229710877,-53.7734806638308));
#13849=CARTESIAN_POINT('',(1.18325953182525E-14,4.53820967362538,-52.782660520991));
#13850=CARTESIAN_POINT('Origin',(1.17992226356305E-14,4.4030229710877,-53.7734806638308));
#13851=CARTESIAN_POINT('',(-9.99999999999999,4.24237878390243,-54.760493047301));
#13852=CARTESIAN_POINT('',(1.17595654254659E-14,4.24237878390243,-54.760493047301));
#13853=CARTESIAN_POINT('',(-9.99999999999999,4.53820967362538,-52.782660520991));
#13854=CARTESIAN_POINT('',(1.18325953182525E-14,4.53820967362538,-52.782660520991));
#13855=CARTESIAN_POINT('Origin',(-9.99999999999999,4.40302297108771,-53.7734806638308));
#13856=CARTESIAN_POINT('Origin',(1.21644023460292E-14,5.88229994266611,
-43.8834988821813));
#13857=CARTESIAN_POINT('',(10.,5.72165575548083,-44.8705112656516));
#13858=CARTESIAN_POINT('',(1.21247451358646E-14,5.72165575548084,-44.8705112656516));
#13859=CARTESIAN_POINT('',(10.,6.01748664520378,-42.8926787393416));
#13860=CARTESIAN_POINT('Origin',(10.,5.88229994266611,-43.8834988821813));
#13861=CARTESIAN_POINT('',(1.21977750286512E-14,6.01748664520378,-42.8926787393416));
#13862=CARTESIAN_POINT('Origin',(1.21644023460292E-14,5.88229994266611,
-43.8834988821813));
#13863=CARTESIAN_POINT('',(-9.99999999999999,5.72165575548084,-44.8705112656516));
#13864=CARTESIAN_POINT('',(1.21247451358646E-14,5.72165575548084,-44.8705112656516));
#13865=CARTESIAN_POINT('',(-9.99999999999999,6.01748664520378,-42.8926787393416));
#13866=CARTESIAN_POINT('',(1.21977750286512E-14,6.01748664520378,-42.8926787393416));
#13867=CARTESIAN_POINT('Origin',(-9.99999999999999,5.88229994266612,-43.8834988821813));
#13868=CARTESIAN_POINT('Origin',(1.2529582056428E-14,7.36157691424453,-33.9935171005319));
#13869=CARTESIAN_POINT('',(-8.76690113528382,7.4967636167822,-33.0026969576921));
#13870=CARTESIAN_POINT('Ctrl Pts',(-8.76690113528381,7.4967636167822,-33.0026969576921));
#13871=CARTESIAN_POINT('Ctrl Pts',(-8.80986763641498,7.54834870258545,-33.0097351852658));
#13872=CARTESIAN_POINT('Ctrl Pts',(-8.84804159359285,7.60414655364443,-33.0218589121907));
#13873=CARTESIAN_POINT('Ctrl Pts',(-8.91837847762994,7.72728105295178,-33.059813161491));
#13874=CARTESIAN_POINT('Ctrl Pts',(-8.95184287137458,7.80652109738499,-33.0936187966412));
#13875=CARTESIAN_POINT('Ctrl Pts',(-8.99186230238831,7.95332634887427,-33.183068113784));
#13876=CARTESIAN_POINT('Ctrl Pts',(-8.99999999999999,8.0211965718495,-33.2375671424997));
#13877=CARTESIAN_POINT('Ctrl Pts',(-8.99999999999999,8.07771975892515,-33.2955633585026));
#13878=CARTESIAN_POINT('',(-9.89423793418345,7.4967636167822,-33.0026969576922));
#13879=CARTESIAN_POINT('',(1.25629547390499E-14,7.4967636167822,-33.0026969576921));
#13880=CARTESIAN_POINT('',(-9.99999999999999,8.07771975892515,-33.2955633585026));
#13881=CARTESIAN_POINT('Ctrl Pts',(-9.99999999999999,8.07771975892515,-33.2955633585026));
#13882=CARTESIAN_POINT('Ctrl Pts',(-9.99999999999999,8.05237352111294,-33.2695565821852));
#13883=CARTESIAN_POINT('Ctrl Pts',(-9.99923053875175,8.02552967260366,-33.2448595823117));
#13884=CARTESIAN_POINT('Ctrl Pts',(-9.9915076979922,7.8950778649301,-33.1373744021519));
#13885=CARTESIAN_POINT('Ctrl Pts',(-9.97242446007905,7.77556212721066,-33.0750763770745));
#13886=CARTESIAN_POINT('Ctrl Pts',(-9.92899055874969,7.60640146657832,-33.0223886984636));
#13887=CARTESIAN_POINT('Ctrl Pts',(-9.91283843813429,7.55192231749193,-33.0102227664064));
#13888=CARTESIAN_POINT('Ctrl Pts',(-9.89423793418345,7.4967636167822,-33.0026969576921));
#13889=CARTESIAN_POINT('',(-9.99999999999999,7.5547314680191,-34.9746854440674));
#13890=CARTESIAN_POINT('Origin',(-9.99999999999999,7.36157691424453,-33.9935171005319));
#13891=CARTESIAN_POINT('',(-9.97156456566619,7.20093272705925,-34.9805294840021));
#13892=CARTESIAN_POINT('Ctrl Pts',(-9.97156456566619,7.20093272705925,-34.9805294840021));
#13893=CARTESIAN_POINT('Ctrl Pts',(-9.98514605778466,7.28036136706971,-34.9934571326592));
#13894=CARTESIAN_POINT('Ctrl Pts',(-9.99377094295941,7.36392096722343,-34.9969648018321));
#13895=CARTESIAN_POINT('Ctrl Pts',(-9.99923053875175,7.48298008773037,-34.9867857522007));
#13896=CARTESIAN_POINT('Ctrl Pts',(-9.99999999999999,7.51910027260956,-34.9816998648802));
#13897=CARTESIAN_POINT('Ctrl Pts',(-9.99999999999999,7.5547314680191,-34.9746854440674));
#13898=CARTESIAN_POINT('',(-8.94184225674501,7.20093272705925,-34.9805294840021));
#13899=CARTESIAN_POINT('',(1.24899248462633E-14,7.20093272705925,-34.9805294840021));
#13900=CARTESIAN_POINT('Ctrl Pts',(-8.99999999999999,7.5547314680191,-34.9746854440674));
#13901=CARTESIAN_POINT('Ctrl Pts',(-8.99999999999999,7.47527238857766,-34.9903279004654));
#13902=CARTESIAN_POINT('Ctrl Pts',(-8.99186230238831,7.38845900713856,-34.9966483514592));
#13903=CARTESIAN_POINT('Ctrl Pts',(-8.96412388680806,7.26949543228391,-34.9899018613571));
#13904=CARTESIAN_POINT('Ctrl Pts',(-8.95388472530016,7.23457709153348,-34.9860053743505));
#13905=CARTESIAN_POINT('Ctrl Pts',(-8.94184225674501,7.20093272705925,-34.9805294840021));
#13906=CARTESIAN_POINT('Origin',(1.2529582056428E-14,7.36157691424453,-33.9935171005319));
#13907=CARTESIAN_POINT('',(9.97156456566622,7.20093272705925,-34.9805294840021));
#13908=CARTESIAN_POINT('',(8.94184225674504,7.20093272705925,-34.9805294840021));
#13909=CARTESIAN_POINT('',(1.24899248462633E-14,7.20093272705925,-34.9805294840021));
#13910=CARTESIAN_POINT('',(10.,7.55473146801909,-34.9746854440674));
#13911=CARTESIAN_POINT('Ctrl Pts',(10.,7.55473146801909,-34.9746854440674));
#13912=CARTESIAN_POINT('Ctrl Pts',(10.,7.51910027260956,-34.9816998648802));
#13913=CARTESIAN_POINT('Ctrl Pts',(9.99923053875177,7.48298008773036,-34.9867857522007));
#13914=CARTESIAN_POINT('Ctrl Pts',(9.99377094295943,7.36392096722343,-34.9969648018321));
#13915=CARTESIAN_POINT('Ctrl Pts',(9.98514605778468,7.28036136706971,-34.9934571326592));
#13916=CARTESIAN_POINT('Ctrl Pts',(9.97156456566621,7.20093272705925,-34.9805294840021));
#13917=CARTESIAN_POINT('',(10.,8.07771975892515,-33.2955633585026));
#13918=CARTESIAN_POINT('Origin',(10.,7.36157691424453,-33.9935171005319));
#13919=CARTESIAN_POINT('',(9.89423793418347,7.4967636167822,-33.0026969576922));
#13920=CARTESIAN_POINT('Ctrl Pts',(9.89423793418347,7.4967636167822,-33.0026969576921));
#13921=CARTESIAN_POINT('Ctrl Pts',(9.91283843813431,7.55192231749192,-33.0102227664064));
#13922=CARTESIAN_POINT('Ctrl Pts',(9.92899055874971,7.60640146657832,-33.0223886984636));
#13923=CARTESIAN_POINT('Ctrl Pts',(9.97242446007908,7.77556212721065,-33.0750763770745));
#13924=CARTESIAN_POINT('Ctrl Pts',(9.99150769799223,7.8950778649301,-33.1373744021519));
#13925=CARTESIAN_POINT('Ctrl Pts',(9.99923053875178,8.02552967260366,-33.2448595823117));
#13926=CARTESIAN_POINT('Ctrl Pts',(10.,8.05237352111294,-33.2695565821852));
#13927=CARTESIAN_POINT('Ctrl Pts',(10.,8.07771975892515,-33.2955633585026));
#13928=CARTESIAN_POINT('',(8.76690113528384,7.4967636167822,-33.0026969576921));
#13929=CARTESIAN_POINT('',(1.25629547390499E-14,7.4967636167822,-33.0026969576921));
#13930=CARTESIAN_POINT('Ctrl Pts',(9.00000000000001,8.07771975892515,-33.2955633585026));
#13931=CARTESIAN_POINT('Ctrl Pts',(9.00000000000001,8.0211965718495,-33.2375671424997));
#13932=CARTESIAN_POINT('Ctrl Pts',(8.99186230238834,7.95332634887427,-33.183068113784));
#13933=CARTESIAN_POINT('Ctrl Pts',(8.95184287137461,7.80652109738499,-33.0936187966412));
#13934=CARTESIAN_POINT('Ctrl Pts',(8.91837847762997,7.72728105295177,-33.059813161491));
#13935=CARTESIAN_POINT('Ctrl Pts',(8.84804159359287,7.60414655364443,-33.0218589121907));
#13936=CARTESIAN_POINT('Ctrl Pts',(8.80986763641501,7.54834870258545,-33.0097351852658));
#13937=CARTESIAN_POINT('Ctrl Pts',(8.76690113528384,7.4967636167822,-33.0026969576921));
#13938=CARTESIAN_POINT('Ctrl Pts',(8.94184225674503,7.20093272705925,-34.9805294840021));
#13939=CARTESIAN_POINT('Ctrl Pts',(8.95388472530018,7.23457709153347,-34.9860053743505));
#13940=CARTESIAN_POINT('Ctrl Pts',(8.96412388680809,7.2694954322839,-34.9899018613571));
#13941=CARTESIAN_POINT('Ctrl Pts',(8.99186230238834,7.38845900713856,-34.9966483514592));
#13942=CARTESIAN_POINT('Ctrl Pts',(9.00000000000001,7.47527238857765,-34.9903279004654));
#13943=CARTESIAN_POINT('Ctrl Pts',(9.00000000000001,7.55473146801909,-34.9746854440674));
#13944=CARTESIAN_POINT('Origin',(1.23469922012286E-14,6.62193842845532,
-38.9385079913566));
#13945=CARTESIAN_POINT('',(10.,6.46129424127004,-39.9255203748268));
#13946=CARTESIAN_POINT('',(1.2307334991064E-14,6.46129424127005,-39.9255203748268));
#13947=CARTESIAN_POINT('',(10.,6.75712513099299,-37.9476878485169));
#13948=CARTESIAN_POINT('Origin',(10.,6.62193842845532,-38.9385079913566));
#13949=CARTESIAN_POINT('',(1.23803648838506E-14,6.75712513099299,-37.9476878485169));
#13950=CARTESIAN_POINT('Origin',(1.23469922012286E-14,6.62193842845532,
-38.9385079913566));
#13951=CARTESIAN_POINT('',(-9.99999999999999,6.46129424127005,-39.9255203748268));
#13952=CARTESIAN_POINT('',(1.2307334991064E-14,6.46129424127005,-39.9255203748268));
#13953=CARTESIAN_POINT('',(-9.99999999999999,6.75712513099299,-37.9476878485169));
#13954=CARTESIAN_POINT('',(1.23803648838506E-14,6.75712513099299,-37.9476878485169));
#13955=CARTESIAN_POINT('Origin',(-9.99999999999999,6.62193842845532,-38.9385079913566));
#13956=CARTESIAN_POINT('Origin',(1.19818124908299E-14,5.14266145687691,
-48.828489773006));
#13957=CARTESIAN_POINT('',(10.,4.98201726969163,-49.8155021564763));
#13958=CARTESIAN_POINT('',(1.19421552806653E-14,4.98201726969163,-49.8155021564763));
#13959=CARTESIAN_POINT('',(10.,5.27784815941458,-47.8376696301663));
#13960=CARTESIAN_POINT('Origin',(10.,5.1426614568769,-48.828489773006));
#13961=CARTESIAN_POINT('',(1.20151851734518E-14,5.27784815941458,-47.8376696301663));
#13962=CARTESIAN_POINT('Origin',(1.19818124908299E-14,5.14266145687691,
-48.828489773006));
#13963=CARTESIAN_POINT('',(-9.99999999999999,4.98201726969163,-49.8155021564763));
#13964=CARTESIAN_POINT('',(1.19421552806653E-14,4.98201726969163,-49.8155021564763));
#13965=CARTESIAN_POINT('',(-9.99999999999999,5.27784815941458,-47.8376696301663));
#13966=CARTESIAN_POINT('',(1.20151851734518E-14,5.27784815941458,-47.8376696301663));
#13967=CARTESIAN_POINT('Origin',(-9.99999999999999,5.14266145687691,-48.828489773006));
#13968=CARTESIAN_POINT('Origin',(1.16166327804312E-14,3.6633844852985,-58.7184715546555));
#13969=CARTESIAN_POINT('',(10.,3.50274029811322,-59.7054839381257));
#13970=CARTESIAN_POINT('',(1.15769755702665E-14,3.50274029811322,-59.7054839381257));
#13971=CARTESIAN_POINT('',(10.,3.79857118783617,-57.7276514118157));
#13972=CARTESIAN_POINT('Origin',(10.,3.66338448529849,-58.7184715546555));
#13973=CARTESIAN_POINT('',(1.16500054630531E-14,3.79857118783617,-57.7276514118157));
#13974=CARTESIAN_POINT('Origin',(1.16166327804312E-14,3.6633844852985,-58.7184715546555));
#13975=CARTESIAN_POINT('',(-9.99999999999999,3.50274029811322,-59.7054839381257));
#13976=CARTESIAN_POINT('',(1.15769755702665E-14,3.50274029811322,-59.7054839381257));
#13977=CARTESIAN_POINT('',(-9.99999999999999,3.79857118783617,-57.7276514118157));
#13978=CARTESIAN_POINT('',(1.16500054630531E-14,3.79857118783617,-57.7276514118157));
#13979=CARTESIAN_POINT('Origin',(-9.99999999999999,3.6633844852985,-58.7184715546555));
#13980=CARTESIAN_POINT('Origin',(1.37628056915926E-14,12.3571428571429,
-3.33066907387547E-15));
#13981=CARTESIAN_POINT('',(-7.50000000000001,14.7440448558998,-0.743437185194468));
#13982=CARTESIAN_POINT('Origin',(-7.50000000000001,12.3571428571429,-3.33066907387547E-15));
#13983=CARTESIAN_POINT('',(-8.5,14.7440448558998,-0.743437185194468));
#13984=CARTESIAN_POINT('',(1.4352045027703E-14,14.7440448558998,-0.743437185194468));
#13985=CARTESIAN_POINT('Origin',(-8.5,12.3571428571429,-3.33066907387547E-15));
#13986=CARTESIAN_POINT('Origin',(1.37628056915926E-14,12.3571428571429,
-3.33066907387547E-15));
#13987=CARTESIAN_POINT('',(8.50000000000003,14.7440448558998,-0.743437185194468));
#13988=CARTESIAN_POINT('Origin',(8.50000000000003,12.3571428571429,-3.33066907387547E-15));
#13989=CARTESIAN_POINT('',(7.50000000000002,14.7440448558998,-0.743437185194468));
#13990=CARTESIAN_POINT('',(1.4352045027703E-14,14.7440448558998,-0.743437185194468));
#13991=CARTESIAN_POINT('Origin',(7.50000000000002,12.3571428571429,-3.33066907387547E-15));
#13992=CARTESIAN_POINT('Origin',(1.18905175632302E-14,4.77284221398231,
-51.3009852184184));
#13993=CARTESIAN_POINT('',(10.,4.61219802679703,-52.2879976018886));
#13994=CARTESIAN_POINT('',(1.18508603530656E-14,4.61219802679703,-52.2879976018886));
#13995=CARTESIAN_POINT('',(10.,4.90802891651997,-50.3101650755787));
#13996=CARTESIAN_POINT('Origin',(10.,4.7728422139823,-51.3009852184184));
#13997=CARTESIAN_POINT('',(1.19238902458522E-14,4.90802891651998,-50.3101650755787));
#13998=CARTESIAN_POINT('Origin',(1.18905175632302E-14,4.77284221398231,
-51.3009852184184));
#13999=CARTESIAN_POINT('',(-9.99999999999999,4.61219802679703,-52.2879976018886));
#14000=CARTESIAN_POINT('',(1.18508603530656E-14,4.61219802679703,-52.2879976018886));
#14001=CARTESIAN_POINT('',(-9.99999999999999,4.90802891651998,-50.3101650755787));
#14002=CARTESIAN_POINT('',(1.19238902458522E-14,4.90802891651998,-50.3101650755787));
#14003=CARTESIAN_POINT('Origin',(-9.99999999999999,4.77284221398231,-51.3009852184184));
#14004=CARTESIAN_POINT('Origin',(1.22556972736289E-14,6.25211918556072,
-41.411003436769));
#14005=CARTESIAN_POINT('',(10.,6.09147499837544,-42.3980158202392));
#14006=CARTESIAN_POINT('',(1.22160400634643E-14,6.09147499837544,-42.3980158202392));
#14007=CARTESIAN_POINT('',(10.,6.38730588809839,-40.4201832939292));
#14008=CARTESIAN_POINT('Origin',(10.,6.25211918556072,-41.411003436769));
#14009=CARTESIAN_POINT('',(1.22890699562509E-14,6.38730588809839,-40.4201832939292));
#14010=CARTESIAN_POINT('Origin',(1.22556972736289E-14,6.25211918556072,
-41.411003436769));
#14011=CARTESIAN_POINT('',(-9.99999999999999,6.09147499837544,-42.3980158202392));
#14012=CARTESIAN_POINT('',(1.22160400634643E-14,6.09147499837544,-42.3980158202392));
#14013=CARTESIAN_POINT('',(-9.99999999999999,6.38730588809839,-40.4201832939292));
#14014=CARTESIAN_POINT('',(1.22890699562509E-14,6.38730588809839,-40.4201832939292));
#14015=CARTESIAN_POINT('Origin',(-9.99999999999999,6.25211918556072,-41.411003436769));
#14016=CARTESIAN_POINT('Origin',(1.26208769840276E-14,7.73139615713913,
-31.5210216551195));
#14017=CARTESIAN_POINT('',(-8.70710678118654,8.16976067824708,-30.62222437729));
#14018=CARTESIAN_POINT('Ctrl Pts',(-8.70710678118653,8.16976067824708,-30.62222437729));
#14019=CARTESIAN_POINT('Ctrl Pts',(-8.75160594611223,8.21022191297929,-30.6419582708212));
#14020=CARTESIAN_POINT('Ctrl Pts',(-8.79123879532164,8.25304689931385,-30.6662651386254));
#14021=CARTESIAN_POINT('Ctrl Pts',(-8.86408021949243,8.34498913767882,-30.7291847378126));
#14022=CARTESIAN_POINT('Ctrl Pts',(-8.8986840013373,8.39860711126029,-30.7727052087897));
#14023=CARTESIAN_POINT('Ctrl Pts',(-8.95061104595539,8.49860530377168,-30.8756240079015));
#14024=CARTESIAN_POINT('Ctrl Pts',(-8.96817408273332,8.54477368216133,-30.9351069224776));
#14025=CARTESIAN_POINT('Ctrl Pts',(-8.99516620218986,8.63539657904917,-31.0814299025225));
#14026=CARTESIAN_POINT('Ctrl Pts',(-8.99999999999999,8.67811145339896,-31.1812622003308));
#14027=CARTESIAN_POINT('Ctrl Pts',(-8.99999999999999,8.70349232465844,-31.2864389594784));
#14028=CARTESIAN_POINT('',(-8.39027919684218,7.8665828596768,-30.5302015122798));
#14029=CARTESIAN_POINT('Origin',(-8.55585324785588,7.73139615713913,-31.5210216551195));
#14030=CARTESIAN_POINT('',(-9.71801001600246,7.86658285967681,-30.5302015122798));
#14031=CARTESIAN_POINT('',(1.26542496666496E-14,7.8665828596768,-30.5302015122798));
#14032=CARTESIAN_POINT('',(-9.99999999999999,8.70349232465844,-31.2864389594784));
#14033=CARTESIAN_POINT('Ctrl Pts',(-9.99999999999999,8.70349232465844,-31.2864389594784));
#14034=CARTESIAN_POINT('Ctrl Pts',(-9.99999999999999,8.6835376076221,-31.2037478474936));
#14035=CARTESIAN_POINT('Ctrl Pts',(-9.99850462789387,8.65303980173635,-31.1247006543854));
#14036=CARTESIAN_POINT('Ctrl Pts',(-9.98702299710838,8.55467457310228,-30.9387396282435));
#14037=CARTESIAN_POINT('Ctrl Pts',(-9.9711346920098,8.46659494687205,-30.8301389713017));
#14038=CARTESIAN_POINT('Ctrl Pts',(-9.90906553721034,8.25952481477395,-30.6614193307133));
#14039=CARTESIAN_POINT('Ctrl Pts',(-9.86221450731049,8.14084396479632,-30.601167687284));
#14040=CARTESIAN_POINT('Ctrl Pts',(-9.77991565736703,7.97547967463569,-30.5496624464015));
#14041=CARTESIAN_POINT('Ctrl Pts',(-9.75032556894756,7.92105772371076,-30.5376340188685));
#14042=CARTESIAN_POINT('Ctrl Pts',(-9.71801001600246,7.86658285967681,-30.5302015122798));
#14043=CARTESIAN_POINT('',(-9.99999999999999,8.39835754991968,-32.2661139316466));
#14044=CARTESIAN_POINT('Origin',(-9.99999999999999,7.73139615713913,-31.5210216551195));
#14045=CARTESIAN_POINT('',(-9.8665887885919,7.57075196995386,-32.5080340385898));
#14046=CARTESIAN_POINT('Ctrl Pts',(-9.8665887885919,7.57075196995386,-32.5080340385898));
#14047=CARTESIAN_POINT('Ctrl Pts',(-9.89618267047765,7.64742097279144,-32.5205125341481));
#14048=CARTESIAN_POINT('Ctrl Pts',(-9.92098523906485,7.72912930101155,-32.5243965216741));
#14049=CARTESIAN_POINT('Ctrl Pts',(-9.9711346920098,7.94425160849936,-32.5071903526811));
#14050=CARTESIAN_POINT('Ctrl Pts',(-9.98702299710838,8.07842135592942,-32.4678126671271));
#14051=CARTESIAN_POINT('Ctrl Pts',(-9.99850462789387,8.26498615853565,-32.3705974631903));
#14052=CARTESIAN_POINT('Ctrl Pts',(-9.99999999999999,8.33497646589122,-32.3228488320224));
#14053=CARTESIAN_POINT('Ctrl Pts',(-9.99999999999999,8.39835754991968,-32.2661139316466));
#14054=CARTESIAN_POINT('',(-8.69598915851105,7.57075196995386,-32.5080340385898));
#14055=CARTESIAN_POINT('',(1.2581219773863E-14,7.57075196995386,-32.5080340385898));
#14056=CARTESIAN_POINT('',(-8.70710678118654,7.581853524852,-32.5097769338051));
#14057=CARTESIAN_POINT('Origin',(-8.55585324785588,7.73139615713913,-31.5210216551195));
#14058=CARTESIAN_POINT('Ctrl Pts',(-8.99999999999998,8.39835754991968,-32.2661139316466));
#14059=CARTESIAN_POINT('Ctrl Pts',(-8.99999999999998,8.317741666914,-32.3382763782368));
#14060=CARTESIAN_POINT('Ctrl Pts',(-8.99516620218986,8.22589235449459,-32.3961965990969));
#14061=CARTESIAN_POINT('Ctrl Pts',(-8.96817408273332,8.06820876326823,-32.4651807203679));
#14062=CARTESIAN_POINT('Ctrl Pts',(-8.95061104595539,7.99642889095991,-32.4879268457741));
#14063=CARTESIAN_POINT('Ctrl Pts',(-8.8986840013373,7.85567494559207,-32.5158597041947));
#14064=CARTESIAN_POINT('Ctrl Pts',(-8.86408021949243,7.7868272143039,-32.5212363557111));
#14065=CARTESIAN_POINT('Ctrl Pts',(-8.79123879532164,7.67541771326159,-32.5208189411338));
#14066=CARTESIAN_POINT('Ctrl Pts',(-8.75160594611223,7.62636440668313,-32.5165089074066));
#14067=CARTESIAN_POINT('Ctrl Pts',(-8.70710678118653,7.58185352485201,-32.5097769338051));
#14068=CARTESIAN_POINT('Origin',(1.26208769840276E-14,7.73139615713913,
-31.5210216551195));
#14069=CARTESIAN_POINT('',(9.86658878859193,7.57075196995385,-32.5080340385898));
#14070=CARTESIAN_POINT('',(8.69598915851108,7.57075196995385,-32.5080340385898));
#14071=CARTESIAN_POINT('',(1.2581219773863E-14,7.57075196995386,-32.5080340385898));
#14072=CARTESIAN_POINT('',(10.,8.39835754991968,-32.2661139316466));
#14073=CARTESIAN_POINT('Ctrl Pts',(10.,8.39835754991968,-32.2661139316466));
#14074=CARTESIAN_POINT('Ctrl Pts',(10.,8.33497646589122,-32.3228488320224));
#14075=CARTESIAN_POINT('Ctrl Pts',(9.9985046278939,8.26498615853564,-32.3705974631903));
#14076=CARTESIAN_POINT('Ctrl Pts',(9.98702299710841,8.07842135592942,-32.4678126671271));
#14077=CARTESIAN_POINT('Ctrl Pts',(9.97113469200983,7.94425160849936,-32.5071903526811));
#14078=CARTESIAN_POINT('Ctrl Pts',(9.92098523906488,7.72912930101154,-32.5243965216741));
#14079=CARTESIAN_POINT('Ctrl Pts',(9.89618267047767,7.64742097279143,-32.5205125341481));
#14080=CARTESIAN_POINT('Ctrl Pts',(9.86658878859193,7.57075196995385,-32.5080340385898));
#14081=CARTESIAN_POINT('',(10.,8.70349232465843,-31.2864389594784));
#14082=CARTESIAN_POINT('Origin',(10.,7.73139615713913,-31.5210216551195));
#14083=CARTESIAN_POINT('',(9.71801001600249,7.8665828596768,-30.5302015122798));
#14084=CARTESIAN_POINT('Ctrl Pts',(9.71801001600249,7.8665828596768,-30.5302015122798));
#14085=CARTESIAN_POINT('Ctrl Pts',(9.75032556894759,7.92105772371076,-30.5376340188685));
#14086=CARTESIAN_POINT('Ctrl Pts',(9.77991565736706,7.97547967463569,-30.5496624464015));
#14087=CARTESIAN_POINT('Ctrl Pts',(9.86221450731051,8.14084396479632,-30.601167687284));
#14088=CARTESIAN_POINT('Ctrl Pts',(9.90906553721037,8.25952481477395,-30.6614193307133));
#14089=CARTESIAN_POINT('Ctrl Pts',(9.97113469200983,8.46659494687205,-30.8301389713017));
#14090=CARTESIAN_POINT('Ctrl Pts',(9.98702299710841,8.55467457310228,-30.9387396282435));
#14091=CARTESIAN_POINT('Ctrl Pts',(9.9985046278939,8.65303980173635,-31.1247006543854));
#14092=CARTESIAN_POINT('Ctrl Pts',(10.,8.6835376076221,-31.2037478474936));
#14093=CARTESIAN_POINT('Ctrl Pts',(10.,8.70349232465843,-31.2864389594784));
#14094=CARTESIAN_POINT('',(8.39027919684221,7.8665828596768,-30.5302015122798));
#14095=CARTESIAN_POINT('',(1.26542496666496E-14,7.8665828596768,-30.5302015122798));
#14096=CARTESIAN_POINT('',(8.70710678118656,8.16976067824707,-30.62222437729));
#14097=CARTESIAN_POINT('Origin',(8.5558532478559,7.73139615713913,-31.5210216551195));
#14098=CARTESIAN_POINT('Ctrl Pts',(9.00000000000001,8.70349232465843,-31.2864389594784));
#14099=CARTESIAN_POINT('Ctrl Pts',(9.00000000000001,8.67811145339895,-31.1812622003308));
#14100=CARTESIAN_POINT('Ctrl Pts',(8.99516620218988,8.63539657904916,-31.0814299025225));
#14101=CARTESIAN_POINT('Ctrl Pts',(8.96817408273335,8.54477368216132,-30.9351069224776));
#14102=CARTESIAN_POINT('Ctrl Pts',(8.95061104595541,8.49860530377167,-30.8756240079015));
#14103=CARTESIAN_POINT('Ctrl Pts',(8.89868400133733,8.39860711126028,-30.7727052087897));
#14104=CARTESIAN_POINT('Ctrl Pts',(8.86408021949245,8.34498913767881,-30.7291847378126));
#14105=CARTESIAN_POINT('Ctrl Pts',(8.79123879532166,8.25304689931385,-30.6662651386255));
#14106=CARTESIAN_POINT('Ctrl Pts',(8.75160594611226,8.21022191297928,-30.6419582708212));
#14107=CARTESIAN_POINT('Ctrl Pts',(8.70710678118656,8.16976067824707,-30.62222437729));
#14108=CARTESIAN_POINT('',(8.70710678118656,7.581853524852,-32.5097769338051));
#14109=CARTESIAN_POINT('Ctrl Pts',(8.70710678118656,7.581853524852,-32.5097769338051));
#14110=CARTESIAN_POINT('Ctrl Pts',(8.75160594611226,7.62636440668313,-32.5165089074066));
#14111=CARTESIAN_POINT('Ctrl Pts',(8.79123879532166,7.67541771326158,-32.5208189411339));
#14112=CARTESIAN_POINT('Ctrl Pts',(8.86408021949245,7.78682721430389,-32.5212363557111));
#14113=CARTESIAN_POINT('Ctrl Pts',(8.89868400133733,7.85567494559207,-32.5158597041947));
#14114=CARTESIAN_POINT('Ctrl Pts',(8.95061104595541,7.99642889095991,-32.4879268457741));
#14115=CARTESIAN_POINT('Ctrl Pts',(8.96817408273335,8.06820876326823,-32.4651807203679));
#14116=CARTESIAN_POINT('Ctrl Pts',(8.99516620218989,8.22589235449459,-32.3961965990969));
#14117=CARTESIAN_POINT('Ctrl Pts',(9.00000000000001,8.317741666914,-32.3382763782368));
#14118=CARTESIAN_POINT('Ctrl Pts',(9.00000000000001,8.39835754991968,-32.2661139316466));
#14119=CARTESIAN_POINT('Origin',(8.5558532478559,7.73139615713913,-31.5210216551195));
#14120=CARTESIAN_POINT('Origin',(9.50000000000002,15.2909297941789,-0.913772875286114));
#14121=CARTESIAN_POINT('',(7.69930580670519,8.68752923203767,-25.0416115981835));
#14122=CARTESIAN_POINT('Origin',(9.50000000000002,9.52974887988868,-19.410795237603));
#14123=CARTESIAN_POINT('',(7.69930580670519,10.440370610698,-19.4138858487191));
#14124=CARTESIAN_POINT('',(7.69930580670519,16.1219010839823,-1.17259161061358));
#14125=CARTESIAN_POINT('',(7.50000000000002,9.8971191705795,-18.2313050283468));
#14126=CARTESIAN_POINT('Ctrl Pts',(7.69930580670519,10.440370610698,-19.4138858487191));
#14127=CARTESIAN_POINT('Ctrl Pts',(7.67630174503069,10.4099425977483,-19.3515314944561));
#14128=CARTESIAN_POINT('Ctrl Pts',(7.65539141257639,10.3793142461453,-19.2881735397995));
#14129=CARTESIAN_POINT('Ctrl Pts',(7.54044970418793,10.1922094078862,-18.8972724388854));
#14130=CARTESIAN_POINT('Ctrl Pts',(7.50000000000007,10.0352157462595,-18.551433936702));
#14131=CARTESIAN_POINT('Ctrl Pts',(7.50000000000007,9.8971191705795,-18.2313050283468));
#14132=CARTESIAN_POINT('',(7.50000000000002,20.6847404177783,16.4037592777745));
#14133=CARTESIAN_POINT('',(7.50000000000002,15.2909297941789,-0.913772875286114));
#14134=CARTESIAN_POINT('',(7.6993058067052,21.8034315572667,17.0687026274919));
#14135=CARTESIAN_POINT('Ctrl Pts',(7.50000000000007,20.6847404177783,16.4037592777745));
#14136=CARTESIAN_POINT('Ctrl Pts',(7.50000000000007,20.9801959298107,16.5888517481478));
#14137=CARTESIAN_POINT('Ctrl Pts',(7.54044970418794,21.3058053525884,16.7843761281668));
#14138=CARTESIAN_POINT('Ctrl Pts',(7.65539141257639,21.6817888947767,16.9998947287547));
#14139=CARTESIAN_POINT('Ctrl Pts',(7.6763017450307,21.7429776231405,17.0346548475895));
#14140=CARTESIAN_POINT('Ctrl Pts',(7.6993058067052,21.8034315572667,17.0687026274919));
#14141=CARTESIAN_POINT('',(8.08578643762693,22.3226959389423,16.9069697827896));
#14142=CARTESIAN_POINT('Origin',(9.50000000000003,20.9724602674632,17.3275213628194));
#14143=CARTESIAN_POINT('',(8.08578643762693,16.6411654656579,-1.33432445531591));
#14144=CARTESIAN_POINT('Origin',(-9.5,15.2909297941789,-0.913772875286114));
#14145=CARTESIAN_POINT('',(-8.0857864376269,22.3226959389423,16.9069697827896));
#14146=CARTESIAN_POINT('',(-8.0857864376269,16.6411654656579,-1.33432445531591));
#14147=CARTESIAN_POINT('',(-7.69930580670517,21.8034315572667,17.0687026274919));
#14148=CARTESIAN_POINT('Origin',(-9.49999999999999,20.9724602674632,17.3275213628194));
#14149=CARTESIAN_POINT('',(-7.49999999999999,20.6847404177783,16.4037592777745));
#14150=CARTESIAN_POINT('Ctrl Pts',(-7.69930580670517,21.8034315572667,17.0687026274919));
#14151=CARTESIAN_POINT('Ctrl Pts',(-7.67630174503067,21.7429776231405,17.0346548475895));
#14152=CARTESIAN_POINT('Ctrl Pts',(-7.65539141257636,21.6817888947767,16.9998947287547));
#14153=CARTESIAN_POINT('Ctrl Pts',(-7.54044970418791,21.3058053525884,16.7843761281668));
#14154=CARTESIAN_POINT('Ctrl Pts',(-7.50000000000004,20.9801959298107,16.5888517481478));
#14155=CARTESIAN_POINT('Ctrl Pts',(-7.50000000000004,20.6847404177783,16.4037592777745));
#14156=CARTESIAN_POINT('',(-7.5,9.8971191705795,-18.2313050283468));
#14157=CARTESIAN_POINT('',(-7.49999999999999,15.2909297941789,-0.913772875286114));
#14158=CARTESIAN_POINT('',(-7.69930580670516,10.440370610698,-19.4138858487191));
#14159=CARTESIAN_POINT('Ctrl Pts',(-7.50000000000004,9.8971191705795,-18.2313050283468));
#14160=CARTESIAN_POINT('Ctrl Pts',(-7.50000000000004,10.0352157462595,-18.551433936702));
#14161=CARTESIAN_POINT('Ctrl Pts',(-7.54044970418791,10.1922094078862,-18.8972724388854));
#14162=CARTESIAN_POINT('Ctrl Pts',(-7.65539141257636,10.3793142461453,-19.2881735397995));
#14163=CARTESIAN_POINT('Ctrl Pts',(-7.67630174503066,10.4099425977483,-19.3515314944561));
#14164=CARTESIAN_POINT('Ctrl Pts',(-7.69930580670516,10.440370610698,-19.4138858487191));
#14165=CARTESIAN_POINT('',(-7.69930580670516,8.68752923203767,-25.0416115981835));
#14166=CARTESIAN_POINT('',(-7.69930580670516,16.1219010839823,-1.17259161061358));
#14167=CARTESIAN_POINT('Origin',(-9.5,9.52974887988868,-19.410795237603));
#14168=CARTESIAN_POINT('Origin',(8.00000000000002,17.9094956093618,-1.72936530425882));
#14169=CARTESIAN_POINT('',(8.70710678118656,7.55999361523836,-32.5799610233134));
#14170=CARTESIAN_POINT('Origin',(8.00000000000001,6.87573711582431,-37.1546853266055));
#14171=CARTESIAN_POINT('',(8.70710678118656,17.2343777736223,-1.51908951424392));
#14172=CARTESIAN_POINT('Origin',(8.00000000000002,17.9094956093618,-1.72936530425882));
#14173=CARTESIAN_POINT('',(8.70710678118657,22.9159082469066,16.7222047238616));
#14174=CARTESIAN_POINT('',(8.70710678118656,17.2343777736223,-1.51908951424392));
#14175=CARTESIAN_POINT('Origin',(8.00000000000002,23.5910260826461,16.5119289338467));
#14176=CARTESIAN_POINT('',(8.70710678118656,17.2343777736223,-1.51908951424392));
#14177=CARTESIAN_POINT('Origin',(10.,17.9094956093618,-1.72936530425882));
#14178=CARTESIAN_POINT('',(10.,23.617477076322,16.5036903667441));
#14179=CARTESIAN_POINT('',(10.,28.638418624816,32.6240777463552));
#14180=CARTESIAN_POINT('',(10.,23.5910260826461,16.5119289338467));
#14181=CARTESIAN_POINT('',(10.,23.6042515794841,16.5078096502954));
#14182=CARTESIAN_POINT('',(10.,17.9094956093618,-1.72936530425882));
#14183=CARTESIAN_POINT('',(10.,17.9094956093618,-1.72936530425882));
#14184=CARTESIAN_POINT('',(10.,17.9094956093618,-1.72936530425882));
#14185=CARTESIAN_POINT('',(10.,10.4937229648895,-12.9659669046998));
#14186=CARTESIAN_POINT('',(10.,10.4937229648895,-12.9659669046998));
#14187=CARTESIAN_POINT('',(10.,10.4937229648895,-12.9659669046998));
#14188=CARTESIAN_POINT('',(10.,10.4937229648895,-12.9659669046998));
#14189=CARTESIAN_POINT('',(10.,10.4937229648895,-12.9659669046998));
#14190=CARTESIAN_POINT('',(10.,10.4937229648895,-12.9659669046998));
#14191=CARTESIAN_POINT('',(10.,10.4937229648895,-12.9659669046998));
#14192=CARTESIAN_POINT('',(10.,10.4937229648895,-12.9659669046998));
#14193=CARTESIAN_POINT('',(10.,10.4937229648895,-12.9659669046998));
#14194=CARTESIAN_POINT('',(10.,3.44848360782331,-60.0682271490385));
#14195=CARTESIAN_POINT('',(10.,10.4937229648895,-12.9659669046998));
#14196=CARTESIAN_POINT('',(10.,4.40324440732611,-60.3656020231163));
#14197=CARTESIAN_POINT('',(10.,0.0670031646946345,-59.0150132744267));
#14198=CARTESIAN_POINT('',(10.,22.2457368519933,-3.07995405294849));
#14199=CARTESIAN_POINT('Origin',(8.70710678118656,17.2343777736223,-1.51908951424392));
#14200=CARTESIAN_POINT('',(5.63714976873791,10.5307444191902,-12.7184530749036));
#14201=CARTESIAN_POINT('Origin',(8.70710678118656,17.2343777736223,-1.51908951424392));
#14202=CARTESIAN_POINT('',(5.63714976873791,10.5307444191902,-12.7184530749036));
#14203=CARTESIAN_POINT('Origin',(8.00000000000002,17.9094956093618,-1.72936530425882));
#14204=CARTESIAN_POINT('Origin',(8.00000000000001,6.87573711582431,-37.1546853266055));
#14205=CARTESIAN_POINT('Origin',(8.00000000000002,17.9094956093618,-1.72936530425882));
#14206=CARTESIAN_POINT('Origin',(8.00000000000001,6.87573711582431,-37.1546853266055));
#14207=CARTESIAN_POINT('',(9.41421356237311,22.2407904111671,16.9324805138765));
#14208=CARTESIAN_POINT('Origin',(8.00000000000002,23.5910260826461,16.5119289338467));
#14209=CARTESIAN_POINT('',(9.41421356237311,8.24425011465241,-28.0052367200212));
#14210=CARTESIAN_POINT('',(9.41421356237311,16.5592599378828,-1.30881372422902));
#14211=CARTESIAN_POINT('Origin',(8.00000000000001,6.87573711582431,-37.1546853266055));
#14212=CARTESIAN_POINT('Origin',(8.00000000000002,17.9094956093618,-1.72936530425882));
#14213=CARTESIAN_POINT('Origin',(8.00000000000001,6.87573711582431,-37.1546853266055));
#14214=CARTESIAN_POINT('Origin',(1.28569114833828E-14,8.68752923203767,
-25.0416115981835));
#14215=CARTESIAN_POINT('',(1.15635815657441E-14,3.44848360782331,-60.0682271490385));
#14216=CARTESIAN_POINT('Origin',(1.28569114833828E-14,8.68752923203767,
-25.0416115981835));
#14217=CARTESIAN_POINT('Origin',(1.28569114833828E-14,8.68752923203767,
-25.0416115981835));
#14218=CARTESIAN_POINT('Origin',(1.28569114833828E-14,8.68752923203767,
-25.0416115981835));
#14219=CARTESIAN_POINT('Origin',(1.28569114833828E-14,8.68752923203767,
-25.0416115981835));
#14220=CARTESIAN_POINT('Origin',(1.28569114833828E-14,8.68752923203767,
-25.0416115981835));
#14221=CARTESIAN_POINT('Origin',(1.28569114833828E-14,8.68752923203767,
-25.0416115981835));
#14222=CARTESIAN_POINT('Origin',(1.28569114833828E-14,8.68752923203767,
-25.0416115981835));
#14223=CARTESIAN_POINT('',(8.9561314394705,8.68752923203767,-25.0416115981835));
#14224=CARTESIAN_POINT('',(7.00488212124151,10.5757235804711,-12.4177365125768));
#14225=CARTESIAN_POINT('',(1.28569114833828E-14,8.68752923203767,-25.0416115981835));
#14226=CARTESIAN_POINT('Origin',(1.28569114833828E-14,8.68752923203767,
-25.0416115981835));
#14227=CARTESIAN_POINT('Origin',(1.28569114833828E-14,8.68752923203767,
-25.0416115981835));
#14228=CARTESIAN_POINT('Origin',(1.28569114833828E-14,8.68752923203767,
-25.0416115981835));
#14229=CARTESIAN_POINT('Origin',(1.28569114833828E-14,8.68752923203767,
-25.0416115981835));
#14230=CARTESIAN_POINT('Origin',(1.28569114833828E-14,8.68752923203767,
-25.0416115981835));
#14231=CARTESIAN_POINT('Origin',(1.28569114833828E-14,8.68752923203767,
-25.0416115981835));
#14232=CARTESIAN_POINT('Origin',(8.00000000000001,6.87573711582431,-37.1546853266055));
#14233=CARTESIAN_POINT('Origin',(-7.99999999999999,17.9094956093618,-1.72936530425882));
#14234=CARTESIAN_POINT('Origin',(-7.99999999999999,6.87573711582432,-37.1546853266055));
#14235=CARTESIAN_POINT('',(-9.99999999999999,17.9094956093618,-1.72936530425882));
#14236=CARTESIAN_POINT('Origin',(-7.99999999999999,17.9094956093618,-1.72936530425882));
#14237=CARTESIAN_POINT('',(-9.41421356237309,8.24425011465242,-28.0052367200212));
#14238=CARTESIAN_POINT('Origin',(-7.99999999999999,6.87573711582432,-37.1546853266055));
#14239=CARTESIAN_POINT('',(-9.41421356237308,22.2407904111671,16.9324805138765));
#14240=CARTESIAN_POINT('',(-9.41421356237308,16.5592599378828,-1.30881372422902));
#14241=CARTESIAN_POINT('',(-9.99999999999998,23.5910260826461,16.5119289338467));
#14242=CARTESIAN_POINT('Origin',(-7.99999999999998,23.5910260826461,16.5119289338467));
#14243=CARTESIAN_POINT('',(-9.99999999999999,17.9094956093618,-1.72936530425882));
#14244=CARTESIAN_POINT('Origin',(-7.99999999999999,6.87573711582432,-37.1546853266055));
#14245=CARTESIAN_POINT('Origin',(1.28569114833828E-14,8.68752923203767,
-25.0416115981835));
#14246=CARTESIAN_POINT('',(-9.99999999999999,3.44848360782331,-60.0682271490385));
#14247=CARTESIAN_POINT('',(-9.99999999999999,10.4423713714232,-13.3092875495806));
#14248=CARTESIAN_POINT('',(1.15635815657441E-14,3.44848360782331,-60.0682271490385));
#14249=CARTESIAN_POINT('Origin',(1.28569114833828E-14,8.68752923203767,
-25.0416115981835));
#14250=CARTESIAN_POINT('',(-9.99999999999999,10.4423713714232,-13.3092875495806));
#14251=CARTESIAN_POINT('Origin',(1.28569114833828E-14,8.68752923203767,
-25.0416115981835));
#14252=CARTESIAN_POINT('',(-9.99999999999999,10.4423713714232,-13.3092875495806));
#14253=CARTESIAN_POINT('Origin',(1.28569114833828E-14,8.68752923203767,
-25.0416115981835));
#14254=CARTESIAN_POINT('',(-8.70710678118654,7.55999361523837,-32.5799610233134));
#14255=CARTESIAN_POINT('Origin',(-7.99999999999999,6.87573711582432,-37.1546853266055));
#14256=CARTESIAN_POINT('',(-5.62296198183784,10.5444737252257,-12.6266632416444));
#14257=CARTESIAN_POINT('Origin',(1.28569114833828E-14,8.68752923203767,
-25.0416115981835));
#14258=CARTESIAN_POINT('',(-9.99999999999999,10.4423713714232,-13.3092875495806));
#14259=CARTESIAN_POINT('Origin',(1.28569114833828E-14,8.68752923203767,
-25.0416115981835));
#14260=CARTESIAN_POINT('',(-9.99999999999999,10.4423713714232,-13.3092875495806));
#14261=CARTESIAN_POINT('Origin',(1.28569114833828E-14,8.68752923203767,
-25.0416115981835));
#14262=CARTESIAN_POINT('',(-5.62296198183784,10.5444737252257,-12.6266632416444));
#14263=CARTESIAN_POINT('Origin',(1.28569114833828E-14,8.68752923203767,
-25.0416115981835));
#14264=CARTESIAN_POINT('',(-8.95613143947048,8.68752923203767,-25.0416115981835));
#14265=CARTESIAN_POINT('',(1.28569114833828E-14,8.68752923203767,-25.0416115981835));
#14266=CARTESIAN_POINT('',(-7.01906990814152,10.5619942744357,-12.5095263458359));
#14267=CARTESIAN_POINT('Origin',(1.28569114833828E-14,8.68752923203767,
-25.0416115981835));
#14268=CARTESIAN_POINT('',(-9.99999999999999,10.4423713714232,-13.3092875495806));
#14269=CARTESIAN_POINT('Origin',(1.28569114833828E-14,8.68752923203767,
-25.0416115981835));
#14270=CARTESIAN_POINT('',(-9.99999999999999,10.4423713714232,-13.3092875495806));
#14271=CARTESIAN_POINT('Origin',(1.28569114833828E-14,8.68752923203767,
-25.0416115981835));
#14272=CARTESIAN_POINT('',(-9.99999999999999,10.4423713714232,-13.3092875495806));
#14273=CARTESIAN_POINT('Origin',(1.28569114833828E-14,8.68752923203767,
-25.0416115981835));
#14274=CARTESIAN_POINT('',(-9.99999999999999,10.4423713714232,-13.3092875495806));
#14275=CARTESIAN_POINT('Origin',(1.28569114833828E-14,8.68752923203767,
-25.0416115981835));
#14276=CARTESIAN_POINT('',(-9.99999999999999,10.4423713714232,-13.3092875495806));
#14277=CARTESIAN_POINT('Origin',(1.28569114833828E-14,8.68752923203767,
-25.0416115981835));
#14278=CARTESIAN_POINT('Origin',(-7.99999999999999,6.87573711582432,-37.1546853266055));
#14279=CARTESIAN_POINT('Origin',(-7.99999999999999,6.87573711582432,-37.1546853266055));
#14280=CARTESIAN_POINT('Origin',(-8.0857864376269,16.6411654656579,-1.33432445531591));
#14281=CARTESIAN_POINT('',(-8.70710678118653,22.9159082469066,16.7222047238616));
#14282=CARTESIAN_POINT('',(-8.70710678118654,17.2343777736223,-1.51908951424392));
#14283=CARTESIAN_POINT('',(-6.4033726880878,20.7163932423378,17.4072773597055));
#14284=CARTESIAN_POINT('Origin',(-8.0857864376269,16.6411654656579,-1.33432445531591));
#14285=CARTESIAN_POINT('',(-8.70710678118654,17.2343777736223,-1.51908951424392));
#14286=CARTESIAN_POINT('Origin',(-7.99999999999999,17.9094956093618,-1.72936530425882));
#14287=CARTESIAN_POINT('Origin',(-7.99999999999999,17.9094956093618,-1.72936530425882));
#14288=CARTESIAN_POINT('',(-8.70710678118654,17.2343777736223,-1.51908951424392));
#14289=CARTESIAN_POINT('Origin',(-7.99999999999998,23.5910260826461,16.5119289338467));
#14290=CARTESIAN_POINT('Origin',(-7.99999999999999,17.9094956093618,-1.72936530425882));
#14291=CARTESIAN_POINT('Origin',(1.32896243014232E-14,10.440370610698,-19.4138858487191));
#14292=CARTESIAN_POINT('',(-8.95613143947048,10.440370610698,-19.4138858487191));
#14293=CARTESIAN_POINT('',(-8.95613143947048,13.2811358473401,-10.2932387296663));
#14294=CARTESIAN_POINT('',(1.32896243014232E-14,10.440370610698,-19.4138858487191));
#14295=CARTESIAN_POINT('Origin',(1.32896243014232E-14,10.440370610698,-19.4138858487191));
#14296=CARTESIAN_POINT('',(8.9561314394705,10.440370610698,-19.4138858487191));
#14297=CARTESIAN_POINT('',(8.9561314394705,13.2811358473401,-10.2932387296663));
#14298=CARTESIAN_POINT('',(1.32896243014232E-14,10.440370610698,-19.4138858487191));
#14299=CARTESIAN_POINT('Origin',(1.94688200164068E-14,35.471175071523,-7.19921934662658));
#14300=CARTESIAN_POINT('',(-8.79289321881345,10.3364533656661,-19.1985949338197));
#14301=CARTESIAN_POINT('Origin',(-29.222227405724,35.471175071523,-7.19921934662658));
#14302=CARTESIAN_POINT('Origin',(-7.5,35.471175071523,-7.19921934662658));
#14303=CARTESIAN_POINT('',(-8.95613143947049,21.8034315572667,17.0687026274919));
#14304=CARTESIAN_POINT('',(1.6094750985227E-14,21.8034315572667,17.0687026274919));
#14305=CARTESIAN_POINT('',(-8.79289321881345,21.5956418941707,16.9504976032177));
#14306=CARTESIAN_POINT('Origin',(-29.222227405724,35.471175071523,-7.19921934662658));
#14307=CARTESIAN_POINT('',(-8.49999999999999,20.6847404177783,16.4037592777745));
#14308=CARTESIAN_POINT('Ctrl Pts',(-8.50000000000004,20.6847404177783,16.4037592777745));
#14309=CARTESIAN_POINT('Ctrl Pts',(-8.50000000000004,20.8349288170385,16.4978470192732));
#14310=CARTESIAN_POINT('Ctrl Pts',(-8.52088538660928,20.9994536763588,16.5987349768926));
#14311=CARTESIAN_POINT('Ctrl Pts',(-8.61750808653452,21.316278883813,16.7885330277516));
#14312=CARTESIAN_POINT('Ctrl Pts',(-8.69326769355377,21.4685523433722,16.8774766530235));
#14313=CARTESIAN_POINT('Ctrl Pts',(-8.79289321881348,21.5956418941706,16.9504976032176));
#14314=CARTESIAN_POINT('',(-8.5,9.8971191705795,-18.2313050283468));
#14315=CARTESIAN_POINT('Origin',(-8.49999999999999,35.471175071523,-7.19921934662658));
#14316=CARTESIAN_POINT('Ctrl Pts',(-8.79289321881348,10.3364533656661,-19.1985949338197));
#14317=CARTESIAN_POINT('Ctrl Pts',(-8.69326769355378,10.2733058241688,-19.0663217275674));
#14318=CARTESIAN_POINT('Ctrl Pts',(-8.61750808653452,10.198470082916,-18.9066414633085));
#14319=CARTESIAN_POINT('Ctrl Pts',(-8.52088538660928,10.0454553681956,-18.5705045726415));
#14320=CARTESIAN_POINT('Ctrl Pts',(-8.50000000000004,9.96731756864635,-18.3940356133071));
#14321=CARTESIAN_POINT('Ctrl Pts',(-8.50000000000004,9.8971191705795,-18.2313050283468));
#14322=CARTESIAN_POINT('Origin',(1.94688200164068E-14,35.471175071523,-7.19921934662658));
#14323=CARTESIAN_POINT('',(8.79289321881348,10.3364533656661,-19.1985949338197));
#14324=CARTESIAN_POINT('Origin',(29.2222274057241,35.471175071523,-7.19921934662658));
#14325=CARTESIAN_POINT('',(8.50000000000002,9.8971191705795,-18.2313050283468));
#14326=CARTESIAN_POINT('Ctrl Pts',(8.50000000000007,9.8971191705795,-18.2313050283468));
#14327=CARTESIAN_POINT('Ctrl Pts',(8.50000000000007,9.96731756864635,-18.3940356133071));
#14328=CARTESIAN_POINT('Ctrl Pts',(8.5208853866093,10.0454553681955,-18.5705045726415));
#14329=CARTESIAN_POINT('Ctrl Pts',(8.61750808653454,10.198470082916,-18.9066414633085));
#14330=CARTESIAN_POINT('Ctrl Pts',(8.69326769355381,10.2733058241688,-19.0663217275674));
#14331=CARTESIAN_POINT('Ctrl Pts',(8.79289321881351,10.3364533656661,-19.1985949338197));
#14332=CARTESIAN_POINT('',(8.50000000000003,20.6847404177783,16.4037592777745));
#14333=CARTESIAN_POINT('Origin',(8.50000000000004,35.471175071523,-7.19921934662658));
#14334=CARTESIAN_POINT('',(8.79289321881348,21.5956418941707,16.9504976032177));
#14335=CARTESIAN_POINT('Ctrl Pts',(8.79289321881351,21.5956418941706,16.9504976032176));
#14336=CARTESIAN_POINT('Ctrl Pts',(8.69326769355381,21.4685523433722,16.8774766530235));
#14337=CARTESIAN_POINT('Ctrl Pts',(8.61750808653455,21.316278883813,16.7885330277516));
#14338=CARTESIAN_POINT('Ctrl Pts',(8.52088538660931,20.9994536763588,16.5987349768926));
#14339=CARTESIAN_POINT('Ctrl Pts',(8.50000000000007,20.8349288170385,16.4978470192732));
#14340=CARTESIAN_POINT('Ctrl Pts',(8.50000000000007,20.6847404177783,16.4037592777745));
#14341=CARTESIAN_POINT('',(8.95613143947051,21.8034315572667,17.0687026274919));
#14342=CARTESIAN_POINT('Origin',(29.2222274057241,35.471175071523,-7.19921934662658));
#14343=CARTESIAN_POINT('',(1.6094750985227E-14,21.8034315572667,17.0687026274919));
#14344=CARTESIAN_POINT('Origin',(7.50000000000003,35.471175071523,-7.19921934662658));
#14345=CARTESIAN_POINT('Origin',(1.65425728806709E-14,23.617477076322,16.5036903667441));
#14346=CARTESIAN_POINT('',(-7.42113964105416,20.3378815605805,17.5251706202564));
#14347=CARTESIAN_POINT('',(-9.99999999999998,23.617477076322,16.5036903667441));
#14348=CARTESIAN_POINT('',(1.65425728806709E-14,23.617477076322,16.5036903667441));
#14349=CARTESIAN_POINT('',(-9.99999999999998,25.7723722007998,15.8325152759506));
#14350=CARTESIAN_POINT('Origin',(1.65425728806709E-14,23.617477076322,16.5036903667441));
#14351=CARTESIAN_POINT('',(7.11047946927438,20.0412754065983,17.6175531497204));
#14352=CARTESIAN_POINT('',(1.65425728806709E-14,23.617477076322,16.5036903667441));
#14353=CARTESIAN_POINT('',(6.71403285986765,21.01299939632,17.3148948302415));
#14354=CARTESIAN_POINT('Origin',(2.04241121220644E-14,39.3408906465944,
66.9857593640718));
#14355=CARTESIAN_POINT('',(-9.99999999999998,28.638418624816,32.6240777463552));
#14356=CARTESIAN_POINT('Origin',(2.04241121220644E-14,39.3408906465944,
66.9857593640718));
#14357=CARTESIAN_POINT('Origin',(7.50000000000002,15.2909297941789,-0.913772875286114));
#14358=CARTESIAN_POINT('Origin',(8.70710678118656,17.2343777736223,-1.51908951424392));
#14359=CARTESIAN_POINT('Origin',(-8.5,15.2909297941789,-0.913772875286114));
#14360=CARTESIAN_POINT('',(-8.5,15.2909297941789,-0.913772875286114));
#14361=CARTESIAN_POINT('Origin',(-9.5,15.2909297941789,-0.913772875286114));
#14362=CARTESIAN_POINT('',(-8.79289321881345,15.9660476299184,-1.12404866530101));
#14363=CARTESIAN_POINT('Origin',(-9.41421356237308,16.5592599378828,-1.30881372422902));
#14364=CARTESIAN_POINT('Origin',(-7.99999999999999,17.9094956093618,-1.72936530425882));
#14365=CARTESIAN_POINT('',(-9.99999999999999,17.9094956093618,-1.72936530425882));
#14366=CARTESIAN_POINT('Origin',(7.55675408019363E-15,-12.7824499837242,
-55.0128542897162));
#14367=CARTESIAN_POINT('',(-8.00000000002909,5.35800520682891,-60.6629768971941));
#14368=CARTESIAN_POINT('',(-9.99999999999999,4.40324440732611,-60.3656020231163));
#14369=CARTESIAN_POINT('',(-9.99999999999999,4.40324440732611,-60.3656020231163));
#14370=CARTESIAN_POINT('',(-7.99999999999999,6.3127660063317,-60.9603517712719));
#14371=CARTESIAN_POINT('Origin',(-7.99999999999999,4.40324440732611,-60.3656020231163));
#14372=CARTESIAN_POINT('',(8.00000000000001,6.3127660063317,-60.9603517712719));
#14373=CARTESIAN_POINT('',(8.00000000000001,6.3127660063317,-60.9603517712719));
#14374=CARTESIAN_POINT('Origin',(8.00000000000001,4.40324440732611,-60.3656020231163));
#14375=CARTESIAN_POINT('Origin',(8.79289321881348,15.9660476299184,-1.12404866530101));
#14376=CARTESIAN_POINT('',(8.79289321881348,15.9660476299184,-1.12404866530101));
#14377=CARTESIAN_POINT('Origin',(9.50000000000002,15.2909297941789,-0.913772875286114));
#14378=CARTESIAN_POINT('',(8.50000000000002,15.2909297941789,-0.913772875286114));
#14379=CARTESIAN_POINT('Origin',(8.50000000000003,-14.035173529113,8.22029116200737));
#14380=CARTESIAN_POINT('Origin',(8.00000000000002,17.9094956093618,-1.72936530425882));
#14381=CARTESIAN_POINT('Origin',(-8.00000000002909,23.2004976514961,-3.37732892702628));
#14382=CARTESIAN_POINT('Origin',(-8.0857864376269,16.6411654656579,-1.33432445531591));
#14383=CARTESIAN_POINT('Origin',(-7.50000000000001,-14.035173529113,8.22029116200737));
#14384=CARTESIAN_POINT('Origin',(-9.99999999999998,22.2457368519933,-3.0799540529485));
#14385=CARTESIAN_POINT('',(-9.99999999999998,22.2457368519933,-3.0799540529485));
#14386=CARTESIAN_POINT('Origin',(-7.99999999999998,22.2457368519933,-3.07995405294849));
#14387=CARTESIAN_POINT('',(-7.99999999999998,24.1552584509989,-3.67470380110407));
#14388=CARTESIAN_POINT('Origin',(8.00000000000002,24.1552584509989,-3.67470380110407));
#14389=CARTESIAN_POINT('',(8.00000000000002,24.1552584509989,-3.67470380110407));
#14390=CARTESIAN_POINT('Origin',(8.00000000000002,22.2457368519933,-3.07995405294849));
#14391=CARTESIAN_POINT('Origin',(-10.1999999999946,2.09999999991724,60.));
#14392=CARTESIAN_POINT('',(-10.1999999999787,8.21382831210241,59.9807994285789));
#14393=CARTESIAN_POINT('',(-10.1999999999946,2.09999999995594,59.980799428579));
#14394=CARTESIAN_POINT('',(-10.1999999999946,2.09999999991724,59.9807994285789));
#14395=CARTESIAN_POINT('',(-10.1999999999946,2.09999999991724,35.));
#14396=CARTESIAN_POINT('',(-10.1999999999946,2.09999999991724,60.));
#14397=CARTESIAN_POINT('',(-10.1999999999787,8.21382831209722,35.));
#14398=CARTESIAN_POINT('',(-10.1999999999907,3.57292615176492,35.));
#14399=CARTESIAN_POINT('',(-10.1999999999787,8.21382831209722,60.));
#14400=CARTESIAN_POINT('Origin',(-7.59999999999455,2.09999999994919,60.));
#14401=CARTESIAN_POINT('',(-7.59999999999455,-0.5,59.980799428579));
#14402=CARTESIAN_POINT('Origin',(-7.59999999999455,2.09999999994919,59.980799428579));
#14403=CARTESIAN_POINT('',(-7.60000000002365,-0.500000000000002,35.));
#14404=CARTESIAN_POINT('',(-7.60000000002365,-0.500000000000002,60.));
#14405=CARTESIAN_POINT('Origin',(-7.59999999999455,2.09999999994919,35.));
#14406=CARTESIAN_POINT('Origin',(8.40000000003455,-0.5,60.));
#14407=CARTESIAN_POINT('',(8.40000000000545,-0.5,59.980799428579));
#14408=CARTESIAN_POINT('',(8.40000000003455,-0.5,59.980799428579));
#14409=CARTESIAN_POINT('',(8.40000000003455,-0.5,35.));
#14410=CARTESIAN_POINT('',(8.40000000003455,-0.5,60.));
#14411=CARTESIAN_POINT('',(4.40000000001604,-0.500000000000001,35.));
#14412=CARTESIAN_POINT('Origin',(8.40000000000545,2.0999999999492,60.));
#14413=CARTESIAN_POINT('',(10.9999999999896,2.10000000257817,59.9807994285791));
#14414=CARTESIAN_POINT('Origin',(8.40000000000545,2.0999999999492,59.980799428579));
#14415=CARTESIAN_POINT('',(10.9999999999896,2.10000000257817,35.));
#14416=CARTESIAN_POINT('',(10.9999999999896,2.10000000257817,60.));
#14417=CARTESIAN_POINT('Origin',(8.40000000000545,2.0999999999492,35.));
#14418=CARTESIAN_POINT('Origin',(10.9999999938076,8.21382832598392,60.));
#14419=CARTESIAN_POINT('',(10.9999999938076,8.21382832598392,59.980799428579));
#14420=CARTESIAN_POINT('',(10.9999999938076,8.21382832598392,59.9807994285791));
#14421=CARTESIAN_POINT('',(10.9999999938076,8.21382832598392,35.));
#14422=CARTESIAN_POINT('',(10.9999999938076,8.21382832598392,60.));
#14423=CARTESIAN_POINT('',(10.9999999954093,6.62984032014356,35.));
#14424=CARTESIAN_POINT('Origin',(10.0999999938076,8.21382832507389,60.));
#14425=CARTESIAN_POINT('',(10.0999999936941,9.11382832507389,59.980799428579));
#14426=CARTESIAN_POINT('Origin',(10.0999999938076,8.21382832507389,59.980799428579));
#14427=CARTESIAN_POINT('',(10.0999999936941,9.11382832507389,35.));
#14428=CARTESIAN_POINT('',(10.0999999936941,9.11382832507389,60.));
#14429=CARTESIAN_POINT('Origin',(10.0999999938076,8.21382832507389,35.));
#14430=CARTESIAN_POINT('Origin',(9.12120584732102,9.11382832495047,60.));
#14431=CARTESIAN_POINT('',(9.12120584732101,9.11382832495047,59.980799428579));
#14432=CARTESIAN_POINT('',(9.12120584732102,9.11382832495047,59.980799428579));
#14433=CARTESIAN_POINT('',(9.12120584732102,9.11382832495047,35.));
#14434=CARTESIAN_POINT('',(9.12120584732102,9.11382832495047,60.));
#14435=CARTESIAN_POINT('',(4.76060292340281,9.11382832440065,35.));
#14436=CARTESIAN_POINT('Origin',(9.1212058474345,8.21382832495047,60.));
#14437=CARTESIAN_POINT('',(8.40448003815747,8.75816656016474,59.9807994285789));
#14438=CARTESIAN_POINT('Origin',(9.1212058474345,8.21382832495047,59.980799428579));
#14439=CARTESIAN_POINT('',(8.40448004024995,8.7581665629199,35.));
#14440=CARTESIAN_POINT('',(8.40448004024995,8.7581665629199,60.));
#14441=CARTESIAN_POINT('Origin',(9.1212058474345,8.21382832495047,35.));
#14442=CARTESIAN_POINT('Origin',(6.18740243493868,10.4419905473134,60.));
#14443=CARTESIAN_POINT('',(3.66265645496716,9.26880937843573,59.980799428579));
#14444=CARTESIAN_POINT('Origin',(6.18740243493868,10.4419905473134,59.9807994285789));
#14445=CARTESIAN_POINT('',(3.66265645496716,9.26880937843573,35.));
#14446=CARTESIAN_POINT('',(3.66265645496716,9.26880937843573,60.));
#14447=CARTESIAN_POINT('Origin',(6.18740243493868,10.4419905473134,35.));
#14448=CARTESIAN_POINT('Origin',(2.48311636819028,8.7207090036968,60.));
#14449=CARTESIAN_POINT('',(3.17884165292056,9.81966085218223,59.9807994285789));
#14450=CARTESIAN_POINT('Origin',(2.48311636819028,8.7207090036968,59.980799428579));
#14451=CARTESIAN_POINT('',(3.17884165292056,9.81966085218223,35.));
#14452=CARTESIAN_POINT('',(3.17884165292056,9.81966085218223,60.));
#14453=CARTESIAN_POINT('Origin',(2.48311636819028,8.7207090036968,35.));
#14454=CARTESIAN_POINT('Origin',(0.110489902635678,4.10837127407733,60.));
#14455=CARTESIAN_POINT('',(-2.95786183709902,9.81966085785024,59.980799428579));
#14456=CARTESIAN_POINT('Origin',(0.110489902635678,4.10837127407733,59.9807994285789));
#14457=CARTESIAN_POINT('',(-2.95786183709903,9.81966085785024,35.));
#14458=CARTESIAN_POINT('',(-2.95786183709905,9.81966085785023,60.));
#14459=CARTESIAN_POINT('Origin',(0.110489902635678,4.10837127407733,35.));
#14460=CARTESIAN_POINT('Origin',(-2.26213657222694,8.72070899679298,60.));
#14461=CARTESIAN_POINT('',(-3.44167666059867,9.2688093680997,59.980799428579));
#14462=CARTESIAN_POINT('Origin',(-2.26213657222694,8.72070899679298,59.980799428579));
#14463=CARTESIAN_POINT('',(-3.44167666059867,9.2688093680997,35.));
#14464=CARTESIAN_POINT('',(-3.44167666059867,9.2688093680997,60.));
#14465=CARTESIAN_POINT('Origin',(-2.26213657222694,8.72070899679298,35.));
#14466=CARTESIAN_POINT('Origin',(-5.9664226439839,10.4419905296309,60.));
#14467=CARTESIAN_POINT('',(-8.18350024999047,8.75816654615291,59.980799428579));
#14468=CARTESIAN_POINT('Origin',(-5.9664226439839,10.4419905296309,59.980799428579));
#14469=CARTESIAN_POINT('',(-8.18350024999047,8.75816654615291,35.));
#14470=CARTESIAN_POINT('',(-8.18350024999047,8.75816654615291,60.));
#14471=CARTESIAN_POINT('Origin',(-5.9664226439839,10.4419905296309,35.));
#14472=CARTESIAN_POINT('Origin',(-8.90022606016872,8.21382831212527,60.));
#14473=CARTESIAN_POINT('',(-8.90022606022545,9.11382831212526,59.9807994285791));
#14474=CARTESIAN_POINT('Origin',(-8.90022606016872,8.21382831212527,59.980799428579));
#14475=CARTESIAN_POINT('',(-8.90022606022545,9.11382831212527,35.));
#14476=CARTESIAN_POINT('',(-8.90022606022545,9.11382831212527,60.));
#14477=CARTESIAN_POINT('Origin',(-8.90022606016872,8.21382831212527,35.));
#14478=CARTESIAN_POINT('Origin',(-9.29999999987262,9.11382831210007,60.));
#14479=CARTESIAN_POINT('',(-9.30000000003541,9.11382831210007,59.9807994285791));
#14480=CARTESIAN_POINT('',(-9.29999999987262,9.11382831210007,59.9807994285791));
#14481=CARTESIAN_POINT('',(-9.29999999987262,9.11382831210007,35.));
#14482=CARTESIAN_POINT('',(-9.29999999987262,9.11382831210007,60.));
#14483=CARTESIAN_POINT('',(-4.45000000006576,9.11382831240579,35.));
#14484=CARTESIAN_POINT('Origin',(-9.29999999997868,8.21382831210007,60.));
#14485=CARTESIAN_POINT('Origin',(-9.29999999997868,8.21382831210007,59.980799428579));
#14486=CARTESIAN_POINT('Origin',(-9.29999999997868,8.21382831210007,35.));
#14487=CARTESIAN_POINT('Origin',(-9.29999999987266,9.11449840237907,59.9616105536273));
#14488=CARTESIAN_POINT('',(-9.29999999982856,8.41474242353641,80.));
#14489=CARTESIAN_POINT('',(-8.90022606018138,8.41474242356161,80.));
#14490=CARTESIAN_POINT('',(-4.4500000000217,8.41474242384214,80.));
#14491=CARTESIAN_POINT('',(-9.29999999987266,9.11449840237907,59.9616105536273));
#14492=CARTESIAN_POINT('',(-8.90022606022549,9.11449840240427,59.9616105536273));
#14493=CARTESIAN_POINT('Origin',(-8.90022606016872,8.21382831212527,59.9616105536273));
#14494=CARTESIAN_POINT('',(-8.74022569428488,8.33534523724804,80.));
#14495=CARTESIAN_POINT('Origin',(-8.90022606016872,8.21382831212527,80.));
#14496=CARTESIAN_POINT('',(-8.18296661554813,8.7585718303297,59.9616105536273));
#14497=CARTESIAN_POINT('Origin',(-5.9664226439839,10.4419905296309,59.9616105536273));
#14498=CARTESIAN_POINT('',(-2.80769329189628,8.97421444655892,80.));
#14499=CARTESIAN_POINT('Origin',(-5.9664226439839,10.4419905296309,80.));
#14500=CARTESIAN_POINT('',(-3.44228434858002,9.26909174426605,59.9616105536273));
#14501=CARTESIAN_POINT('Origin',(-2.26213657222694,8.72070899679298,59.9616105536273));
#14502=CARTESIAN_POINT('',(-2.60139055877366,9.21750259583567,80.));
#14503=CARTESIAN_POINT('Origin',(-2.26213657222694,8.72070899679298,80.));
#14504=CARTESIAN_POINT('Ctrl Pts',(-2.6013905588765,9.21750259601036,79.9999999942028));
#14505=CARTESIAN_POINT('Ctrl Pts',(-2.63388260450411,9.27127227103576,78.2037219267021));
#14506=CARTESIAN_POINT('Ctrl Pts',(-2.6663645166566,9.32548875552332,76.3961897873569));
#14507=CARTESIAN_POINT('Ctrl Pts',(-2.7432285637279,9.45449697589637,72.1007580405532));
#14508=CARTESIAN_POINT('Ctrl Pts',(-2.78764265386087,9.52960324413194,69.6044236706438));
#14509=CARTESIAN_POINT('Ctrl Pts',(-2.87397657369759,9.6762837519019,64.7344674724061));
#14510=CARTESIAN_POINT('Ctrl Pts',(-2.91588220050539,9.74779789575092,62.3625633822148));
#14511=CARTESIAN_POINT('Ctrl Pts',(-2.95786183709903,9.81966085785024,59.980799428579));
#14512=CARTESIAN_POINT('Origin',(0.110489902635678,4.10837127407733,59.9616105536273));
#14513=CARTESIAN_POINT('',(2.82237036764474,9.21750259392496,80.));
#14514=CARTESIAN_POINT('Origin',(0.110489902635678,4.10837127407733,80.));
#14515=CARTESIAN_POINT('Ctrl Pts',(2.82237036771829,9.21750259405121,79.9999999958215));
#14516=CARTESIAN_POINT('Ctrl Pts',(2.82866945721918,9.2279266833526,79.65176350165));
#14517=CARTESIAN_POINT('Ctrl Pts',(2.83496891921629,9.23836917059058,79.3030532536337));
#14518=CARTESIAN_POINT('Ctrl Pts',(2.88400464684333,9.31978112870408,76.5854304686661));
#14519=CARTESIAN_POINT('Ctrl Pts',(2.92679008690291,9.3915419361319,74.1957060953886));
#14520=CARTESIAN_POINT('Ctrl Pts',(3.01260340247254,9.53633013401692,69.3808002859843));
#14521=CARTESIAN_POINT('Ctrl Pts',(3.05562677310231,9.60935984259909,66.9556188392788));
#14522=CARTESIAN_POINT('Ctrl Pts',(3.12541737318413,9.72829739315771,63.009568272565));
#14523=CARTESIAN_POINT('Ctrl Pts',(3.15210964118974,9.77389958177104,61.4974714631914));
#14524=CARTESIAN_POINT('Ctrl Pts',(3.17884165292056,9.81966085218223,59.9807994285789));
#14525=CARTESIAN_POINT('Origin',(2.48311636819028,8.7207090036968,59.9616105536273));
#14526=CARTESIAN_POINT('',(3.02867308712198,8.97421445505021,80.));
#14527=CARTESIAN_POINT('Origin',(2.48311636819028,8.7207090036968,80.));
#14528=CARTESIAN_POINT('',(3.66326414294769,9.26909175460385,59.9616105536273));
#14529=CARTESIAN_POINT('Origin',(6.18740243493868,10.4419905473134,59.9616105536273));
#14530=CARTESIAN_POINT('',(8.96120548221896,8.3353452509532,80.));
#14531=CARTESIAN_POINT('Origin',(6.18740243493868,10.4419905473134,80.));
#14532=CARTESIAN_POINT('',(8.40394640580984,8.75857184709962,59.9616105536273));
#14533=CARTESIAN_POINT('Origin',(9.1212058474345,8.21382832495047,59.9616105536273));
#14534=CARTESIAN_POINT('',(9.12120584740917,8.41474243638682,80.));
#14535=CARTESIAN_POINT('Origin',(9.1212058474345,8.21382832495047,80.));
#14536=CARTESIAN_POINT('',(9.12120584732093,9.11449841522947,59.9616105536273));
#14537=CARTESIAN_POINT('Origin',(9.12120584732093,9.11449841522947,59.9616105536273));
#14538=CARTESIAN_POINT('',(10.0999999937823,8.41474243651023,80.));
#14539=CARTESIAN_POINT('',(4.76060292349095,8.414742435837,80.));
#14540=CARTESIAN_POINT('',(10.0999999936941,9.11449841535288,59.9616105536273));
#14541=CARTESIAN_POINT('Origin',(10.0999999938076,8.21382832507389,59.9616105536273));
#14542=CARTESIAN_POINT('',(10.300914105244,8.21382832527704,80.));
#14543=CARTESIAN_POINT('Origin',(10.0999999938076,8.21382832507389,80.));
#14544=CARTESIAN_POINT('',(11.0006700840866,8.21382832598459,59.9616105536273));
#14545=CARTESIAN_POINT('Origin',(11.0006700840866,8.21382832598459,59.9616105536273));
#14546=CARTESIAN_POINT('',(10.3009141114259,2.10000000187129,80.));
#14547=CARTESIAN_POINT('',(10.3009141068456,6.62984031943669,80.));
#14548=CARTESIAN_POINT('',(11.0006700902686,2.10000000257885,59.9616105536273));
#14549=CARTESIAN_POINT('Origin',(8.40000000000545,2.0999999999492,59.9616105536273));
#14550=CARTESIAN_POINT('',(8.40000000003455,0.199085888563658,80.));
#14551=CARTESIAN_POINT('Origin',(8.40000000000545,2.0999999999492,80.));
#14552=CARTESIAN_POINT('',(8.40000000003455,-0.500670090278995,59.9616105536273));
#14553=CARTESIAN_POINT('Origin',(8.40000000003455,-0.500670090278995,59.9616105536273));
#14554=CARTESIAN_POINT('',(-7.60000000001815,0.199085888528651,80.));
#14555=CARTESIAN_POINT('',(4.40000000001604,0.199085888563657,80.));
#14556=CARTESIAN_POINT('',(-7.60000000002365,-0.500670090278996,59.9616105536273));
#14557=CARTESIAN_POINT('Origin',(-7.59999999999455,2.09999999994919,59.9616105536273));
#14558=CARTESIAN_POINT('',(-9.50091411143089,2.09999999991542,80.));
#14559=CARTESIAN_POINT('Origin',(-7.59999999999455,2.09999999994919,80.));
#14560=CARTESIAN_POINT('',(-10.2006700902735,2.09999999991724,59.9616105536273));
#14561=CARTESIAN_POINT('Origin',(-10.2006700902735,2.09999999991724,59.9616105536273));
#14562=CARTESIAN_POINT('',(-9.50091411141502,8.21382831209722,80.));
#14563=CARTESIAN_POINT('',(-9.50091411142707,3.57292615176311,80.));
#14564=CARTESIAN_POINT('',(-10.2006700902577,8.21382831209722,59.9616105536273));
#14565=CARTESIAN_POINT('Origin',(-9.29999999997868,8.21382831210007,59.9616105536273));
#14566=CARTESIAN_POINT('Origin',(-9.29999999997868,8.21382831210007,80.));
#14567=CARTESIAN_POINT('Origin',(-11.2999999999946,2.09999999992009,60.));
#14568=CARTESIAN_POINT('',(-11.2999999999787,8.21382831210007,60.));
#14569=CARTESIAN_POINT('',(-11.2999999999946,2.09999999992009,60.));
#14570=CARTESIAN_POINT('',(-11.2999999999787,8.21382831210007,60.));
#14571=CARTESIAN_POINT('',(-11.2999999999787,8.21382831210007,35.));
#14572=CARTESIAN_POINT('',(-11.2999999999787,8.21382831210007,60.));
#14573=CARTESIAN_POINT('',(-11.2999999999946,2.09999999992009,35.));
#14574=CARTESIAN_POINT('',(-11.2999999999787,8.21382831210007,35.));
#14575=CARTESIAN_POINT('',(-11.2999999999946,2.09999999992009,60.));
#14576=CARTESIAN_POINT('Origin',(-7.59999999999455,2.09999999994919,60.));
#14577=CARTESIAN_POINT('',(-7.60000000002365,-1.6,60.));
#14578=CARTESIAN_POINT('Origin',(-7.59999999999455,2.09999999994919,60.));
#14579=CARTESIAN_POINT('',(-7.60000000002365,-1.6,35.));
#14580=CARTESIAN_POINT('Origin',(-7.59999999999455,2.09999999994919,35.));
#14581=CARTESIAN_POINT('',(-7.60000000002365,-1.6,60.));
#14582=CARTESIAN_POINT('Origin',(8.40000000003455,-1.6,60.));
#14583=CARTESIAN_POINT('',(8.40000000003455,-1.6,60.));
#14584=CARTESIAN_POINT('',(-7.60000000002365,-1.6,60.));
#14585=CARTESIAN_POINT('',(8.40000000003455,-1.6,35.));
#14586=CARTESIAN_POINT('',(-7.60000000002365,-1.6,35.));
#14587=CARTESIAN_POINT('',(8.40000000003455,-1.6,60.));
#14588=CARTESIAN_POINT('Origin',(8.40000000000545,2.0999999999492,60.));
#14589=CARTESIAN_POINT('',(12.0999999999896,2.10000000369043,60.));
#14590=CARTESIAN_POINT('Origin',(8.40000000000545,2.0999999999492,60.));
#14591=CARTESIAN_POINT('',(12.0999999999896,2.10000000369043,35.));
#14592=CARTESIAN_POINT('Origin',(8.40000000000545,2.0999999999492,35.));
#14593=CARTESIAN_POINT('',(12.0999999999896,2.10000000369043,60.));
#14594=CARTESIAN_POINT('Origin',(12.0999999938076,8.21382832709617,60.));
#14595=CARTESIAN_POINT('',(12.0999999938076,8.21382832709617,60.));
#14596=CARTESIAN_POINT('',(12.0999999999896,2.10000000369043,60.));
#14597=CARTESIAN_POINT('',(12.0999999938076,8.21382832709617,35.));
#14598=CARTESIAN_POINT('',(12.0999999999896,2.10000000369043,35.));
#14599=CARTESIAN_POINT('',(12.0999999938076,8.21382832709617,60.));
#14600=CARTESIAN_POINT('Origin',(10.0999999938076,8.21382832507389,60.));
#14601=CARTESIAN_POINT('',(10.0999999935554,10.2138283250739,60.));
#14602=CARTESIAN_POINT('Origin',(10.0999999938076,8.21382832507389,60.));
#14603=CARTESIAN_POINT('',(10.0999999935554,10.2138283250739,35.));
#14604=CARTESIAN_POINT('Origin',(10.0999999938076,8.21382832507389,35.));
#14605=CARTESIAN_POINT('',(10.0999999935554,10.2138283250739,60.));
#14606=CARTESIAN_POINT('Origin',(9.12120584718232,10.2138283249505,60.));
#14607=CARTESIAN_POINT('',(9.12120584718232,10.2138283249505,60.));
#14608=CARTESIAN_POINT('',(10.0999999935554,10.2138283250739,60.));
#14609=CARTESIAN_POINT('',(9.12120584718232,10.2138283249505,35.));
#14610=CARTESIAN_POINT('',(10.0999999935554,10.2138283250739,35.));
#14611=CARTESIAN_POINT('',(9.12120584718232,10.2138283249505,60.));
#14612=CARTESIAN_POINT('Origin',(9.1212058474345,8.21382832495047,60.));
#14613=CARTESIAN_POINT('',(7.52848183146885,9.42346885377143,60.));
#14614=CARTESIAN_POINT('Origin',(9.1212058474345,8.21382832495047,60.));
#14615=CARTESIAN_POINT('',(7.52848183146885,9.42346885377143,35.));
#14616=CARTESIAN_POINT('Origin',(9.1212058474345,8.21382832495047,35.));
#14617=CARTESIAN_POINT('',(7.52848183146885,9.42346885377143,60.));
#14618=CARTESIAN_POINT('Origin',(6.18740243493868,10.4419905473134,60.));
#14619=CARTESIAN_POINT('',(4.66021872312071,9.7323495829017,60.));
#14620=CARTESIAN_POINT('Origin',(6.18740243493868,10.4419905473134,60.));
#14621=CARTESIAN_POINT('',(4.66021872312071,9.7323495829017,35.));
#14622=CARTESIAN_POINT('Origin',(6.18740243493868,10.4419905473134,35.));
#14623=CARTESIAN_POINT('',(4.66021872312071,9.7323495829017,60.));
#14624=CARTESIAN_POINT('Origin',(2.48311636819028,8.7207090036968,60.));
#14625=CARTESIAN_POINT('',(3.73006779103226,10.7721239969173,60.));
#14626=CARTESIAN_POINT('Origin',(2.48311636819028,8.7207090036968,60.));
#14627=CARTESIAN_POINT('',(3.73006779103226,10.7721239969173,35.));
#14628=CARTESIAN_POINT('Origin',(2.48311636819028,8.7207090036968,35.));
#14629=CARTESIAN_POINT('',(3.73006779103226,10.7721239969173,60.));
#14630=CARTESIAN_POINT('Origin',(0.110489902635678,4.10837127407733,60.));
#14631=CARTESIAN_POINT('',(-3.50908796649611,10.7721240073815,60.));
#14632=CARTESIAN_POINT('Origin',(0.110489902635678,4.10837127407733,60.));
#14633=CARTESIAN_POINT('',(-3.50908796649611,10.7721240073815,35.));
#14634=CARTESIAN_POINT('Origin',(0.110489902635678,4.10837127407733,35.));
#14635=CARTESIAN_POINT('',(-3.50908796649611,10.7721240073815,60.));
#14636=CARTESIAN_POINT('Origin',(-2.26213657222694,8.72070899679298,60.));
#14637=CARTESIAN_POINT('',(-4.43923893010102,9.73234956966298,60.));
#14638=CARTESIAN_POINT('Origin',(-2.26213657222694,8.72070899679298,60.));
#14639=CARTESIAN_POINT('',(-4.43923893010102,9.73234956966298,35.));
#14640=CARTESIAN_POINT('Origin',(-2.26213657222694,8.72070899679298,35.));
#14641=CARTESIAN_POINT('',(-4.43923893010102,9.73234956966298,60.));
#14642=CARTESIAN_POINT('Origin',(-5.9664226439839,10.4419905296309,60.));
#14643=CARTESIAN_POINT('',(-7.30750203755038,9.42346883218669,60.));
#14644=CARTESIAN_POINT('Origin',(-5.9664226439839,10.4419905296309,60.));
#14645=CARTESIAN_POINT('',(-7.30750203755038,9.42346883218669,35.));
#14646=CARTESIAN_POINT('Origin',(-5.9664226439839,10.4419905296309,35.));
#14647=CARTESIAN_POINT('',(-7.30750203755038,9.42346883218669,60.));
#14648=CARTESIAN_POINT('Origin',(-8.90022606016872,8.21382831212527,60.));
#14649=CARTESIAN_POINT('',(-8.90022606029479,10.2138283121253,60.));
#14650=CARTESIAN_POINT('Origin',(-8.90022606016872,8.21382831212527,60.));
#14651=CARTESIAN_POINT('',(-8.90022606029479,10.2138283121253,35.));
#14652=CARTESIAN_POINT('Origin',(-8.90022606016872,8.21382831212527,35.));
#14653=CARTESIAN_POINT('',(-8.90022606029479,10.2138283121253,60.));
#14654=CARTESIAN_POINT('Origin',(-9.29999999994196,10.2138283121001,60.));
#14655=CARTESIAN_POINT('',(-9.29999999994196,10.2138283121001,60.));
#14656=CARTESIAN_POINT('',(-8.90022606029479,10.2138283121253,60.));
#14657=CARTESIAN_POINT('',(-9.29999999994196,10.2138283121001,35.));
#14658=CARTESIAN_POINT('',(-8.90022606029479,10.2138283121253,35.));
#14659=CARTESIAN_POINT('',(-9.29999999994196,10.2138283121001,60.));
#14660=CARTESIAN_POINT('Origin',(-9.29999999997868,8.21382831210007,60.));
#14661=CARTESIAN_POINT('Origin',(-9.29999999997868,8.21382831210007,60.));
#14662=CARTESIAN_POINT('Origin',(-9.29999999997868,8.21382831210007,35.));
#14663=CARTESIAN_POINT('Origin',(0.399999999997518,5.04585230358509,35.));
#14664=CARTESIAN_POINT('Origin',(-9.29999999994196,10.2138283121001,60.));
#14665=CARTESIAN_POINT('',(-9.29999999989794,9.51541292226512,80.));
#14666=CARTESIAN_POINT('',(-8.90022606025076,9.51541292229032,80.));
#14667=CARTESIAN_POINT('',(-8.90022606025076,9.51541292229032,80.));
#14668=CARTESIAN_POINT('',(-8.90022606029479,10.2138283121253,60.));
#14669=CARTESIAN_POINT('',(-9.29999999994196,10.2138283121001,60.));
#14670=CARTESIAN_POINT('Origin',(-8.90022606016872,8.21382831212527,60.));
#14671=CARTESIAN_POINT('',(-7.86369352212863,9.00105305449727,80.));
#14672=CARTESIAN_POINT('Origin',(-8.90022606016872,8.21382831212527,80.));
#14673=CARTESIAN_POINT('',(-7.30750203755038,9.42346883218669,60.));
#14674=CARTESIAN_POINT('Origin',(-5.9664226439839,10.4419905296309,60.));
#14675=CARTESIAN_POINT('',(-3.80586361979272,9.43803719640935,80.));
#14676=CARTESIAN_POINT('Origin',(-5.9664226439839,10.4419905296309,80.));
#14677=CARTESIAN_POINT('',(-4.43923893010102,9.73234956966298,60.));
#14678=CARTESIAN_POINT('Origin',(-2.26213657222694,8.72070899679298,60.));
#14679=CARTESIAN_POINT('',(-3.15988534271507,10.1669800946219,80.0000000000962));
#14680=CARTESIAN_POINT('Origin',(-2.26213657222694,8.72070899679298,80.));
#14681=CARTESIAN_POINT('Ctrl Pts',(-3.50908796649606,10.7721240073815,60.));
#14682=CARTESIAN_POINT('Ctrl Pts',(-3.39438961111126,10.5726693947526,66.5867505500273));
#14683=CARTESIAN_POINT('Ctrl Pts',(-3.27527375310249,10.3660796881631,73.4132506942736));
#14684=CARTESIAN_POINT('Ctrl Pts',(-3.15988534271677,10.1669800946248,80.0000000000963));
#14685=CARTESIAN_POINT('Origin',(0.110489902635678,4.10837127407733,60.));
#14686=CARTESIAN_POINT('',(3.38086516189776,10.1669800871127,80.0000000000961));
#14687=CARTESIAN_POINT('Origin',(0.110489902635678,4.10837127407733,80.));
#14688=CARTESIAN_POINT('Ctrl Pts',(3.73006779103222,10.7721239969174,60.));
#14689=CARTESIAN_POINT('Ctrl Pts',(3.61536943395469,10.5726693852263,66.5867505500276));
#14690=CARTESIAN_POINT('Ctrl Pts',(3.49625357413602,10.3660796796366,73.4132506942739));
#14691=CARTESIAN_POINT('Ctrl Pts',(3.38086516189945,10.1669800871156,80.0000000000962));
#14692=CARTESIAN_POINT('Origin',(2.48311636819028,8.7207090036968,60.));
#14693=CARTESIAN_POINT('',(4.0268434136688,9.43803720780508,80.));
#14694=CARTESIAN_POINT('Origin',(2.48311636819028,8.7207090036968,80.));
#14695=CARTESIAN_POINT('',(4.66021872312071,9.7323495829017,60.));
#14696=CARTESIAN_POINT('Origin',(6.18740243493868,10.4419905473134,60.));
#14697=CARTESIAN_POINT('',(8.08467331372391,9.00105307302311,80.));
#14698=CARTESIAN_POINT('Origin',(6.18740243493868,10.4419905473134,80.));
#14699=CARTESIAN_POINT('',(7.52848183146885,9.42346885377143,60.));
#14700=CARTESIAN_POINT('Origin',(9.1212058474345,8.21382832495047,60.));
#14701=CARTESIAN_POINT('',(9.12120584727038,9.51541293511552,80.));
#14702=CARTESIAN_POINT('Origin',(9.1212058474345,8.21382832495047,80.));
#14703=CARTESIAN_POINT('',(9.12120584718232,10.2138283249505,60.));
#14704=CARTESIAN_POINT('Origin',(9.12120584718232,10.2138283249505,60.));
#14705=CARTESIAN_POINT('',(10.0999999936435,9.51541293523893,80.));
#14706=CARTESIAN_POINT('',(10.0999999936435,9.51541293523893,80.));
#14707=CARTESIAN_POINT('',(10.0999999935554,10.2138283250739,60.));
#14708=CARTESIAN_POINT('Origin',(10.0999999938076,8.21382832507389,60.));
#14709=CARTESIAN_POINT('',(11.4015846039727,8.21382832638998,80.));
#14710=CARTESIAN_POINT('Origin',(10.0999999938076,8.21382832507389,80.));
#14711=CARTESIAN_POINT('',(12.0999999938076,8.21382832709617,60.));
#14712=CARTESIAN_POINT('Origin',(12.0999999938076,8.21382832709617,60.));
#14713=CARTESIAN_POINT('',(11.4015846101546,2.10000000298423,80.));
#14714=CARTESIAN_POINT('',(11.4015846101546,2.10000000298423,80.));
#14715=CARTESIAN_POINT('',(12.0999999999896,2.10000000369043,60.));
#14716=CARTESIAN_POINT('Origin',(8.40000000000545,2.0999999999492,60.));
#14717=CARTESIAN_POINT('',(8.40000000003455,-0.901584610165047,80.));
#14718=CARTESIAN_POINT('Origin',(8.40000000000545,2.0999999999492,80.));
#14719=CARTESIAN_POINT('',(8.40000000003455,-1.6,60.));
#14720=CARTESIAN_POINT('Origin',(8.40000000003455,-1.6,60.));
#14721=CARTESIAN_POINT('',(-7.60000000001816,-0.901584610199986,80.));
#14722=CARTESIAN_POINT('',(-7.60000000002365,-0.901584610165047,80.));
#14723=CARTESIAN_POINT('',(-7.60000000002365,-1.6,60.));
#14724=CARTESIAN_POINT('Origin',(-7.59999999999455,2.09999999994919,60.));
#14725=CARTESIAN_POINT('',(-10.6015846101596,2.09999999991828,80.));
#14726=CARTESIAN_POINT('Origin',(-7.59999999999455,2.09999999994919,80.));
#14727=CARTESIAN_POINT('',(-11.2999999999946,2.09999999992009,60.));
#14728=CARTESIAN_POINT('Origin',(-11.2999999999946,2.09999999992009,60.));
#14729=CARTESIAN_POINT('',(-10.6015846101437,8.21382831210007,80.));
#14730=CARTESIAN_POINT('',(-10.6015846101437,8.21382831209826,80.));
#14731=CARTESIAN_POINT('',(-11.2999999999787,8.21382831210007,60.));
#14732=CARTESIAN_POINT('Origin',(-9.29999999997868,8.21382831210007,60.));
#14733=CARTESIAN_POINT('Origin',(-9.29999999997868,8.21382831210007,80.));
#14734=CARTESIAN_POINT('Origin',(0.399999999997518,5.04585230358509,80.));
#14735=CARTESIAN_POINT('Origin',(4.40080000000001,12.3571428571429,-5.55096745533984E-15));
#14736=CARTESIAN_POINT('',(4.30092507822282,14.8727677313208,-1.64367164981861));
#14737=CARTESIAN_POINT('',(4.50067492177722,14.8727677313208,-1.64367164981861));
#14738=CARTESIAN_POINT('',(4.40080000000002,14.8727677313208,-1.64367164981861));
#14739=CARTESIAN_POINT('Ctrl Pts',(4.30092507822284,14.8727677313208,-1.64367164981861));
#14740=CARTESIAN_POINT('Ctrl Pts',(4.30092507822284,14.8900360484079,-1.61724264375503));
#14741=CARTESIAN_POINT('Ctrl Pts',(4.30688288279866,14.909954298218,-1.58557251009978));
#14742=CARTESIAN_POINT('Ctrl Pts',(4.32401993320946,14.932413701328,-1.5486117232323));
#14743=CARTESIAN_POINT('Ctrl Pts',(4.33246348195923,14.9405277336574,-1.53501980370082));
#14744=CARTESIAN_POINT('Ctrl Pts',(4.34872154276825,14.9510294595786,-1.51718726255075));
#14745=CARTESIAN_POINT('Ctrl Pts',(4.35760171640577,14.9554243018679,-1.50963314471948));
#14746=CARTESIAN_POINT('Ctrl Pts',(4.37287096430164,14.9600450170022,-1.50164478710903));
#14747=CARTESIAN_POINT('Ctrl Pts',(4.37827050928794,14.9612806313767,-1.49949793949708));
#14748=CARTESIAN_POINT('Ctrl Pts',(4.38939499203916,14.9629359292283,-1.49661964559542));
#14749=CARTESIAN_POINT('Ctrl Pts',(4.39511657650515,14.963360993735,-1.49587834548737));
#14750=CARTESIAN_POINT('Ctrl Pts',(4.40648342349489,14.963360993735,-1.49587834548737));
#14751=CARTESIAN_POINT('Ctrl Pts',(4.41220500796087,14.9629359292283,-1.49661964559542));
#14752=CARTESIAN_POINT('Ctrl Pts',(4.4233294907121,14.9612806313767,-1.49949793949708));
#14753=CARTESIAN_POINT('Ctrl Pts',(4.4287290356984,14.9600450170022,-1.50164478710903));
#14754=CARTESIAN_POINT('Ctrl Pts',(4.44399828359427,14.9554243018679,-1.50963314471948));
#14755=CARTESIAN_POINT('Ctrl Pts',(4.45287845723178,14.9510294595786,-1.51718726255075));
#14756=CARTESIAN_POINT('Ctrl Pts',(4.46913651804081,14.9405277336574,-1.53501980370082));
#14757=CARTESIAN_POINT('Ctrl Pts',(4.47758006679058,14.932413701328,-1.5486117232323));
#14758=CARTESIAN_POINT('Ctrl Pts',(4.49471711720137,14.909954298218,-1.58557251009978));
#14759=CARTESIAN_POINT('Ctrl Pts',(4.5006749217772,14.8900360484079,-1.61724264375503));
#14760=CARTESIAN_POINT('Ctrl Pts',(4.5006749217772,14.8727677313208,-1.64367164981861));
#14761=CARTESIAN_POINT('Origin',(4.40080000000001,12.3571428571429,-5.55096745533984E-15));
#14762=CARTESIAN_POINT('',(2.10092507822282,14.8728930283794,-1.64372652236132));
#14763=CARTESIAN_POINT('',(2.30067492177722,14.8728926257604,-1.64372635042909));
#14764=CARTESIAN_POINT('',(4.40080000000002,14.8727677313208,-1.64367164981861));
#14765=CARTESIAN_POINT('Ctrl Pts',(4.50067492177722,14.8727677313208,-1.64367164981861));
#14766=CARTESIAN_POINT('Ctrl Pts',(4.44460825511055,14.6095731227167,-2.04648866270977));
#14767=CARTESIAN_POINT('Ctrl Pts',(4.33247492177722,13.8864655096312,-2.72313157206026));
#14768=CARTESIAN_POINT('Ctrl Pts',(4.16427492177722,12.4547500535077,-3.12154670394086));
#14769=CARTESIAN_POINT('Ctrl Pts',(3.99607492177722,11.0014124130695,-2.81327646569894));
#14770=CARTESIAN_POINT('Ctrl Pts',(3.82787492177721,9.85443157336357,-1.86849690342487));
#14771=CARTESIAN_POINT('Ctrl Pts',(3.65967492177721,9.27465503067457,-0.500477409052429));
#14772=CARTESIAN_POINT('Ctrl Pts',(3.49147492177721,9.39184858307771,0.980789204035347));
#14773=CARTESIAN_POINT('Ctrl Pts',(3.32327492177721,10.1809908145678,2.23977493176248));
#14774=CARTESIAN_POINT('Ctrl Pts',(3.15507492177721,11.4621981428222,2.9923155521946));
#14775=CARTESIAN_POINT('Ctrl Pts',(2.98687492177721,12.9462026245695,3.06680022287141));
#14776=CARTESIAN_POINT('Ctrl Pts',(2.81867492177721,14.2970038542698,2.44781570926715));
#14777=CARTESIAN_POINT('Ctrl Pts',(2.65047492177722,15.208242220696,1.27416385078013));
#14778=CARTESIAN_POINT('Ctrl Pts',(2.48227492177722,15.4747805607162,-0.187604536274832));
#14779=CARTESIAN_POINT('Ctrl Pts',(2.36567492177722,15.1698285408906,-1.17146631737472));
#14780=CARTESIAN_POINT('Ctrl Pts',(2.30514158844388,14.8938754464214,-1.61165038826022));
#14781=CARTESIAN_POINT('Ctrl Pts',(2.30067492177722,14.8728926257604,-1.64372635042909));
#14782=CARTESIAN_POINT('Ctrl Pts',(2.10092507822282,14.8728930283794,-1.64372652236132));
#14783=CARTESIAN_POINT('Ctrl Pts',(2.10539174488948,14.8938758484051,-1.61165058287024));
#14784=CARTESIAN_POINT('Ctrl Pts',(2.10985841155615,14.9142380209504,-1.57917006043559));
#14785=CARTESIAN_POINT('Ctrl Pts',(2.11432507822282,14.9339596892664,-1.54630518179251));
#14786=CARTESIAN_POINT('Ctrl Pts',(2.17039174488948,15.1815107796214,-1.13377737673531));
#14787=CARTESIAN_POINT('Ctrl Pts',(2.22645841155615,15.3281448568921,-0.660690907508285));
#14788=CARTESIAN_POINT('Ctrl Pts',(2.28252507822282,15.3570393227941,-0.180519529622682));
#14789=CARTESIAN_POINT('Ctrl Pts',(2.33859174488948,15.3859337886962,0.299651848262921));
#14790=CARTESIAN_POINT('Ctrl Pts',(2.39465841155615,15.2970886432296,0.786908134807097));
#14791=CARTESIAN_POINT('Ctrl Pts',(2.45072507822281,15.100792627931,1.22614461317581));
#14792=CARTESIAN_POINT('Ctrl Pts',(2.50679174488948,14.9044966126323,1.66538109154453));
#14793=CARTESIAN_POINT('Ctrl Pts',(2.56285841155615,14.6007497275016,2.05659776173778));
#14794=CARTESIAN_POINT('Ctrl Pts',(2.61892507822281,14.223742959193,2.35537062442165));
#14795=CARTESIAN_POINT('Ctrl Pts',(2.67499174488948,13.8467361908844,2.65414348710552));
#14796=CARTESIAN_POINT('Ctrl Pts',(2.73105841155614,13.396469539398,2.86047254228));
#14797=CARTESIAN_POINT('Ctrl Pts',(2.78712507822281,12.9240021677156,2.95122246805801));
#14798=CARTESIAN_POINT('Ctrl Pts',(2.84319174488947,12.4515347960331,3.04197239383601));
#14799=CARTESIAN_POINT('Ctrl Pts',(2.89925841155614,11.9568667041547,3.01714319021754));
#14800=CARTESIAN_POINT('Ctrl Pts',(2.95532507822281,11.4959978618777,2.87930558140847));
#14801=CARTESIAN_POINT('Ctrl Pts',(3.01139174488947,11.0351290196008,2.74146797259941));
#14802=CARTESIAN_POINT('Ctrl Pts',(3.06745841155614,10.6080594269252,2.49062195859975));
#14803=CARTESIAN_POINT('Ctrl Pts',(3.12352507822281,10.2630013496538,2.15536773778892));
#14804=CARTESIAN_POINT('Ctrl Pts',(3.17959174488947,9.91794327238246,1.8201135169781));
#14805=CARTESIAN_POINT('Ctrl Pts',(3.23565841155614,9.65489671051525,1.4004510893561));
#14806=CARTESIAN_POINT('Ctrl Pts',(3.29172507822281,9.5038406736269,0.943742169785371));
#14807=CARTESIAN_POINT('Ctrl Pts',(3.34779174488947,9.35278463673855,0.487033250214644));
#14808=CARTESIAN_POINT('Ctrl Pts',(3.40385841155614,9.31371912482907,-0.00672216130481289));
#14809=CARTESIAN_POINT('Ctrl Pts',(3.45992507822281,9.39081626434445,-0.48160295493934));
#14810=CARTESIAN_POINT('Ctrl Pts',(3.51599174488947,9.46791340385983,-0.956483748573866));
#14811=CARTESIAN_POINT('Ctrl Pts',(3.57205841155614,9.66117319480007,-1.41248992432346));
#14812=CARTESIAN_POINT('Ctrl Pts',(3.62812507822281,9.94896619273658,-1.7979565677812));
#14813=CARTESIAN_POINT('Ctrl Pts',(3.68419174488948,10.2367591906731,-2.18342321123893));
#14814=CARTESIAN_POINT('Ctrl Pts',(3.74025841155615,10.6190853956059,-2.4983503224048));
#14815=CARTESIAN_POINT('Ctrl Pts',(3.79632507822281,11.0524716527283,-2.70719205591503));
#14816=CARTESIAN_POINT('Ctrl Pts',(3.85239174488948,11.4858579098507,-2.91603378942525));
#14817=CARTESIAN_POINT('Ctrl Pts',(3.90845841155615,11.9703042191628,-3.01879014527983));
#14818=CARTESIAN_POINT('Ctrl Pts',(3.96452507822281,12.4511465367892,-3.00376574555166));
#14819=CARTESIAN_POINT('Ctrl Pts',(4.02059174488948,12.9319888544156,-2.9887413458235));
#14820=CARTESIAN_POINT('Ctrl Pts',(4.07665841155615,13.4092271803564,-2.85593619051259));
#14821=CARTESIAN_POINT('Ctrl Pts',(4.13272507822282,13.8286232474317,-2.62037301973416));
#14822=CARTESIAN_POINT('Ctrl Pts',(4.18879174488948,14.2480193145069,-2.38480984895572));
#14823=CARTESIAN_POINT('Ctrl Pts',(4.24485841155615,14.6095731227167,-2.04648866270977));
#14824=CARTESIAN_POINT('Ctrl Pts',(4.30092507822282,14.8727677313208,-1.64367164981861));
#14825=CARTESIAN_POINT('Origin',(4.40080000000001,12.3571428571429,-5.55096745533984E-15));
#14826=CARTESIAN_POINT('',(-0.0990749217771824,14.872966170166,-1.64371012746848));
#14827=CARTESIAN_POINT('',(0.10067492177722,14.872966751122,-1.64371033104737));
#14828=CARTESIAN_POINT('',(4.40080000000002,14.8727677313208,-1.64367164981861));
#14829=CARTESIAN_POINT('Ctrl Pts',(2.30067492177722,14.8728926257604,-1.64372635042909));
#14830=CARTESIAN_POINT('Ctrl Pts',(2.24907492177722,14.6304940706617,-2.01427552533516));
#14831=CARTESIAN_POINT('Ctrl Pts',(2.14140825511055,13.9518894710164,-2.67479007365929));
#14832=CARTESIAN_POINT('Ctrl Pts',(1.97767492177722,12.5741917750363,-3.11530907695066));
#14833=CARTESIAN_POINT('Ctrl Pts',(1.80947492177721,11.1098304967441,-2.86340232007844));
#14834=CARTESIAN_POINT('Ctrl Pts',(1.64127492177721,9.92810506497948,-1.9626604831414));
#14835=CARTESIAN_POINT('Ctrl Pts',(1.47307492177721,9.29564098072887,-0.618115910671409));
#14836=CARTESIAN_POINT('Ctrl Pts',(1.30487492177721,9.35690056222575,0.866491159952249));
#14837=CARTESIAN_POINT('Ctrl Pts',(1.13667492177721,10.0965839883904,2.15516463798062));
#14838=CARTESIAN_POINT('Ctrl Pts',(0.968474921777208,11.3485007033863,2.95548672272177));
#14839=CARTESIAN_POINT('Ctrl Pts',(0.80027492177721,12.8284946275737,3.08750522616617));
#14840=CARTESIAN_POINT('Ctrl Pts',(0.632074921777213,14.2016821904792,2.51990781781684));
#14841=CARTESIAN_POINT('Ctrl Pts',(0.463874921777215,15.1577769501058,1.38250124529099));
#14842=CARTESIAN_POINT('Ctrl Pts',(0.295674921777217,15.4792596087691,-0.0681743918158037));
#14843=CARTESIAN_POINT('Ctrl Pts',(0.174608255110551,15.2025050921094,-1.10124290478234));
#14844=CARTESIAN_POINT('Ctrl Pts',(0.109608255110552,14.914956905934,-1.57957779451844));
#14845=CARTESIAN_POINT('Ctrl Pts',(0.100674921777219,14.872966751122,-1.64371033104737));
#14846=CARTESIAN_POINT('Ctrl Pts',(-0.0990749217771824,14.872966170166,
-1.64371012746848));
#14847=CARTESIAN_POINT('Ctrl Pts',(-0.0901415884438495,14.9149563044493,
-1.57957754252209));
#14848=CARTESIAN_POINT('Ctrl Pts',(-0.0812082551105167,14.9544757427108,
-1.51383711589647));
#14849=CARTESIAN_POINT('Ctrl Pts',(-0.0722749217771838,14.9913704336819,
-1.44665524043414));
#14850=CARTESIAN_POINT('Ctrl Pts',(-0.016208255110517,15.2229259195529,
-1.02501376831601));
#14851=CARTESIAN_POINT('Ctrl Pts',(0.0398584115561497,15.3510934633252,
-0.546594095335327));
#14852=CARTESIAN_POINT('Ctrl Pts',(0.095925078222816,15.3615963155355,-0.0656051011100059));
#14853=CARTESIAN_POINT('Ctrl Pts',(0.151991744889482,15.3720991677458,0.415383893115311));
#14854=CARTESIAN_POINT('Ctrl Pts',(0.208058411556148,15.2649373283942,0.898942208585268));
#14855=CARTESIAN_POINT('Ctrl Pts',(0.264125078222814,15.052007663313,1.3302894367163));
#14856=CARTESIAN_POINT('Ctrl Pts',(0.32019174488948,14.8390779982318,1.76163666484733));
#14857=CARTESIAN_POINT('Ctrl Pts',(0.376258411556146,14.5203805074211,2.14077280563944));
#14858=CARTESIAN_POINT('Ctrl Pts',(0.432325078222811,14.1321669895263,2.42493998753746));
#14859=CARTESIAN_POINT('Ctrl Pts',(0.488391744889477,13.7439534716315,2.70910716943548));
#14860=CARTESIAN_POINT('Ctrl Pts',(0.544458411556143,13.2862239266527,2.89830539243941));
#14861=CARTESIAN_POINT('Ctrl Pts',(0.600525078222809,12.8106934658237,2.9709019091047));
#14862=CARTESIAN_POINT('Ctrl Pts',(0.656591744889475,12.3351630049946,3.04349842576999));
#14863=CARTESIAN_POINT('Ctrl Pts',(0.712658411556141,11.8418316283154,2.99949323609664));
#14864=CARTESIAN_POINT('Ctrl Pts',(0.768725078222807,11.3865134259868,2.84410321913173));
#14865=CARTESIAN_POINT('Ctrl Pts',(0.824791744889473,10.9311952236582,2.68871320216682));
#14866=CARTESIAN_POINT('Ctrl Pts',(0.880858411556139,10.5138901956802,2.42193835791036));
#14867=CARTESIAN_POINT('Ctrl Pts',(0.936925078222805,10.1819566901543,2.07377227484482));
#14868=CARTESIAN_POINT('Ctrl Pts',(0.992991744889472,9.85002318462844,1.72560619177927));
#14869=CARTESIAN_POINT('Ctrl Pts',(1.04905841155614,9.60346120155468,1.29604886990465));
#14870=CARTESIAN_POINT('Ctrl Pts',(1.10512507822281,9.46997076991761,0.833835686263397));
#14871=CARTESIAN_POINT('Ctrl Pts',(1.16119174488947,9.33648033828054,0.371622502622143));
#14872=CARTESIAN_POINT('Ctrl Pts',(1.21725841155614,9.31606145808016,-0.123246542785744));
#14873=CARTESIAN_POINT('Ctrl Pts',(1.27332507822281,9.41126225117918,-0.594772027823632));
#14874=CARTESIAN_POINT('Ctrl Pts',(1.32939174488947,9.50646304427819,-1.06629751286152));
#14875=CARTESIAN_POINT('Ctrl Pts',(1.38545841155614,9.71728351067661,-1.51447943752941));
#14876=CARTESIAN_POINT('Ctrl Pts',(1.44152507822281,10.0196482722686,-1.88869364386913));
#14877=CARTESIAN_POINT('Ctrl Pts',(1.49759174488948,10.3220130338606,-2.26290785020885));
#14878=CARTESIAN_POINT('Ctrl Pts',(1.55365841155614,10.7159220906463,-2.5631543382204));
#14879=CARTESIAN_POINT('Ctrl Pts',(1.60972507822281,11.1569367398481,-2.7552625232356));
#14880=CARTESIAN_POINT('Ctrl Pts',(1.66579174488948,11.59795138905,-2.94737070825079));
#14881=CARTESIAN_POINT('Ctrl Pts',(1.72185841155615,12.0860716306681,-3.03134059026963));
#14882=CARTESIAN_POINT('Ctrl Pts',(1.77792507822281,12.5660118381016,-2.99790233066838));
#14883=CARTESIAN_POINT('Ctrl Pts',(1.83399174488948,13.045952045535,-2.96446407106713));
#14884=CARTESIAN_POINT('Ctrl Pts',(1.89005841155615,13.5177122187838,-2.81361766984578));
#14885=CARTESIAN_POINT('Ctrl Pts',(1.94612507822282,13.9278263571279,-2.56220989879143));
#14886=CARTESIAN_POINT('Ctrl Pts',(1.99772507822282,14.3052679065671,-2.33083104647743));
#14887=CARTESIAN_POINT('Ctrl Pts',(2.04932507822282,14.6304944806194,-2.01427543528814));
#14888=CARTESIAN_POINT('Ctrl Pts',(2.10092507822282,14.8728930283794,-1.64372652236132));
#14889=CARTESIAN_POINT('Origin',(4.40080000000001,12.3571428571429,-5.55096745533984E-15));
#14890=CARTESIAN_POINT('',(-2.29907492177718,14.8727549730278,-1.64361763935349));
#14891=CARTESIAN_POINT('',(-2.09932507822278,14.8727546308828,-1.64361764174956));
#14892=CARTESIAN_POINT('',(4.40080000000002,14.8727677313208,-1.64367164981861));
#14893=CARTESIAN_POINT('',(-3.09987492177719,9.46567778658737,-0.818202142356933));
#14894=CARTESIAN_POINT('Ctrl Pts',(-3.09987492177719,9.46567778658737,-0.818202142356933));
#14895=CARTESIAN_POINT('Ctrl Pts',(-3.04380825511052,9.59669324374414,-1.28120095213811));
#14896=CARTESIAN_POINT('Ctrl Pts',(-2.98774158844386,9.84083143962796,-1.71198967367625));
#14897=CARTESIAN_POINT('Ctrl Pts',(-2.93167492177719,10.1708374888632,-2.06195978093336));
#14898=CARTESIAN_POINT('Ctrl Pts',(-2.87560825511052,10.5008435380984,-2.41192988819046));
#14899=CARTESIAN_POINT('Ctrl Pts',(-2.81954158844386,10.9167174406851,-2.68108138116653));
#14900=CARTESIAN_POINT('Ctrl Pts',(-2.76347492177719,11.3711739471111,-2.83889250490177));
#14901=CARTESIAN_POINT('Ctrl Pts',(-2.70740825511052,11.8256304535372,-2.99670362863701));
#14902=CARTESIAN_POINT('Ctrl Pts',(-2.65134158844385,12.3186695638026,-3.04317438313142));
#14903=CARTESIAN_POINT('Ctrl Pts',(-2.59527492177719,12.7946276402907,-2.97315704996425));
#14904=CARTESIAN_POINT('Ctrl Pts',(-2.53920825511052,13.2705857167789,-2.90313971679708));
#14905=CARTESIAN_POINT('Ctrl Pts',(-2.48314158844385,13.7294627594898,-2.71663429596834));
#14906=CARTESIAN_POINT('Ctrl Pts',(-2.42707492177719,14.1191598900783,-2.43459619696241));
#14907=CARTESIAN_POINT('Ctrl Pts',(-2.38440825511052,14.4157189430827,-2.2199655389793));
#14908=CARTESIAN_POINT('Ctrl Pts',(-2.34174158844385,14.6722145813972,-1.95001007376769));
#14909=CARTESIAN_POINT('Ctrl Pts',(-2.29907492177718,14.8727549730278,-1.64361763935349));
#14910=CARTESIAN_POINT('',(-2.99999999999999,9.42330890833567,-0.650110268205621));
#14911=CARTESIAN_POINT('Ctrl Pts',(-2.99999999999999,9.42330890833567,-0.650110268205621));
#14912=CARTESIAN_POINT('Ctrl Pts',(-3.00568342349486,9.42330890833567,-0.650110268205621));
#14913=CARTESIAN_POINT('Ctrl Pts',(-3.01140500796084,9.42349342559767,-0.650944629677082));
#14914=CARTESIAN_POINT('Ctrl Pts',(-3.02252949071207,9.42421451315313,-0.654185712752145));
#14915=CARTESIAN_POINT('Ctrl Pts',(-3.02792903569837,9.42475327923566,-0.65660344488365));
#14916=CARTESIAN_POINT('Ctrl Pts',(-3.04319828359424,9.42677999307526,-0.665606627469643));
#14917=CARTESIAN_POINT('Ctrl Pts',(-3.05207845723175,9.42872068892594,-0.674127955686064));
#14918=CARTESIAN_POINT('Ctrl Pts',(-3.06833651804078,9.4334232731646,-0.694281651939377));
#14919=CARTESIAN_POINT('Ctrl Pts',(-3.07678006679054,9.43711221946204,-0.709675464735685));
#14920=CARTESIAN_POINT('Ctrl Pts',(-3.09391711720134,9.44752041372887,-0.751653959778059));
#14921=CARTESIAN_POINT('Ctrl Pts',(-3.09987492177719,9.45708180329767,-0.787824581430914));
#14922=CARTESIAN_POINT('Ctrl Pts',(-3.09987492177719,9.46567778658737,-0.818202142356933));
#14923=CARTESIAN_POINT('',(-2.90012507822279,9.46567778658737,-0.818202142356932));
#14924=CARTESIAN_POINT('Ctrl Pts',(-2.90012507822279,9.46567778658737,-0.818202142356932));
#14925=CARTESIAN_POINT('Ctrl Pts',(-2.90012507822279,9.45708180329767,-0.787824581430914));
#14926=CARTESIAN_POINT('Ctrl Pts',(-2.90608288279864,9.44752041372887,-0.751653959778059));
#14927=CARTESIAN_POINT('Ctrl Pts',(-2.92321993320944,9.43711221946204,-0.709675464735685));
#14928=CARTESIAN_POINT('Ctrl Pts',(-2.9316634819592,9.4334232731646,-0.694281651939377));
#14929=CARTESIAN_POINT('Ctrl Pts',(-2.94792154276823,9.42872068892594,-0.674127955686064));
#14930=CARTESIAN_POINT('Ctrl Pts',(-2.95680171640574,9.42677999307526,-0.665606627469643));
#14931=CARTESIAN_POINT('Ctrl Pts',(-2.97207096430161,9.42475327923566,-0.65660344488365));
#14932=CARTESIAN_POINT('Ctrl Pts',(-2.97747050928791,9.42421451315313,-0.654185712752145));
#14933=CARTESIAN_POINT('Ctrl Pts',(-2.98859499203914,9.42349342559767,-0.650944629677082));
#14934=CARTESIAN_POINT('Ctrl Pts',(-2.99431657650512,9.42330890833567,-0.650110268205621));
#14935=CARTESIAN_POINT('Ctrl Pts',(-2.99999999999999,9.42330890833567,-0.650110268205621));
#14936=CARTESIAN_POINT('Ctrl Pts',(-2.09932507822278,14.8727546308828,-1.64361764174956));
#14937=CARTESIAN_POINT('Ctrl Pts',(-2.14199174488945,14.672214427568,-1.95001032598655));
#14938=CARTESIAN_POINT('Ctrl Pts',(-2.24072507822278,14.078668624627,-2.57470489309142));
#14939=CARTESIAN_POINT('Ctrl Pts',(-2.39552507822278,12.8117081873372,-3.08964397140324));
#14940=CARTESIAN_POINT('Ctrl Pts',(-2.56372507822279,11.3325917360913,-2.95023320942908));
#14941=CARTESIAN_POINT('Ctrl Pts',(-2.73192507822279,10.0849694721447,-2.14277890662367));
#14942=CARTESIAN_POINT('Ctrl Pts',(-2.84405841155612,9.59669324374414,-1.28120095213811));
#14943=CARTESIAN_POINT('Ctrl Pts',(-2.90012507822279,9.46567778658737,-0.818202142356932));
#14944=CARTESIAN_POINT('Origin',(4.40080000000001,12.3571428571429,-5.55096745533984E-15));
#14945=CARTESIAN_POINT('Ctrl Pts',(0.100674921777219,14.872966751122,-1.64371033104737));
#14946=CARTESIAN_POINT('Ctrl Pts',(0.053541588443885,14.6514216805842,-1.98208125139029));
#14947=CARTESIAN_POINT('Ctrl Pts',(-0.0496584115561154,14.0157490519162,
-2.62495567981329));
#14948=CARTESIAN_POINT('Ctrl Pts',(-0.208925078222784,12.6932723918978,
-3.10513734106875));
#14949=CARTESIAN_POINT('Ctrl Pts',(-0.377125078222786,11.2204518694941,
-2.90864134542022));
#14950=CARTESIAN_POINT('Ctrl Pts',(-0.545325078222789,10.004663420124,-2.05443452477399));
#14951=CARTESIAN_POINT('Ctrl Pts',(-0.713525078222791,9.32193693390239,
-0.734701457880002));
#14952=CARTESIAN_POINT('Ctrl Pts',(-0.881725078222792,9.32554067085984,
0.751164760153746));
#14953=CARTESIAN_POINT('Ctrl Pts',(-1.04992507822279,10.0160923485094,2.06681968626067));
#14954=CARTESIAN_POINT('Ctrl Pts',(-1.21812507822279,11.2360106001994,2.91512004849719));
#14955=CARTESIAN_POINT('Ctrl Pts',(-1.38632507822279,12.709970517634,3.10286442800797));
#14956=CARTESIAN_POINT('Ctrl Pts',(-1.55452507822279,14.1041525831958,2.58898347284652));
#14957=CARTESIAN_POINT('Ctrl Pts',(-1.72272507822278,15.1024605075737,1.48844229165537));
#14958=CARTESIAN_POINT('Ctrl Pts',(-1.89092507822278,15.4800071355464,0.0513448461603769));
#14959=CARTESIAN_POINT('Ctrl Pts',(-2.01645841155611,15.2336296969462,-1.02991421290217));
#14960=CARTESIAN_POINT('Ctrl Pts',(-2.08592507822278,14.9357367884864,-1.54739118935638));
#14961=CARTESIAN_POINT('Ctrl Pts',(-2.09932507822278,14.8727546308828,-1.64361764174956));
#14962=CARTESIAN_POINT('Ctrl Pts',(-2.29907492177718,14.8727549730278,-1.64361763935349));
#14963=CARTESIAN_POINT('Ctrl Pts',(-2.28567492177718,14.9357371897743,-1.54739126542028));
#14964=CARTESIAN_POINT('Ctrl Pts',(-2.27227492177718,14.9932002465568,-1.4475709217782));
#14965=CARTESIAN_POINT('Ctrl Pts',(-2.25887492177718,15.0446518520132,-1.34474170896878));
#14966=CARTESIAN_POINT('Ctrl Pts',(-2.20280825511052,15.2599294648932,-0.914496097164196));
#14967=CARTESIAN_POINT('Ctrl Pts',(-2.14674158844385,15.369967472187,-0.431575650738154));
#14968=CARTESIAN_POINT('Ctrl Pts',(-2.09067492177718,15.3620625201607,0.049400934169405));
#14969=CARTESIAN_POINT('Ctrl Pts',(-2.03460825511052,15.3541575681345,0.530377519076964));
#14970=CARTESIAN_POINT('Ctrl Pts',(-1.97854158844385,15.2283096567883,1.00941024246604));
#14971=CARTESIAN_POINT('Ctrl Pts',(-1.92247492177719,14.9990006882069,1.43234979629119));
#14972=CARTESIAN_POINT('Ctrl Pts',(-1.86640825511052,14.7696917196255,1.85528935011634));
#14973=CARTESIAN_POINT('Ctrl Pts',(-1.81034158844386,14.4369216938088,2.22213573437756));
#14974=CARTESIAN_POINT('Ctrl Pts',(-1.75427492177719,14.0381731823064,2.49120620982701));
#14975=CARTESIAN_POINT('Ctrl Pts',(-1.69820825511052,13.6394246708041,2.76027668527645));
#14976=CARTESIAN_POINT('Ctrl Pts',(-1.64214158844386,13.1746976736161,2.93157125191412));
#14977=CARTESIAN_POINT('Ctrl Pts',(-1.58607492177719,12.6966742597642,2.98592732004437));
#14978=CARTESIAN_POINT('Ctrl Pts',(-1.53000825511053,12.2186508459123,3.04028338817462));
#14979=CARTESIAN_POINT('Ctrl Pts',(-1.47394158844386,11.7273310153965,2.97770095779746));
#14980=CARTESIAN_POINT('Ctrl Pts',(-1.41787492177719,11.2783511193015,2.80502675668649));
#14981=CARTESIAN_POINT('Ctrl Pts',(-1.36180825511053,10.8293712232064,2.63235255557552));
#14982=CARTESIAN_POINT('Ctrl Pts',(-1.30574158844386,10.4227312615322,2.34958658373073));
#14983=CARTESIAN_POINT('Ctrl Pts',(-1.24967492177719,10.1043197728122,1.98892755722093));
#14984=CARTESIAN_POINT('Ctrl Pts',(-1.19360825511053,9.78590828409226,1.62826853071112));
#14985=CARTESIAN_POINT('Ctrl Pts',(-1.13754158844386,9.55572526832651,1.18971644953629));
#14986=CARTESIAN_POINT('Ctrl Pts',(-1.08147492177719,9.44003264741238,0.722796049718147));
#14987=CARTESIAN_POINT('Ctrl Pts',(-1.02540825511053,9.32434002649824,0.255875649899996));
#14988=CARTESIAN_POINT('Ctrl Pts',(-0.96934158844386,9.32313780043572,-0.239413068561475));
#14989=CARTESIAN_POINT('Ctrl Pts',(-0.913274921777193,9.43632486625495,
-0.707012705443818));
#14990=CARTESIAN_POINT('Ctrl Pts',(-0.857208255110525,9.54951193207418,
-1.17461234232616));
#14991=CARTESIAN_POINT('Ctrl Pts',(-0.801141588443858,9.77708828977516,
-1.61452289762937));
#14992=CARTESIAN_POINT('Ctrl Pts',(-0.74507492177719,10.0935075874364,-1.9768463744892));
#14993=CARTESIAN_POINT('Ctrl Pts',(-0.689008255110523,10.4099268850977,
-2.33916985134903));
#14994=CARTESIAN_POINT('Ctrl Pts',(-0.632941588443855,10.8151891227192,
-2.62390624976547));
#14995=CARTESIAN_POINT('Ctrl Pts',(-0.576874921777187,11.2632903842357,
-2.79902329446337));
#14996=CARTESIAN_POINT('Ctrl Pts',(-0.52080825511052,11.7113916457523,-2.97414033916128));
#14997=CARTESIAN_POINT('Ctrl Pts',(-0.464741588443852,12.2023319311638,
-3.03963803014065));
#14998=CARTESIAN_POINT('Ctrl Pts',(-0.408674921777185,12.6805780530856,
-2.98786813128756));
#14999=CARTESIAN_POINT('Ctrl Pts',(-0.352608255110518,13.1588241750073,
-2.93609823243448));
#15000=CARTESIAN_POINT('Ctrl Pts',(-0.296541588443851,13.6243761334394,
-2.76706074374894));
#15001=CARTESIAN_POINT('Ctrl Pts',(-0.240474921777184,14.0246238266402,
-2.50011036377839));
#15002=CARTESIAN_POINT('Ctrl Pts',(-0.19334158844385,14.3610984034453,-2.2756942892966));
#15003=CARTESIAN_POINT('Ctrl Pts',(-0.146208255110516,14.6514212079399,
-1.98208130326774));
#15004=CARTESIAN_POINT('Ctrl Pts',(-0.0990749217771824,14.872966170166,
-1.64371012746848));
#15005=CARTESIAN_POINT('Origin',(-2.99999999999999,8.50827088302573,-1.0891209881623));
#15006=CARTESIAN_POINT('',(-3.00000000000002,3.86151578751922,19.0048499255816));
#15007=CARTESIAN_POINT('Origin',(-3.00000000000002,2.89929779398994,18.732569678541));
#15008=CARTESIAN_POINT('',(-2.99999999999999,9.47048887655501,-0.816840741121729));
#15009=CARTESIAN_POINT('',(-2.99999999999999,7.54605288949644,-1.36140123520287));
#15010=CARTESIAN_POINT('Origin',(-2.99999999999999,8.50827088302573,-1.0891209881623));
#15011=CARTESIAN_POINT('Origin',(-2.99999999999999,8.50827088302573,-1.0891209881623));
#15012=CARTESIAN_POINT('Ctrl Pts',(4.30092507822282,14.8727677313208,-1.64367164981861));
#15013=CARTESIAN_POINT('Ctrl Pts',(4.24485841155615,14.6095731227167,-2.04648866270977));
#15014=CARTESIAN_POINT('Ctrl Pts',(4.13272507822282,13.8864655062972,-2.72313103520168));
#15015=CARTESIAN_POINT('Ctrl Pts',(3.96452507822281,12.4547505284748,-3.1215465011344));
#15016=CARTESIAN_POINT('Ctrl Pts',(3.79632507822281,11.0014116005386,-2.81327743357068));
#15017=CARTESIAN_POINT('Ctrl Pts',(3.62812507822281,9.85443298574031,-1.86849610007306));
#15018=CARTESIAN_POINT('Ctrl Pts',(3.45992507822281,9.27465361291959,-0.500477572824269));
#15019=CARTESIAN_POINT('Ctrl Pts',(3.29172507822281,9.39185014864804,0.9807886617341));
#15020=CARTESIAN_POINT('Ctrl Pts',(3.12352507822281,10.1809898342497,2.23977594460009));
#15021=CARTESIAN_POINT('Ctrl Pts',(2.95532507822281,11.4621986122763,2.99231398659906));
#15022=CARTESIAN_POINT('Ctrl Pts',(2.78712507822281,12.9462028879116,3.06680159745448));
#15023=CARTESIAN_POINT('Ctrl Pts',(2.61892507822281,14.2970028423709,2.44781443193104));
#15024=CARTESIAN_POINT('Ctrl Pts',(2.45072507822281,15.2082434977631,1.27416442135127));
#15025=CARTESIAN_POINT('Ctrl Pts',(2.28252507822282,15.4747789341627,-0.187604438281255));
#15026=CARTESIAN_POINT('Ctrl Pts',(2.11432507822282,15.0348767023507,-1.60686384596234));
#15027=CARTESIAN_POINT('Ctrl Pts',(1.94612507822282,13.9894723920326,-2.66277126862444));
#15028=CARTESIAN_POINT('Ctrl Pts',(1.77792507822282,12.5741918722862,-3.11531047228847));
#15029=CARTESIAN_POINT('Ctrl Pts',(1.60972507822281,11.1098311474319,-2.86340082623196));
#15030=CARTESIAN_POINT('Ctrl Pts',(1.44152507822281,9.92810397707503,-1.9626613621973));
#15031=CARTESIAN_POINT('Ctrl Pts',(1.27332507822281,9.29564257787978,-0.61811558819363));
#15032=CARTESIAN_POINT('Ctrl Pts',(1.10512507822281,9.35689921848092,0.866491548030029));
#15033=CARTESIAN_POINT('Ctrl Pts',(0.936925078222805,10.0965851677022,2.15516351365389));
#15034=CARTESIAN_POINT('Ctrl Pts',(0.768725078222808,11.3485002516362,2.95548804642329));
#15035=CARTESIAN_POINT('Ctrl Pts',(0.600525078222809,12.8284943816738,3.08750361544334));
#15036=CARTESIAN_POINT('Ctrl Pts',(0.432325078222812,14.2016830166104,2.51990894643155));
#15037=CARTESIAN_POINT('Ctrl Pts',(0.264125078222814,15.1577754890426,1.38250052405522));
#15038=CARTESIAN_POINT('Ctrl Pts',(0.0959250782228161,15.4792610070974,
-0.0681744223546499));
#15039=CARTESIAN_POINT('Ctrl Pts',(-0.0722749217771831,15.0947583757807,
-1.50343344129669));
#15040=CARTESIAN_POINT('Ctrl Pts',(-0.240474921777184,14.0899280918714,
-2.59802325506341));
#15041=CARTESIAN_POINT('Ctrl Pts',(-0.408674921777185,12.6932722165753,
-3.10513572112002));
#15042=CARTESIAN_POINT('Ctrl Pts',(-0.576874921777187,11.2204513603407,
-2.90864264818191));
#15043=CARTESIAN_POINT('Ctrl Pts',(-0.74507492177719,10.0046646474762,-2.05443345293259));
#15044=CARTESIAN_POINT('Ctrl Pts',(-0.913274921777192,9.32193557437319,
-0.734701787022947));
#15045=CARTESIAN_POINT('Ctrl Pts',(-1.08147492177719,9.32554225256077,0.751164368361466));
#15046=CARTESIAN_POINT('Ctrl Pts',(-1.24967492177719,10.016091299858,2.06682061188595));
#15047=CARTESIAN_POINT('Ctrl Pts',(-1.41787492177719,11.2360111848807,2.9151185274203));
#15048=CARTESIAN_POINT('Ctrl Pts',(-1.58607492177719,12.7099706764281,3.10286581855178));
#15049=CARTESIAN_POINT('Ctrl Pts',(-1.75427492177719,14.1041516679921,2.58898211863879));
#15050=CARTESIAN_POINT('Ctrl Pts',(-1.92247492177719,15.1024617454421,1.48844296585511));
#15051=CARTESIAN_POINT('Ctrl Pts',(-2.09067492177718,15.4800054794807,0.0513447956878884));
#15052=CARTESIAN_POINT('Ctrl Pts',(-2.25887492177718,15.1498914575995,-1.39741654359024));
#15053=CARTESIAN_POINT('Ctrl Pts',(-2.42707492177719,14.1883398022006,-2.53012887513959));
#15054=CARTESIAN_POINT('Ctrl Pts',(-2.59527492177719,12.811708674068,-3.08964513762583));
#15055=CARTESIAN_POINT('Ctrl Pts',(-2.76347492177719,11.3325913432718,-2.9502328741426));
#15056=CARTESIAN_POINT('Ctrl Pts',(-2.93167492177719,10.0849696355118,-2.14277839521439));
#15057=CARTESIAN_POINT('Ctrl Pts',(-3.04380825511052,9.59669324374414,-1.28120095213811));
#15058=CARTESIAN_POINT('Ctrl Pts',(-3.09987492177719,9.46567778658737,-0.818202142356933));
#15059=CARTESIAN_POINT('Ctrl Pts',(4.01270191772012,14.8969871464671,-1.65949625326399));
#15060=CARTESIAN_POINT('Ctrl Pts',(3.95663525105345,14.6315344170167,-2.06576930007213));
#15061=CARTESIAN_POINT('Ctrl Pts',(3.84450191772012,13.9009002691374,-2.74956933568993));
#15062=CARTESIAN_POINT('Ctrl Pts',(3.67630191772011,12.4557789299194,-3.15139759785892));
#15063=CARTESIAN_POINT('Ctrl Pts',(3.50810191772011,10.9883128711375,-2.84041888907442));
#15064=CARTESIAN_POINT('Ctrl Pts',(3.33990191772011,9.83050662659704,-1.8863655503917));
#15065=CARTESIAN_POINT('Ctrl Pts',(3.17170191772011,9.24491278242716,-0.505306053147561));
#15066=CARTESIAN_POINT('Ctrl Pts',(3.00350191772011,9.36349238074908,0.990169175019724));
#15067=CARTESIAN_POINT('Ctrl Pts',(2.83530191772011,10.159995517989,2.26138287896304));
#15068=CARTESIAN_POINT('Ctrl Pts',(2.66710191772011,11.4536399411101,3.02093261502697));
#15069=CARTESIAN_POINT('Ctrl Pts',(2.49890191772011,12.9518852617347,3.09638689070425));
#15070=CARTESIAN_POINT('Ctrl Pts',(2.33070191772011,14.3155558673953,2.47122540958519));
#15071=CARTESIAN_POINT('Ctrl Pts',(2.16250191772012,15.2357478898481,1.28645623069229));
#15072=CARTESIAN_POINT('Ctrl Pts',(1.99430191772011,15.5045961281728,-0.189398688565829));
#15073=CARTESIAN_POINT('Ctrl Pts',(1.82610191772012,15.0607086818102,-1.62236520192407));
#15074=CARTESIAN_POINT('Ctrl Pts',(1.65790191772012,14.0050840454905,-2.68823808401092));
#15075=CARTESIAN_POINT('Ctrl Pts',(1.48970191772012,12.576285731567,-3.14536375424096));
#15076=CARTESIAN_POINT('Ctrl Pts',(1.32150191772011,11.0979018270221,-2.8907864688097));
#15077=CARTESIAN_POINT('Ctrl Pts',(1.15330191772011,9.9046711303677,-1.98159508175594));
#15078=CARTESIAN_POINT('Ctrl Pts',(0.985101917720108,9.26636230717191,-0.624027262307684));
#15079=CARTESIAN_POINT('Ctrl Pts',(0.816901917720106,9.32795598202654,0.874850558984589));
#15080=CARTESIAN_POINT('Ctrl Pts',(0.648701917720105,10.0749651330762,2.17577555570396));
#15081=CARTESIAN_POINT('Ctrl Pts',(0.480501917720108,11.3387699147598,2.98399952709787));
#15082=CARTESIAN_POINT('Ctrl Pts',(0.312301917720109,12.8330024003833,3.11703258339937));
#15083=CARTESIAN_POINT('Ctrl Pts',(0.144101917720112,14.2194772253663,2.54421841209279));
#15084=CARTESIAN_POINT('Ctrl Pts',(-0.0240980822798859,15.1845608150119,
1.39572279645516));
#15085=CARTESIAN_POINT('Ctrl Pts',(-0.192298082279884,15.5093799623026,
-0.0688320985196266));
#15086=CARTESIAN_POINT('Ctrl Pts',(-0.360498082279883,15.1209410039395,
-1.51781231907812));
#15087=CARTESIAN_POINT('Ctrl Pts',(-0.528698082279883,14.1066442060835,
-2.62308628693866));
#15088=CARTESIAN_POINT('Ctrl Pts',(-0.696898082279885,12.6964869645676,
-3.13483332203629));
#15089=CARTESIAN_POINT('Ctrl Pts',(-0.865098082279886,11.2094857447269,
-2.93670221476825));
#15090=CARTESIAN_POINT('Ctrl Pts',(-1.03329808227989,9.98216547336605,-2.07408210616844));
#15091=CARTESIAN_POINT('Ctrl Pts',(-1.20149808227989,9.29265506101476,-0.741789433805356));
#15092=CARTESIAN_POINT('Ctrl Pts',(-1.3696980822799,9.29654790696353,0.758348539580677));
#15093=CARTESIAN_POINT('Ctrl Pts',(-1.53789808227989,9.99350732691187,2.08675912554194));
#15094=CARTESIAN_POINT('Ctrl Pts',(-1.70609808227989,11.225288510737,2.94299885868607));
#15095=CARTESIAN_POINT('Ctrl Pts',(-1.87429808227989,12.7133746392645,3.13279894378033));
#15096=CARTESIAN_POINT('Ctrl Pts',(-2.04249808227989,14.1208595519008,2.61374344656195));
#15097=CARTESIAN_POINT('Ctrl Pts',(-2.21069808227989,15.1289467057577,1.50280151052036));
#15098=CARTESIAN_POINT('Ctrl Pts',(-2.37889808227988,15.5098704251692,0.0518367801716228));
#15099=CARTESIAN_POINT('Ctrl Pts',(-2.54709808227988,15.1768368639649,-1.41089898759772));
#15100=CARTESIAN_POINT('Ctrl Pts',(-2.71529808227988,14.2058444996361,-2.55432336798892));
#15101=CARTESIAN_POINT('Ctrl Pts',(-2.88349808227988,12.8161124223502,-3.11945859632913));
#15102=CARTESIAN_POINT('Ctrl Pts',(-3.05169808227989,11.3227029796045,-2.97841737075282));
#15103=CARTESIAN_POINT('Ctrl Pts',(-3.21989808227989,10.0633038769023,-2.16370543549339));
#15104=CARTESIAN_POINT('Ctrl Pts',(-3.33203141561322,9.56997946011933,-1.29305064364774));
#15105=CARTESIAN_POINT('Ctrl Pts',(-3.38809808227989,9.43783993459133,-0.826079460458996));
#15106=CARTESIAN_POINT('Ctrl Pts',(3.46504364205325,15.168313045491,-1.83677653565619));
#15107=CARTESIAN_POINT('Ctrl Pts',(3.40897697538659,14.8740817612889,-2.28709490513201));
#15108=CARTESIAN_POINT('Ctrl Pts',(3.29684364205326,14.0662572871396,-3.04296233796681));
#15109=CARTESIAN_POINT('Ctrl Pts',(3.12864364205325,12.4661807017935,-3.48836241066319));
#15110=CARTESIAN_POINT('Ctrl Pts',(2.96044364205325,10.8421544610532,-3.14376850414993));
#15111=CARTESIAN_POINT('Ctrl Pts',(2.79224364205325,9.56033428816601,-2.08806436911292));
#15112=CARTESIAN_POINT('Ctrl Pts',(2.62404364205324,8.91253764809374,-0.55927138311693));
#15113=CARTESIAN_POINT('Ctrl Pts',(2.45584364205324,9.0433961542276,1.09604152462037));
#15114=CARTESIAN_POINT('Ctrl Pts',(2.28764364205325,9.9253450817129,2.50289532886314));
#15115=CARTESIAN_POINT('Ctrl Pts',(2.11944364205324,11.3570330237744,3.34394224726748));
#15116=CARTESIAN_POINT('Ctrl Pts',(1.95124364205325,13.0154032639792,3.42707640364921));
#15117=CARTESIAN_POINT('Ctrl Pts',(1.78304364205325,14.5249566772318,2.7354583005682));
#15118=CARTESIAN_POINT('Ctrl Pts',(1.61484364205325,15.5431786915285,1.4238478358635));
#15119=CARTESIAN_POINT('Ctrl Pts',(1.44664364205325,15.8411338628083,-0.209649929371141));
#15120=CARTESIAN_POINT('Ctrl Pts',(1.27844364205325,15.3494454819928,-1.79563136918822));
#15121=CARTESIAN_POINT('Ctrl Pts',(1.11024364205326,14.1812882323285,-2.97567482697865));
#15122=CARTESIAN_POINT('Ctrl Pts',(0.942043642053253,12.5996898683705,-3.48128388393107));
#15123=CARTESIAN_POINT('Ctrl Pts',(0.773843642053251,10.9632589355388,-3.19988046203004));
#15124=CARTESIAN_POINT('Ctrl Pts',(0.605643642053248,9.64275083078345,-2.19322646356065));
#15125=CARTESIAN_POINT('Ctrl Pts',(0.437443642053245,8.93588417801829,-0.690750654197183));
#15126=CARTESIAN_POINT('Ctrl Pts',(0.269243642053244,9.00444336853513,0.968283286284116));
#15127=CARTESIAN_POINT('Ctrl Pts',(0.101043642053243,9.83094592466201,2.40841783532752));
#15128=CARTESIAN_POINT('Ctrl Pts',(-0.0671563579467553,11.230009212348,
3.3026862000454));
#15129=CARTESIAN_POINT('Ctrl Pts',(-0.235356357946753,12.8838831305366,
3.45031767982735));
#15130=CARTESIAN_POINT('Ctrl Pts',(-0.40355635794675,14.4183717419651,2.8159371217365));
#15131=CARTESIAN_POINT('Ctrl Pts',(-0.571756357946747,15.4868792034938,
1.54495883878153));
#15132=CARTESIAN_POINT('Ctrl Pts',(-0.739956357946745,15.8460341557954,
-0.076183263216305));
#15133=CARTESIAN_POINT('Ctrl Pts',(-0.908156357946744,15.4164569185237,
-1.68010264257775));
#15134=CARTESIAN_POINT('Ctrl Pts',(-1.07635635794675,14.293488324027,-2.90322796660955));
#15135=CARTESIAN_POINT('Ctrl Pts',(-1.24455635794674,12.7327709434406,-3.47002174329962));
#15136=CARTESIAN_POINT('Ctrl Pts',(-1.41275635794675,11.0869176807378,-3.25033760314224));
#15137=CARTESIAN_POINT('Ctrl Pts',(-1.58095635794675,9.72822378284592,-2.29585093734836));
#15138=CARTESIAN_POINT('Ctrl Pts',(-1.74915635794675,8.96537233764425,-0.821011422427826));
#15139=CARTESIAN_POINT('Ctrl Pts',(-1.91735635794676,8.96929739329874,0.839434055512133));
#15140=CARTESIAN_POINT('Ctrl Pts',(-2.08555635794675,9.74107450310194,2.30962190946233));
#15141=CARTESIAN_POINT('Ctrl Pts',(-2.25375635794676,11.1042665110058,3.25767551085223));
#15142=CARTESIAN_POINT('Ctrl Pts',(-2.42195635794675,12.7514192833912,3.46737732866822));
#15143=CARTESIAN_POINT('Ctrl Pts',(-2.59015635794675,14.3094437630828,2.8932145797584));
#15144=CARTESIAN_POINT('Ctrl Pts',(-2.75835635794674,15.4249697132212,1.66329907982773));
#15145=CARTESIAN_POINT('Ctrl Pts',(-2.92655635794675,15.8469755185008,0.0573779617415477));
#15146=CARTESIAN_POINT('Ctrl Pts',(-3.09475635794674,15.4779700537717,-1.56157841140424));
#15147=CARTESIAN_POINT('Ctrl Pts',(-3.26295635794675,14.403528390579,-2.8274471223357));
#15148=CARTESIAN_POINT('Ctrl Pts',(-3.43115635794674,12.8651013510433,-3.45260023988383));
#15149=CARTESIAN_POINT('Ctrl Pts',(-3.59935635794675,11.2122333012378,-3.29692943031713));
#15150=CARTESIAN_POINT('Ctrl Pts',(-3.76755635794675,9.81793805827899,-2.39439573056216));
#15151=CARTESIAN_POINT('Ctrl Pts',(-3.87968969128009,9.27244249819781,-1.4319246655495));
#15152=CARTESIAN_POINT('Ctrl Pts',(-3.93575635794675,9.1259773163538,-0.914327686232642));
#15153=CARTESIAN_POINT('Ctrl Pts',(3.32037460395747,15.8902368848795,-2.30847076968574));
#15154=CARTESIAN_POINT('Ctrl Pts',(3.26430793729081,15.5206422825635,-2.87413202876412));
#15155=CARTESIAN_POINT('Ctrl Pts',(3.15217460395747,14.5049609464605,-3.824569493205));
#15156=CARTESIAN_POINT('Ctrl Pts',(2.98397460395747,12.494245513315,-4.38404879518979));
#15157=CARTESIAN_POINT('Ctrl Pts',(2.81577460395747,10.45306412701,-3.95114563834564));
#15158=CARTESIAN_POINT('Ctrl Pts',(2.64757460395746,8.84221902477291,-2.62420526465167));
#15159=CARTESIAN_POINT('Ctrl Pts',(2.47937460395746,8.02789864405469,-0.702902524382067));
#15160=CARTESIAN_POINT('Ctrl Pts',(2.31117460395746,8.19254417013388,1.37746662282771));
#15161=CARTESIAN_POINT('Ctrl Pts',(2.14297460395746,9.30081531132483,3.14568339765864));
#15162=CARTESIAN_POINT('Ctrl Pts',(1.97477460395746,11.1002403999719,4.20254911913687));
#15163=CARTESIAN_POINT('Ctrl Pts',(1.80657460395746,13.1844560814332,4.3072107005146));
#15164=CARTESIAN_POINT('Ctrl Pts',(1.63837460395747,15.0815751771212,3.43782785257521));
#15165=CARTESIAN_POINT('Ctrl Pts',(1.47017460395747,16.3614094430366,1.78951733843795));
#15166=CARTESIAN_POINT('Ctrl Pts',(1.30197460395747,16.7357003201552,-0.263480659567162));
#15167=CARTESIAN_POINT('Ctrl Pts',(1.13377460395748,16.1179221274932,-2.25678151654635));
#15168=CARTESIAN_POINT('Ctrl Pts',(0.965574603957474,14.6496646539314,-3.73972352860175));
#15169=CARTESIAN_POINT('Ctrl Pts',(0.797374603957472,12.6619802616497,-4.37533964624151));
#15170=CARTESIAN_POINT('Ctrl Pts',(0.629174603957469,10.6053585404579,-4.02149729052224));
#15171=CARTESIAN_POINT('Ctrl Pts',(0.460974603957464,8.94564656834233,-2.75648611798591));
#15172=CARTESIAN_POINT('Ctrl Pts',(0.292774603957461,8.05742520497184,-0.868111142656954));
#15173=CARTESIAN_POINT('Ctrl Pts',(0.124574603957459,8.14341037130523,1.21695569570696));
#15174=CARTESIAN_POINT('Ctrl Pts',(-0.043625396042541,9.18230734690212,
3.02681488092628));
#15175=CARTESIAN_POINT('Ctrl Pts',(-0.21182539604254,10.9405411989864,4.1508748929853));
#15176=CARTESIAN_POINT('Ctrl Pts',(-0.380025396042536,13.0191315181231,
4.33623798330286));
#15177=CARTESIAN_POINT('Ctrl Pts',(-0.548225396042533,14.9477320650178,
3.53911997411074));
#15178=CARTESIAN_POINT('Ctrl Pts',(-0.71642539604253,16.2904854886748,1.94164996419429));
#15179=CARTESIAN_POINT('Ctrl Pts',(-0.884625396042526,16.7420436377129,
-0.0957484834011778));
#15180=CARTESIAN_POINT('Ctrl Pts',(-1.05282539604253,16.2019812359153,-2.11149394635997));
#15181=CARTESIAN_POINT('Ctrl Pts',(-1.22102539604253,14.7907763597507,-3.64882866439815));
#15182=CARTESIAN_POINT('Ctrl Pts',(-1.38922539604253,12.8292190312618,-4.36100135699249));
#15183=CARTESIAN_POINT('Ctrl Pts',(-1.55742539604253,10.760701214061,-4.08508224438546));
#15184=CARTESIAN_POINT('Ctrl Pts',(-1.72562539604254,9.05320976316376,-2.88534475750083));
#15185=CARTESIAN_POINT('Ctrl Pts',(-1.89382539604254,8.09430521461451,-1.03186179654312));
#15186=CARTESIAN_POINT('Ctrl Pts',(-2.06202539604254,8.09941773365127,1.05497122598452));
#15187=CARTESIAN_POINT('Ctrl Pts',(-2.23022539604254,9.06922155778438,2.90277397065289));
#15188=CARTESIAN_POINT('Ctrl Pts',(-2.39842539604254,10.78257180288,4.09413211867449));
#15189=CARTESIAN_POINT('Ctrl Pts',(-2.56662539604253,12.852676674205,4.35786156570638));
#15190=CARTESIAN_POINT('Ctrl Pts',(-2.73482539604254,14.8107256169142,3.63609055532907));
#15191=CARTESIAN_POINT('Ctrl Pts',(-2.90302539604253,16.2128430347304,2.0904636438318));
#15192=CARTESIAN_POINT('Ctrl Pts',(-3.07122539604253,16.7430403122313,0.0721112632696774));
#15193=CARTESIAN_POINT('Ctrl Pts',(-3.23942539604253,16.2794568729866,-1.9626207418795));
#15194=CARTESIAN_POINT('Ctrl Pts',(-3.40762539604253,14.9289618993768,-3.55343349908099));
#15195=CARTESIAN_POINT('Ctrl Pts',(-3.57582539604253,12.9955674028821,-4.3392950770096));
#15196=CARTESIAN_POINT('Ctrl Pts',(-3.74402539604253,10.9181968661076,-4.14344245909342));
#15197=CARTESIAN_POINT('Ctrl Pts',(-3.91222539604253,9.16600617748703,-3.00950179347173));
#15198=CARTESIAN_POINT('Ctrl Pts',(-4.02435872937587,8.48017661377576,-1.79930438814465));
#15199=CARTESIAN_POINT('Ctrl Pts',(-4.08042539604254,8.29619637937078,-1.14913202374311));
#15200=CARTESIAN_POINT('Ctrl Pts',(3.75058206754415,16.4201188691395,-2.65468772922445));
#15201=CARTESIAN_POINT('Ctrl Pts',(3.69451540087748,15.9950079728428,-3.3053161835912));
#15202=CARTESIAN_POINT('Ctrl Pts',(3.58238206754415,14.8271735100289,-4.39809732667881));
#15203=CARTESIAN_POINT('Ctrl Pts',(3.41418206754415,12.5147801739275,-5.04161694170409));
#15204=CARTESIAN_POINT('Ctrl Pts',(3.24598206754414,10.1675109592483,-4.54370813562747));
#15205=CARTESIAN_POINT('Ctrl Pts',(3.07778206754414,8.31500972756804,-3.01781224177726));
#15206=CARTESIAN_POINT('Ctrl Pts',(2.90958206754413,7.37863248300169,-0.80831843190243));
#15207=CARTESIAN_POINT('Ctrl Pts',(2.74138206754413,7.56789186283968,1.58407390096421));
#15208=CARTESIAN_POINT('Ctrl Pts',(2.57318206754414,8.84245063955014,3.61744934469293));
#15209=CARTESIAN_POINT('Ctrl Pts',(2.40498206754413,10.9117163839019,4.83289288837303));
#15210=CARTESIAN_POINT('Ctrl Pts',(2.23678206754414,13.3085303736737,4.95317374587304));
#15211=CARTESIAN_POINT('Ctrl Pts',(2.06858206754414,15.4902149666258,3.95347046541683));
#15212=CARTESIAN_POINT('Ctrl Pts',(1.90038206754414,16.9619392236743,2.0578956799201));
#15213=CARTESIAN_POINT('Ctrl Pts',(1.73218206754415,17.3924437308258,-0.30300034077517));
#15214=CARTESIAN_POINT('Ctrl Pts',(1.56398206754415,16.681935497826,-2.59523661958302));
#15215=CARTESIAN_POINT('Ctrl Pts',(1.39578206754415,14.9935218741942,-4.30064772606879));
#15216=CARTESIAN_POINT('Ctrl Pts',(1.22758206754415,12.7076974821989,-5.03152015012531));
#15217=CARTESIAN_POINT('Ctrl Pts',(1.05938206754414,10.3426069742491,-4.62468496527222));
#15218=CARTESIAN_POINT('Ctrl Pts',(0.891182067544138,8.43401603592055,-3.16988315599866));
#15219=CARTESIAN_POINT('Ctrl Pts',(0.722982067544135,7.41250703002479,-0.998319844478003));
#15220=CARTESIAN_POINT('Ctrl Pts',(0.554782067544133,7.51146649277104,1.39946555011112));
#15221=CARTESIAN_POINT('Ctrl Pts',(0.386582067544132,8.70611116653799,3.48080932572803));
#15222=CARTESIAN_POINT('Ctrl Pts',(0.218382067544134,10.7280899460291,4.77339186300358));
#15223=CARTESIAN_POINT('Ctrl Pts',(0.0501820675441371,13.1184237399572,
4.9866338724504));
#15224=CARTESIAN_POINT('Ctrl Pts',(-0.118017932455859,15.3362491332875,
4.06989054649298));
#15225=CARTESIAN_POINT('Ctrl Pts',(-0.286217932455854,16.88045077384,2.23287963370645));
#15226=CARTESIAN_POINT('Ctrl Pts',(-0.454417932455851,17.3996580485982,
-0.110108120144859));
#15227=CARTESIAN_POINT('Ctrl Pts',(-0.622617932455851,16.7786716958059,
-2.42819865405799));
#15228=CARTESIAN_POINT('Ctrl Pts',(-0.79081793245585,15.1557543925572,-4.19605252015795));
#15229=CARTESIAN_POINT('Ctrl Pts',(-0.959017932455853,12.9000261242451,
-5.01511152515891));
#15230=CARTESIAN_POINT('Ctrl Pts',(-1.12721793245586,10.5212789126854,-4.6977321277087));
#15231=CARTESIAN_POINT('Ctrl Pts',(-1.29541793245586,8.55765013324661,-3.31811998371799));
#15232=CARTESIAN_POINT('Ctrl Pts',(-1.46361793245586,7.45499690934393,-1.18661265921556));
#15233=CARTESIAN_POINT('Ctrl Pts',(-1.63181793245587,7.46079806374133,1.2132072202027));
#15234=CARTESIAN_POINT('Ctrl Pts',(-1.80001793245587,8.57612385234616,3.33811016774772));
#15235=CARTESIAN_POINT('Ctrl Pts',(-1.96821793245587,10.5464006435845,4.70821433243866));
#15236=CARTESIAN_POINT('Ctrl Pts',(-2.13641793245586,12.9269930293474,5.01142087083643));
#15237=CARTESIAN_POINT('Ctrl Pts',(-2.30461793245586,15.1787406786443,4.18147068550422));
#15238=CARTESIAN_POINT('Ctrl Pts',(-2.47281793245586,16.791091620444,2.40397577155974));
#15239=CARTESIAN_POINT('Ctrl Pts',(-2.64101793245585,17.4008853487936,0.0829270044473071));
#15240=CARTESIAN_POINT('Ctrl Pts',(-2.80921793245585,16.867694801731,-2.25695932350515));
#15241=CARTESIAN_POINT('Ctrl Pts',(-2.97741793245585,15.3147139167566,-4.08641706035528));
#15242=CARTESIAN_POINT('Ctrl Pts',(-3.14561793245585,13.0913077409821,-4.99006747383058));
#15243=CARTESIAN_POINT('Ctrl Pts',(-3.31381793245586,10.7023959932786,-4.76493061093782));
#15244=CARTESIAN_POINT('Ctrl Pts',(-3.48201793245586,8.68734466158244,-3.46076476013577));
#15245=CARTESIAN_POINT('Ctrl Pts',(-3.5941512657892,7.89876444743778,-2.06930897388768));
#15246=CARTESIAN_POINT('Ctrl Pts',(-3.65021793245587,7.68714879650921,-1.3214751179652));
#15247=CARTESIAN_POINT('Ctrl Pts',(4.18354636143015,16.542874760933,-2.73489459204427));
#15248=CARTESIAN_POINT('Ctrl Pts',(4.12747969476348,16.1049129153592,-3.40519131024105));
#15249=CARTESIAN_POINT('Ctrl Pts',(4.01534636143015,14.9018085532958,-4.5309727673605));
#15250=CARTESIAN_POINT('Ctrl Pts',(3.84714636143014,12.5195406826724,-5.19394588645803));
#15251=CARTESIAN_POINT('Ctrl Pts',(3.67894636143014,10.1013561317465,-4.68098710883222));
#15252=CARTESIAN_POINT('Ctrl Pts',(3.51074636143013,8.19287931748064,-3.10899330740664));
#15253=CARTESIAN_POINT('Ctrl Pts',(3.34254636143013,7.22821689088228,-0.832740140852429));
#15254=CARTESIAN_POINT('Ctrl Pts',(3.17434636143013,7.42318800244599,1.63193555766455));
#15255=CARTESIAN_POINT('Ctrl Pts',(3.00614636143013,8.73626129593363,3.72674331760087));
#15256=CARTESIAN_POINT('Ctrl Pts',(2.83794636143013,10.8680438395219,4.97891529627257));
#15257=CARTESIAN_POINT('Ctrl Pts',(2.66974636143013,13.3372746444036,5.10282394841725));
#15258=CARTESIAN_POINT('Ctrl Pts',(2.50154636143014,15.5848785004787,4.0729217535278));
#15259=CARTESIAN_POINT('Ctrl Pts',(2.33334636143014,17.1010639040858,2.12007086710472));
#15260=CARTESIAN_POINT('Ctrl Pts',(2.16514636143014,17.5445817520008,-0.312155279908034));
#15261=CARTESIAN_POINT('Ctrl Pts',(1.99694636143015,16.8126004264642,-2.67364648442131));
#15262=CARTESIAN_POINT('Ctrl Pts',(1.82874636143015,15.0731781843336,-4.43058872771004));
#15263=CARTESIAN_POINT('Ctrl Pts',(1.66054636143014,12.7182887866131,-5.1835374313636));
#15264=CARTESIAN_POINT('Ctrl Pts',(1.49234636143014,10.2817392102846,-4.76441652080938));
#15265=CARTESIAN_POINT('Ctrl Pts',(1.32414636143014,8.31548663418449,-3.2656548124483));
#15266=CARTESIAN_POINT('Ctrl Pts',(1.15594636143013,7.26310838754006,-1.02848336606729));
#15267=CARTESIAN_POINT('Ctrl Pts',(0.98774636143013,7.36506410845998,1.44174759247302));
#15268=CARTESIAN_POINT('Ctrl Pts',(0.819546361430128,8.59579784978875,3.58597949520811));
#15269=CARTESIAN_POINT('Ctrl Pts',(0.651346361430131,10.6788713824217,4.91761031621421));
#15270=CARTESIAN_POINT('Ctrl Pts',(0.483146361430133,13.1414252984959,5.13730145588425));
#15271=CARTESIAN_POINT('Ctrl Pts',(0.314946361430139,15.4262568492722,4.19285411960816));
#15272=CARTESIAN_POINT('Ctrl Pts',(0.146746361430142,17.0171192942061,2.30034449820375));
#15273=CARTESIAN_POINT('Ctrl Pts',(-0.0214536385698543,17.5520075229431,
-0.113434815965359));
#15274=CARTESIAN_POINT('Ctrl Pts',(-0.189653638569853,16.9122650339812,
-2.50156494336128));
#15275=CARTESIAN_POINT('Ctrl Pts',(-0.357853638569854,15.240308822245,-4.32282782404315));
#15276=CARTESIAN_POINT('Ctrl Pts',(-0.526053638569856,12.9164289547555,
-5.16663954056903));
#15277=CARTESIAN_POINT('Ctrl Pts',(-0.69425363856986,10.4658119687485,-4.83966467385149));
#15278=CARTESIAN_POINT('Ctrl Pts',(-0.862453638569865,8.44285117256536,
-3.4183746109382));
#15279=CARTESIAN_POINT('Ctrl Pts',(-1.03065363856987,7.3068884095205,-1.22246377858489));
#15280=CARTESIAN_POINT('Ctrl Pts',(-1.19885363856987,7.31285850128604,1.24986341010437));
#15281=CARTESIAN_POINT('Ctrl Pts',(-1.36705363856987,8.46188795142401,3.43896446632523));
#15282=CARTESIAN_POINT('Ctrl Pts',(-1.53525363856987,10.4916903634919,4.85046966669747));
#15283=CARTESIAN_POINT('Ctrl Pts',(-1.70345363856987,12.9442099021996,5.16283089530812));
#15284=CARTESIAN_POINT('Ctrl Pts',(-1.87165363856986,15.2639932570072,4.30781083202884));
#15285=CARTESIAN_POINT('Ctrl Pts',(-2.03985363856986,16.9250544572571,2.47660708412333));
#15286=CARTESIAN_POINT('Ctrl Pts',(-2.20805363856985,17.5532784837403,0.0854325614861655));
#15287=CARTESIAN_POINT('Ctrl Pts',(-2.37625363856985,17.0039719770023,-2.32514877812051));
#15288=CARTESIAN_POINT('Ctrl Pts',(-2.54445363856985,15.4040750401779,-4.20988532922748));
#15289=CARTESIAN_POINT('Ctrl Pts',(-2.71265363856985,13.1134885913997,-5.14083214993444));
#15290=CARTESIAN_POINT('Ctrl Pts',(-2.88085363856986,10.6524012531988,-4.90890038491037));
#15291=CARTESIAN_POINT('Ctrl Pts',(-3.04905363856986,8.57646268149136,-3.56531837753316));
#15292=CARTESIAN_POINT('Ctrl Pts',(-3.1611869719032,7.76406560533217,-2.13184183923267));
#15293=CARTESIAN_POINT('Ctrl Pts',(-3.21725363856987,7.54605288949644,-1.36140123520287));
#15294=CARTESIAN_POINT('Ctrl Pts',(4.40080000000002,16.542874760933,-2.73489459204427));
#15295=CARTESIAN_POINT('Ctrl Pts',(4.34473333333336,16.1049469595952,-3.40513920583987));
#15296=CARTESIAN_POINT('Ctrl Pts',(4.23260000000002,14.9017728890136,-4.53100005857185));
#15297=CARTESIAN_POINT('Ctrl Pts',(4.06440000000001,12.5195516280779,-5.19392096694575));
#15298=CARTESIAN_POINT('Ctrl Pts',(3.89620000000002,10.1013504168696,-4.68099406584139));
#15299=CARTESIAN_POINT('Ctrl Pts',(3.728,8.19290014266276,-3.10897853589527));
#15300=CARTESIAN_POINT('Ctrl Pts',(3.55980000000001,7.22820900652177,-0.832741385730895));
#15301=CARTESIAN_POINT('Ctrl Pts',(3.3916,7.42321156181037,1.63192788974061));
#15302=CARTESIAN_POINT('Ctrl Pts',(3.22340000000001,8.73625596380978,3.72674865990032));
#15303=CARTESIAN_POINT('Ctrl Pts',(3.0552,10.8680509355679,4.97889182462407));
#15304=CARTESIAN_POINT('Ctrl Pts',(2.88700000000001,13.3372760198196,5.10283127696253));
#15305=CARTESIAN_POINT('Ctrl Pts',(2.71880000000001,15.584863298454,4.07290254897012));
#15306=CARTESIAN_POINT('Ctrl Pts',(2.55060000000002,17.1010707117522,2.12007391239813));
#15307=CARTESIAN_POINT('Ctrl Pts',(2.38240000000002,17.5445572947799,-0.312153807456325));
#15308=CARTESIAN_POINT('Ctrl Pts',(2.21420000000002,16.8126068258748,-2.67365032606047));
#15309=CARTESIAN_POINT('Ctrl Pts',(2.04600000000002,15.0731653777581,-4.43056783464965));
#15310=CARTESIAN_POINT('Ctrl Pts',(1.87780000000002,12.7182893049687,-5.18354487901574));
#15311=CARTESIAN_POINT('Ctrl Pts',(1.70960000000001,10.2817489973908,-4.76439405363054));
#15312=CARTESIAN_POINT('Ctrl Pts',(1.54140000000001,8.31548082707992,-3.26565950448802));
#15313=CARTESIAN_POINT('Ctrl Pts',(1.3732,7.26313240911776,-1.02847851612916));
#15314=CARTESIAN_POINT('Ctrl Pts',(1.20500000000001,7.36505693590834,1.44174966394348));
#15315=CARTESIAN_POINT('Ctrl Pts',(1.0368,8.5958155868589,3.58596258511464));
#15316=CARTESIAN_POINT('Ctrl Pts',(0.868600000000006,10.6788689711085,4.91761738173592));
#15317=CARTESIAN_POINT('Ctrl Pts',(0.700400000000007,13.1414216001229,5.13727723035498));
#15318=CARTESIAN_POINT('Ctrl Pts',(0.532200000000014,15.4262612589191,4.19286014381289));
#15319=CARTESIAN_POINT('Ctrl Pts',(0.364000000000016,17.0170973195383,2.30033365067426));
#15320=CARTESIAN_POINT('Ctrl Pts',(0.195800000000021,17.5520149868509,-0.113434978959479));
#15321=CARTESIAN_POINT('Ctrl Pts',(0.0276000000000211,16.9122435537117,
-2.50155314691628));
#15322=CARTESIAN_POINT('Ctrl Pts',(-0.140599999999979,15.2403129648442,
-4.32283403504726));
#15323=CARTESIAN_POINT('Ctrl Pts',(-0.308799999999982,12.916426317097,-5.1666151765724));
#15324=CARTESIAN_POINT('Ctrl Pts',(-0.476999999999985,10.4658092518149,
-4.83967162759052));
#15325=CARTESIAN_POINT('Ctrl Pts',(-0.645199999999991,8.442869629744,-3.41835849073641));
#15326=CARTESIAN_POINT('Ctrl Pts',(-0.813399999999993,7.30688115536304,
-1.22246553581188));
#15327=CARTESIAN_POINT('Ctrl Pts',(-0.981599999999997,7.31288228379495,
1.24985751807233));
#15328=CARTESIAN_POINT('Ctrl Pts',(-1.1498,8.4618823624925,3.43896940413637));
#15329=CARTESIAN_POINT('Ctrl Pts',(-1.318,10.4916991428963,4.85044680103212));
#15330=CARTESIAN_POINT('Ctrl Pts',(-1.48619999999999,12.9442107760866,5.16283830041894));
#15331=CARTESIAN_POINT('Ctrl Pts',(-1.65439999999999,15.2639794808521,4.30779054681995));
#15332=CARTESIAN_POINT('Ctrl Pts',(-1.82259999999998,16.9250611405027,2.47661059210502));
#15333=CARTESIAN_POINT('Ctrl Pts',(-1.99079999999998,17.5532537096184,0.0854322723592229));
#15334=CARTESIAN_POINT('Ctrl Pts',(-2.15899999999998,17.0039791307812,-2.32515231878574));
#15335=CARTESIAN_POINT('Ctrl Pts',(-2.32719999999998,15.4040595710493,-4.2098650168712));
#15336=CARTESIAN_POINT('Ctrl Pts',(-2.49539999999998,13.1134919701631,-5.14084049521767));
#15337=CARTESIAN_POINT('Ctrl Pts',(-2.66359999999998,10.6523982417167,-4.90887333467986));
#15338=CARTESIAN_POINT('Ctrl Pts',(-2.83179999999999,8.57648857822262,-3.56535506691246));
#15339=CARTESIAN_POINT('Ctrl Pts',(-2.94393333333333,7.76404865847609,-2.13178195031299));
#15340=CARTESIAN_POINT('Ctrl Pts',(-2.99999999999999,7.54605288949644,-1.36140123520287));
#15341=CARTESIAN_POINT('',(4.40080000000002,16.542874760933,-2.73489459204427));
#15342=CARTESIAN_POINT('Origin',(4.40080000000002,15.705728380175,-2.18791567363541));
#15343=CARTESIAN_POINT('Ctrl Pts',(4.40080000000002,16.542874760933,-2.73489459204427));
#15344=CARTESIAN_POINT('Ctrl Pts',(4.34473333333336,16.1049469595952,-3.40513920583987));
#15345=CARTESIAN_POINT('Ctrl Pts',(4.23260000000002,14.9017728890136,-4.53100005857185));
#15346=CARTESIAN_POINT('Ctrl Pts',(4.06440000000001,12.5195516280779,-5.19392096694575));
#15347=CARTESIAN_POINT('Ctrl Pts',(3.89620000000002,10.1013504168696,-4.68099406584139));
#15348=CARTESIAN_POINT('Ctrl Pts',(3.728,8.19290014266276,-3.10897853589527));
#15349=CARTESIAN_POINT('Ctrl Pts',(3.55980000000001,7.22820900652177,-0.832741385730895));
#15350=CARTESIAN_POINT('Ctrl Pts',(3.3916,7.42321156181037,1.63192788974061));
#15351=CARTESIAN_POINT('Ctrl Pts',(3.22340000000001,8.73625596380978,3.72674865990032));
#15352=CARTESIAN_POINT('Ctrl Pts',(3.0552,10.8680509355679,4.97889182462407));
#15353=CARTESIAN_POINT('Ctrl Pts',(2.88700000000001,13.3372760198196,5.10283127696253));
#15354=CARTESIAN_POINT('Ctrl Pts',(2.71880000000001,15.584863298454,4.07290254897012));
#15355=CARTESIAN_POINT('Ctrl Pts',(2.55060000000002,17.1010707117522,2.12007391239813));
#15356=CARTESIAN_POINT('Ctrl Pts',(2.38240000000002,17.5445572947799,-0.312153807456325));
#15357=CARTESIAN_POINT('Ctrl Pts',(2.21420000000002,16.8126068258748,-2.67365032606047));
#15358=CARTESIAN_POINT('Ctrl Pts',(2.04600000000002,15.0731653777581,-4.43056783464965));
#15359=CARTESIAN_POINT('Ctrl Pts',(1.87780000000002,12.7182893049687,-5.18354487901574));
#15360=CARTESIAN_POINT('Ctrl Pts',(1.70960000000001,10.2817489973908,-4.76439405363054));
#15361=CARTESIAN_POINT('Ctrl Pts',(1.54140000000001,8.31548082707992,-3.26565950448802));
#15362=CARTESIAN_POINT('Ctrl Pts',(1.3732,7.26313240911776,-1.02847851612916));
#15363=CARTESIAN_POINT('Ctrl Pts',(1.20500000000001,7.36505693590834,1.44174966394348));
#15364=CARTESIAN_POINT('Ctrl Pts',(1.0368,8.5958155868589,3.58596258511464));
#15365=CARTESIAN_POINT('Ctrl Pts',(0.868600000000006,10.6788689711085,4.91761738173592));
#15366=CARTESIAN_POINT('Ctrl Pts',(0.700400000000007,13.1414216001229,5.13727723035498));
#15367=CARTESIAN_POINT('Ctrl Pts',(0.532200000000014,15.4262612589191,4.19286014381289));
#15368=CARTESIAN_POINT('Ctrl Pts',(0.364000000000016,17.0170973195383,2.30033365067426));
#15369=CARTESIAN_POINT('Ctrl Pts',(0.195800000000021,17.5520149868509,-0.113434978959479));
#15370=CARTESIAN_POINT('Ctrl Pts',(0.0276000000000211,16.9122435537117,
-2.50155314691628));
#15371=CARTESIAN_POINT('Ctrl Pts',(-0.140599999999979,15.2403129648442,
-4.32283403504726));
#15372=CARTESIAN_POINT('Ctrl Pts',(-0.308799999999982,12.916426317097,-5.1666151765724));
#15373=CARTESIAN_POINT('Ctrl Pts',(-0.476999999999985,10.4658092518149,
-4.83967162759052));
#15374=CARTESIAN_POINT('Ctrl Pts',(-0.645199999999991,8.442869629744,-3.41835849073641));
#15375=CARTESIAN_POINT('Ctrl Pts',(-0.813399999999993,7.30688115536304,
-1.22246553581188));
#15376=CARTESIAN_POINT('Ctrl Pts',(-0.981599999999997,7.31288228379495,
1.24985751807233));
#15377=CARTESIAN_POINT('Ctrl Pts',(-1.1498,8.4618823624925,3.43896940413637));
#15378=CARTESIAN_POINT('Ctrl Pts',(-1.318,10.4916991428963,4.85044680103212));
#15379=CARTESIAN_POINT('Ctrl Pts',(-1.48619999999999,12.9442107760866,5.16283830041894));
#15380=CARTESIAN_POINT('Ctrl Pts',(-1.65439999999999,15.2639794808521,4.30779054681995));
#15381=CARTESIAN_POINT('Ctrl Pts',(-1.82259999999998,16.9250611405027,2.47661059210502));
#15382=CARTESIAN_POINT('Ctrl Pts',(-1.99079999999998,17.5532537096184,0.0854322723592229));
#15383=CARTESIAN_POINT('Ctrl Pts',(-2.15899999999998,17.0039791307812,-2.32515231878574));
#15384=CARTESIAN_POINT('Ctrl Pts',(-2.32719999999998,15.4040595710493,-4.2098650168712));
#15385=CARTESIAN_POINT('Ctrl Pts',(-2.49539999999998,13.1134919701631,-5.14084049521767));
#15386=CARTESIAN_POINT('Ctrl Pts',(-2.66359999999998,10.6523982417167,-4.90887333467986));
#15387=CARTESIAN_POINT('Ctrl Pts',(-2.83179999999999,8.57648857822262,-3.56535506691246));
#15388=CARTESIAN_POINT('Ctrl Pts',(-2.94393333333333,7.76404865847609,-2.13178195031299));
#15389=CARTESIAN_POINT('Ctrl Pts',(-2.99999999999999,7.54605288949644,-1.36140123520287));
#15390=CARTESIAN_POINT('Origin',(-3.00000000000002,2.89929779398994,18.732569678541));
#15391=CARTESIAN_POINT('Origin',(4.40080000000002,15.705728380175,-2.18791567363541));
#15392=CARTESIAN_POINT('',(4.40080000000002,27.8106404801554,14.5103208515713));
#15393=CARTESIAN_POINT('Origin',(4.40080000000002,26.9734940993974,15.0572997699802));
#15394=CARTESIAN_POINT('',(4.40080000000002,16.542874760933,-2.73489459204427));
#15395=CARTESIAN_POINT('Origin',(4.40080000000002,15.705728380175,-2.18791567363541));
#15396=CARTESIAN_POINT('Origin',(4.40080000000002,26.9734940993974,15.0572997699802));
#15397=CARTESIAN_POINT('Ctrl Pts',(4.40080000000002,16.542874760933,-2.73489459204427));
#15398=CARTESIAN_POINT('Ctrl Pts',(4.34473333333335,16.1049469595952,-3.40513920583987));
#15399=CARTESIAN_POINT('Ctrl Pts',(4.23260000000002,14.901772894561,-4.53100095184736));
#15400=CARTESIAN_POINT('Ctrl Pts',(4.06440000000002,12.5195508377833,-5.19392130439411));
#15401=CARTESIAN_POINT('Ctrl Pts',(3.89620000000002,10.1013517688344,-4.68099245540589));
#15402=CARTESIAN_POINT('Ctrl Pts',(3.728,8.19289779261826,-3.10897987258714));
#15403=CARTESIAN_POINT('Ctrl Pts',(3.55980000000001,7.22821136551508,-0.832741113231988));
#15404=CARTESIAN_POINT('Ctrl Pts',(3.3916,7.42320895686807,1.63192879207212));
#15405=CARTESIAN_POINT('Ctrl Pts',(3.22340000000001,8.73625759495468,3.72674697464641));
#15406=CARTESIAN_POINT('Ctrl Pts',(3.0552,10.8680501544463,4.97889442960831));
#15407=CARTESIAN_POINT('Ctrl Pts',(2.88700000000001,13.3372755816465,5.10282898980269));
#15408=CARTESIAN_POINT('Ctrl Pts',(2.71880000000001,15.5848649821461,4.07290467432138));
#15409=CARTESIAN_POINT('Ctrl Pts',(2.55060000000002,17.1010685868485,2.1200729630285));
#15410=CARTESIAN_POINT('Ctrl Pts',(2.38240000000002,17.5445600011917,-0.312153970507207));
#15411=CARTESIAN_POINT('Ctrl Pts',(2.21420000000002,16.8126048302122,-2.67364912839158));
#15412=CARTESIAN_POINT('Ctrl Pts',(2.04600000000002,15.0731667947876,-4.43057014617785));
#15413=CARTESIAN_POINT('Ctrl Pts',(1.87780000000002,12.7182891431552,-5.18354255732222));
#15414=CARTESIAN_POINT('Ctrl Pts',(1.70960000000002,10.2817479147157,-4.76439653923201));
#15415=CARTESIAN_POINT('Ctrl Pts',(1.54140000000001,8.31548263723706,-3.26565804183261));
#15416=CARTESIAN_POINT('Ctrl Pts',(1.37320000000001,7.26312975162875,-1.02847905269785));
#15417=CARTESIAN_POINT('Ctrl Pts',(1.205,7.36505917175665,1.44174901822338));
#15418=CARTESIAN_POINT('Ctrl Pts',(1.0368,8.59581362460971,3.58596445587457));
#15419=CARTESIAN_POINT('Ctrl Pts',(0.868600000000004,10.6788697227725,4.91761517923756));
#15420=CARTESIAN_POINT('Ctrl Pts',(0.700400000000007,13.141422009274,5.13727991042625));
#15421=CARTESIAN_POINT('Ctrl Pts',(0.532200000000013,15.4262598843248,4.19285826591821));
#15422=CARTESIAN_POINT('Ctrl Pts',(0.364000000000016,17.017099750592,2.30033485073376));
#15423=CARTESIAN_POINT('Ctrl Pts',(0.19580000000002,17.5520126601816,-0.11343492814609));
#15424=CARTESIAN_POINT('Ctrl Pts',(0.0276000000000207,16.9122459300506,
-2.5015544519707));
#15425=CARTESIAN_POINT('Ctrl Pts',(-0.14059999999998,15.2403116735609,-4.32283209891267));
#15426=CARTESIAN_POINT('Ctrl Pts',(-0.308799999999982,12.9164266088149,
-5.16661787199459));
#15427=CARTESIAN_POINT('Ctrl Pts',(-0.476999999999987,10.4658100989918,
-4.83966945993379));
#15428=CARTESIAN_POINT('Ctrl Pts',(-0.64519999999999,8.44286758756067,-3.41836027416637));
#15429=CARTESIAN_POINT('Ctrl Pts',(-0.813399999999996,7.30688341747487,
-1.22246498815307));
#15430=CARTESIAN_POINT('Ctrl Pts',(-0.981599999999996,7.31287965201303,
1.24985816997296));
#15431=CARTESIAN_POINT('Ctrl Pts',(-1.1498,8.46188410733672,3.43896786399446));
#15432=CARTESIAN_POINT('Ctrl Pts',(-1.31799999999999,10.4916981700489,4.85044933194208));
#15433=CARTESIAN_POINT('Ctrl Pts',(-1.48619999999999,12.9442105118702,5.16283598670212));
#15434=CARTESIAN_POINT('Ctrl Pts',(-1.65439999999999,15.2639810036536,4.30779280007741));
#15435=CARTESIAN_POINT('Ctrl Pts',(-1.82259999999998,16.9250590808215,2.47660947030843));
#15436=CARTESIAN_POINT('Ctrl Pts',(-1.99079999999998,17.5532564651354,0.085432356340069));
#15437=CARTESIAN_POINT('Ctrl Pts',(-2.15899999999998,17.0039769605495,-2.32515135483594));
#15438=CARTESIAN_POINT('Ctrl Pts',(-2.32719999999998,15.4040614152118,-4.20986699386867));
#15439=CARTESIAN_POINT('Ctrl Pts',(-2.49539999999998,13.1134911602948,-5.14083855474748));
#15440=CARTESIAN_POINT('Ctrl Pts',(-2.66359999999999,10.6523988953266,-4.90887389256086));
#15441=CARTESIAN_POINT('Ctrl Pts',(-2.83179999999999,8.57648830639719,-3.56535591784304));
#15442=CARTESIAN_POINT('Ctrl Pts',(-2.94393333333333,7.76404865847609,-2.13178195031299));
#15443=CARTESIAN_POINT('Ctrl Pts',(-2.99999999999999,7.54605288949644,-1.36140123520287));
#15444=CARTESIAN_POINT('Ctrl Pts',(4.6180536385699,16.542874760933,-2.73489459204427));
#15445=CARTESIAN_POINT('Ctrl Pts',(4.56198697190323,16.1049129153592,-3.40519131024105));
#15446=CARTESIAN_POINT('Ctrl Pts',(4.4498536385699,14.901808684424,-4.53097376399182));
#15447=CARTESIAN_POINT('Ctrl Pts',(4.28165363856988,12.5195399174139,-5.19394631965364));
#15448=CARTESIAN_POINT('Ctrl Pts',(4.1134536385699,10.1013574586436,-4.68098552994338));
#15449=CARTESIAN_POINT('Ctrl Pts',(3.94525363856987,8.19287680169265,-3.10899475162151));
#15450=CARTESIAN_POINT('Ctrl Pts',(3.77705363856989,7.22821926324893,-0.832739877877067));
#15451=CARTESIAN_POINT('Ctrl Pts',(3.60885363856987,7.42318518502608,1.63193653931635));
#15452=CARTESIAN_POINT('Ctrl Pts',(3.44065363856988,8.73626294010372,3.72674161331428));
#15453=CARTESIAN_POINT('Ctrl Pts',(3.27245363856988,10.8680429941343,4.97891812242387));
#15454=CARTESIAN_POINT('Ctrl Pts',(3.10425363856988,13.337274201483,5.10282163888827));
#15455=CARTESIAN_POINT('Ctrl Pts',(2.93605363856989,15.5848803266804,4.07292405873432));
#15456=CARTESIAN_POINT('Ctrl Pts',(2.76785363856989,17.1010617590018,2.12006990857715));
#15457=CARTESIAN_POINT('Ctrl Pts',(2.5996536385699,17.5445846869685,-0.312155456584554));
#15458=CARTESIAN_POINT('Ctrl Pts',(2.4314536385699,16.8125984119594,-2.67364527552653));
#15459=CARTESIAN_POINT('Ctrl Pts',(2.2632536385699,15.0731797210056,-4.43059123433424));
#15460=CARTESIAN_POINT('Ctrl Pts',(2.09505363856989,12.718288623264,-5.18353508781457));
#15461=CARTESIAN_POINT('Ctrl Pts',(1.92685363856989,10.2817380362138,-4.76441921623202));
#15462=CARTESIAN_POINT('Ctrl Pts',(1.75865363856988,8.31548846139013,-3.26565333601863));
#15463=CARTESIAN_POINT('Ctrl Pts',(1.59045363856988,7.26310550570721,-1.02848394792927));
#15464=CARTESIAN_POINT('Ctrl Pts',(1.42225363856988,7.36506636536896,1.4417469406693));
#15465=CARTESIAN_POINT('Ctrl Pts',(1.25405363856988,8.59579572188713,3.58598152389823));
#15466=CARTESIAN_POINT('Ctrl Pts',(1.08585363856988,10.6788721411661,4.91760809296821));
#15467=CARTESIAN_POINT('Ctrl Pts',(0.917653638569882,13.1414257421876,5.137304362207));
#15468=CARTESIAN_POINT('Ctrl Pts',(0.749453638569887,15.4262554617295,4.19285222402354));
#15469=CARTESIAN_POINT('Ctrl Pts',(0.58125363856989,17.0171219304889,2.30034579957308));
#15470=CARTESIAN_POINT('Ctrl Pts',(0.413053638569895,17.5520051743573,-0.113434764674503));
#15471=CARTESIAN_POINT('Ctrl Pts',(0.244853638569895,16.9122676109305,-2.50156635858433));
#15472=CARTESIAN_POINT('Ctrl Pts',(0.0766536385698951,15.2403075187997,
-4.32282586967489));
#15473=CARTESIAN_POINT('Ctrl Pts',(-0.0915463614301079,12.9164292711004,
-5.16664246352492));
#15474=CARTESIAN_POINT('Ctrl Pts',(-0.259746361430112,10.4658128239123,
-4.83966248579299));
#15475=CARTESIAN_POINT('Ctrl Pts',(-0.427946361430116,8.44284895797765,
-3.41837654487903));
#15476=CARTESIAN_POINT('Ctrl Pts',(-0.596146361430121,7.30689069296576,
-1.22246322583357));
#15477=CARTESIAN_POINT('Ctrl Pts',(-0.764346361430122,7.3128556472937,1.24986411719528));
#15478=CARTESIAN_POINT('Ctrl Pts',(-0.932546361430123,8.46188971279678,
3.43896291142124));
#15479=CARTESIAN_POINT('Ctrl Pts',(-1.10074636143012,10.4916893082907,4.85047241179128));
#15480=CARTESIAN_POINT('Ctrl Pts',(-1.26894636143012,12.94420963584,5.16282855882455));
#15481=CARTESIAN_POINT('Ctrl Pts',(-1.43714636143011,15.2639949071381,4.30781327720358));
#15482=CARTESIAN_POINT('Ctrl Pts',(-1.60534636143011,16.9250523794651,2.47660594804743));
#15483=CARTESIAN_POINT('Ctrl Pts',(-1.77354636143011,17.5532814657234,0.08543265777626));
#15484=CARTESIAN_POINT('Ctrl Pts',(-1.9417463614301,17.0039697911648,-2.32514781927018));
#15485=CARTESIAN_POINT('Ctrl Pts',(-2.10994636143011,15.404077010452,-4.2098874583038));
#15486=CARTESIAN_POINT('Ctrl Pts',(-2.27814636143011,13.1134877960444,-5.14083024705345));
#15487=CARTESIAN_POINT('Ctrl Pts',(-2.44634636143011,10.6524018543443,-4.90890102670708));
#15488=CARTESIAN_POINT('Ctrl Pts',(-2.61454636143011,8.57646225896682,-3.56531928964147));
#15489=CARTESIAN_POINT('Ctrl Pts',(-2.72667969476345,7.76406560533216,-2.13184183923267));
#15490=CARTESIAN_POINT('Ctrl Pts',(-2.78274636143012,7.54605288949644,-1.36140123520287));
#15491=CARTESIAN_POINT('Ctrl Pts',(5.05101856558987,16.420118078584,-2.65468721268735));
#15492=CARTESIAN_POINT('Ctrl Pts',(4.9949518989232,15.9950071822874,-3.3053156670541));
#15493=CARTESIAN_POINT('Ctrl Pts',(4.88281856558987,14.827173218782,-4.39809735178587));
#15494=CARTESIAN_POINT('Ctrl Pts',(4.71461856558986,12.5147793689468,-5.04161642302998));
#15495=CARTESIAN_POINT('Ctrl Pts',(4.54641856558986,10.1675126920703,-4.54370569587278));
#15496=CARTESIAN_POINT('Ctrl Pts',(4.37821856558985,8.31500805389691,-3.01781307129396));
#15497=CARTESIAN_POINT('Ctrl Pts',(4.21001856558985,7.37863577102833,-0.808318014472257));
#15498=CARTESIAN_POINT('Ctrl Pts',(4.04181856558985,7.56789004425557,1.58407454871345));
#15499=CARTESIAN_POINT('Ctrl Pts',(3.87361856558985,8.8424529297803,3.61744697726619));
#15500=CARTESIAN_POINT('Ctrl Pts',(3.70541856558985,10.9117158398867,4.8328947050273));
#15501=CARTESIAN_POINT('Ctrl Pts',(3.53721856558986,13.3085297562133,4.95317052688187));
#15502=CARTESIAN_POINT('Ctrl Pts',(3.36901856558985,15.4902161386995,3.95347194523484));
#15503=CARTESIAN_POINT('Ctrl Pts',(3.20081856558987,16.9619362329283,2.05789434348068));
#15504=CARTESIAN_POINT('Ctrl Pts',(3.03261856558986,17.3924456146702,-0.303000454225013));
#15505=CARTESIAN_POINT('Ctrl Pts',(2.86441856558987,16.6819326890416,-2.59523493403547));
#15506=CARTESIAN_POINT('Ctrl Pts',(2.69621856558986,14.9935228605283,-4.30064933496532));
#15507=CARTESIAN_POINT('Ctrl Pts',(2.52801856558986,12.7076972544722,-5.03151688247764));
#15508=CARTESIAN_POINT('Ctrl Pts',(2.35981856558986,10.3426062206955,-4.62468669532361));
#15509=CARTESIAN_POINT('Ctrl Pts',(2.19161856558985,8.43401858365638,-3.16988109738269));
#15510=CARTESIAN_POINT('Ctrl Pts',(2.02341856558985,7.41250518034992,-0.99832021794741));
#15511=CARTESIAN_POINT('Ctrl Pts',(1.85521856558985,7.51146963964609,1.39946464127896));
#15512=CARTESIAN_POINT('Ctrl Pts',(1.68701856558984,8.70610980076405,3.48081062782303));
#15513=CARTESIAN_POINT('Ctrl Pts',(1.51881856558985,10.7280910039684,4.77338876306785));
#15514=CARTESIAN_POINT('Ctrl Pts',(1.35061856558985,13.1184240247367,4.9866357378474));
#15515=CARTESIAN_POINT('Ctrl Pts',(1.18241856558986,15.3362471985967,4.06988790342497));
#15516=CARTESIAN_POINT('Ctrl Pts',(1.01421856558986,16.8804524659134,2.23288046897739));
#15517=CARTESIAN_POINT('Ctrl Pts',(0.846018565589864,17.3996547738945,-0.110108048631305));
#15518=CARTESIAN_POINT('Ctrl Pts',(0.677818565589865,16.7786733497923,-2.42819956241133));
#15519=CARTESIAN_POINT('Ctrl Pts',(0.509618565589865,15.1557525751122,-4.19604979513478));
#15520=CARTESIAN_POINT('Ctrl Pts',(0.341418565589862,12.9000263272702,-5.0151134012457));
#15521=CARTESIAN_POINT('Ctrl Pts',(0.173218565589859,10.5212801050218,-4.69772907685395));
#15522=CARTESIAN_POINT('Ctrl Pts',(0.00501856558985391,8.55764871178738,
-3.31812122503049));
#15523=CARTESIAN_POINT('Ctrl Pts',(-0.16318143441015,7.45500009310951,-1.18661188851635));
#15524=CARTESIAN_POINT('Ctrl Pts',(-0.331381434410152,7.46079623185761,
1.21320767401182));
#15525=CARTESIAN_POINT('Ctrl Pts',(-0.499581434410153,8.57612630810079,
3.3381079998222));
#15526=CARTESIAN_POINT('Ctrl Pts',(-0.66778143441015,10.5463999664401,4.7082160945662));
#15527=CARTESIAN_POINT('Ctrl Pts',(-0.835981434410148,12.9269926582168,
5.01141761423951));
#15528=CARTESIAN_POINT('Ctrl Pts',(-1.00418143441014,15.1787417399223,4.18147225708754));
#15529=CARTESIAN_POINT('Ctrl Pts',(-1.17238143441014,16.7910887281566,2.40397419531833));
#15530=CARTESIAN_POINT('Ctrl Pts',(-1.34058143441014,17.400887277811,0.0829270800716444));
#15531=CARTESIAN_POINT('Ctrl Pts',(-1.50878143441013,16.8676917880282,-2.25695794402597));
#15532=CARTESIAN_POINT('Ctrl Pts',(-1.67698143441014,15.3147152666834,-4.0864183514674));
#15533=CARTESIAN_POINT('Ctrl Pts',(-1.84518143441014,13.0913068150528,-4.99006462817954));
#15534=CARTESIAN_POINT('Ctrl Pts',(-2.01338143441014,10.7023969163507,-4.76493035607563));
#15535=CARTESIAN_POINT('Ctrl Pts',(-2.18158143441014,8.68734493207138,-3.46076487099982));
#15536=CARTESIAN_POINT('Ctrl Pts',(-2.29371476774348,7.89876535610404,-2.06930871676104));
#15537=CARTESIAN_POINT('Ctrl Pts',(-2.34978143441015,7.68714970517547,-1.32147486083856));
#15538=CARTESIAN_POINT('Ctrl Pts',(5.48122394976281,15.8902359588899,-2.30847016465803));
#15539=CARTESIAN_POINT('Ctrl Pts',(5.42515728309615,15.520641356574,-2.87413142373641));
#15540=CARTESIAN_POINT('Ctrl Pts',(5.31302394976281,14.5049602995414,-3.8245690106633));
#15541=CARTESIAN_POINT('Ctrl Pts',(5.1448239497628,12.4942447412562,-4.38404785692916));
#15542=CARTESIAN_POINT('Ctrl Pts',(4.97662394976281,10.4530658214355,-3.95114317588885));
#15543=CARTESIAN_POINT('Ctrl Pts',(4.80842394976279,8.84221815409097,-2.62420558436505));
#15544=CARTESIAN_POINT('Ctrl Pts',(4.6402239497628,8.02790177207033,-0.702902092184476));
#15545=CARTESIAN_POINT('Ctrl Pts',(4.4720239497628,8.19254331755703,1.37746692515712));
#15546=CARTESIAN_POINT('Ctrl Pts',(4.3038239497628,9.30081748462422,3.14568116433524));
#15547=CARTESIAN_POINT('Ctrl Pts',(4.1356239497628,11.1002401471865,4.20254994839542));
#15548=CARTESIAN_POINT('Ctrl Pts',(3.9674239497628,13.1844554980244,4.30720765410999));
#15549=CARTESIAN_POINT('Ctrl Pts',(3.79922394976281,15.0815757117101,3.43782852782472));
#15550=CARTESIAN_POINT('Ctrl Pts',(3.63102394976281,16.3614066111556,1.78951607328109));
#15551=CARTESIAN_POINT('Ctrl Pts',(3.46282394976282,16.7357011805127,-0.263480711696933));
#15552=CARTESIAN_POINT('Ctrl Pts',(3.29462394976281,16.1179194676531,-2.25677992020505));
#15553=CARTESIAN_POINT('Ctrl Pts',(3.12642394976281,14.6496651044447,-3.73972426360221));
#15554=CARTESIAN_POINT('Ctrl Pts',(2.95822394976281,12.6619800460217,-4.37533655171513));
#15555=CARTESIAN_POINT('Ctrl Pts',(2.79002394976281,10.6053581962639,-4.02149808078616));
#15556=CARTESIAN_POINT('Ctrl Pts',(2.6218239497628,8.94564898108803,-2.75648416844614));
#15557=CARTESIAN_POINT('Ctrl Pts',(2.4536239497628,8.05742436010755,-0.868111313256384));
#15558=CARTESIAN_POINT('Ctrl Pts',(2.2854239497628,8.14341335143651,1.21695483503311));
#15559=CARTESIAN_POINT('Ctrl Pts',(2.1172239497628,9.18230672306543,3.02681547567355));
#15560=CARTESIAN_POINT('Ctrl Pts',(1.9490239497628,10.9405422008682,4.15087195730892));
#15561=CARTESIAN_POINT('Ctrl Pts',(1.7808239497628,13.0191316482,4.33623883534846));
#15562=CARTESIAN_POINT('Ctrl Pts',(1.6126239497628,14.9477302328417,3.53911747109377));
#15563=CARTESIAN_POINT('Ctrl Pts',(1.44442394976281,16.2904862615525,1.94165034571317));
#15564=CARTESIAN_POINT('Ctrl Pts',(1.27622394976281,16.7420405365268,-0.0957484156750692));
#15565=CARTESIAN_POINT('Ctrl Pts',(1.10802394976281,16.2019819913926,-2.11149436127438));
#15566=CARTESIAN_POINT('Ctrl Pts',(0.939823949762814,14.7907746386013,-3.64882608376026));
#15567=CARTESIAN_POINT('Ctrl Pts',(0.771623949762811,12.8292191239827,-4.36100221395771));
#15568=CARTESIAN_POINT('Ctrl Pts',(0.603423949762808,10.7607023431948,-4.08507935515619));
#15569=CARTESIAN_POINT('Ctrl Pts',(0.435223949762804,9.0532091138664,-2.88534532459948));
#15570=CARTESIAN_POINT('Ctrl Pts',(0.2670239497628,8.09430822960348,-1.03186106654553));
#15571=CARTESIAN_POINT('Ctrl Pts',(0.0988239497627989,8.09941689692976,
1.0549714329381));
#15572=CARTESIAN_POINT('Ctrl Pts',(-0.0693760502372011,9.06922388317943,
2.90277191816417));
#15573=CARTESIAN_POINT('Ctrl Pts',(-0.2375760502372,10.7825714941195,4.09413292267332));
#15574=CARTESIAN_POINT('Ctrl Pts',(-0.405776050237197,12.8526763220693,
4.35785848399464));
#15575=CARTESIAN_POINT('Ctrl Pts',(-0.573976050237193,14.8107261056145,
3.63609127138925));
#15576=CARTESIAN_POINT('Ctrl Pts',(-0.742176050237189,16.2128402940605,
2.09046216069601));
#15577=CARTESIAN_POINT('Ctrl Pts',(-0.910376050237187,16.7430412161797,
0.0721112974404097));
#15578=CARTESIAN_POINT('Ctrl Pts',(-1.07857605023719,16.2794540164124,-1.96261939604878));
#15579=CARTESIAN_POINT('Ctrl Pts',(-1.24677605023719,14.9289626350038,-3.55343406402038));
#15580=CARTESIAN_POINT('Ctrl Pts',(-1.41497605023719,12.995566520374,-4.33929222114709));
#15581=CARTESIAN_POINT('Ctrl Pts',(-1.58317605023719,10.9181978829512,-4.14344179393429));
#15582=CARTESIAN_POINT('Ctrl Pts',(-1.7513760502372,9.16600693891643,-3.00950152593455));
#15583=CARTESIAN_POINT('Ctrl Pts',(-1.86350938357053,8.48017767811027,-1.79930408696834));
#15584=CARTESIAN_POINT('Ctrl Pts',(-1.9195760502372,8.2961974437053,-1.14913172256679));
#15585=CARTESIAN_POINT('Ctrl Pts',(5.33655591100502,15.1683186068016,-1.83678016933336));
#15586=CARTESIAN_POINT('Ctrl Pts',(5.28048924433836,14.8740873225996,-2.28709853880918));
#15587=CARTESIAN_POINT('Ctrl Pts',(5.16835591100503,14.0662604863335,-3.04296977343428));
#15588=CARTESIAN_POINT('Ctrl Pts',(5.00015591100501,12.4661806584266,-3.48836943558842));
#15589=CARTESIAN_POINT('Ctrl Pts',(4.83195591100502,10.842152189588,-3.14377386734255));
#15590=CARTESIAN_POINT('Ctrl Pts',(4.66375591100502,9.56032697325909,-2.08806950821935));
#15591=CARTESIAN_POINT('Ctrl Pts',(4.49555591100501,8.91253232834757,-0.559272359953133));
#15592=CARTESIAN_POINT('Ctrl Pts',(4.32735591100501,9.04338753439054,1.09604443570399));
#15593=CARTESIAN_POINT('Ctrl Pts',(4.15915591100501,9.9253413192256,2.5028991755472));
#15594=CARTESIAN_POINT('Ctrl Pts',(3.99095591100501,11.3570304249414,3.34395095771442));
#15595=CARTESIAN_POINT('Ctrl Pts',(3.82275591100502,13.015404279411,3.42708169707813));
#15596=CARTESIAN_POINT('Ctrl Pts',(3.65455591100502,14.5249623179516,2.73546541856818));
#15597=CARTESIAN_POINT('Ctrl Pts',(3.48635591100502,15.5431836155685,1.42385003618108));
#15598=CARTESIAN_POINT('Ctrl Pts',(3.31815591100502,15.8411429265348,-0.209650474467794));
#15599=CARTESIAN_POINT('Ctrl Pts',(3.14995591100502,15.3494501071106,-1.79563414487315));
#15600=CARTESIAN_POINT('Ctrl Pts',(2.98175591100502,14.1812929778084,-2.97568256783717));
#15601=CARTESIAN_POINT('Ctrl Pts',(2.81355591100502,12.5996902431998,-3.48128926517609));
#15602=CARTESIAN_POINT('Ctrl Pts',(2.64535591100502,10.9632553095677,-3.19988878615849));
#15603=CARTESIAN_POINT('Ctrl Pts',(2.47715591100501,9.64274663493555,-2.19322985377008));
#15604=CARTESIAN_POINT('Ctrl Pts',(2.30895591100501,8.93587527802804,-0.690752451111315));
#15605=CARTESIAN_POINT('Ctrl Pts',(2.14075591100501,9.00443818603213,0.968284783029308));
#15606=CARTESIAN_POINT('Ctrl Pts',(1.97255591100501,9.83093935305862,2.40842410054407));
#15607=CARTESIAN_POINT('Ctrl Pts',(1.80435591100501,11.2300074700595,3.30269130523299));
#15608=CARTESIAN_POINT('Ctrl Pts',(1.63615591100502,12.88388450079,3.45032665542675));
#15609=CARTESIAN_POINT('Ctrl Pts',(1.46795591100502,14.4183749281483,2.81594147452249));
#15610=CARTESIAN_POINT('Ctrl Pts',(1.29975591100502,15.4868873451343,1.54496285781126));
#15611=CARTESIAN_POINT('Ctrl Pts',(1.13155591100502,15.8460395488202,-0.0761833809764745));
#15612=CARTESIAN_POINT('Ctrl Pts',(0.963355911005024,15.4164648769558,-1.68010701317085));
#15613=CARTESIAN_POINT('Ctrl Pts',(0.795155911005023,14.2934913171971,-2.90323245432525));
#15614=CARTESIAN_POINT('Ctrl Pts',(0.626955911005021,12.7327719205367,-3.47003077015204));
#15615=CARTESIAN_POINT('Ctrl Pts',(0.458755911005019,11.0869157173559,-3.25034262742592));
#15616=CARTESIAN_POINT('Ctrl Pts',(0.290555911005016,9.72821694385297,-2.29585690967165));
#15617=CARTESIAN_POINT('Ctrl Pts',(0.122355911005013,8.96536709501213,-0.821012691659785));
#15618=CARTESIAN_POINT('Ctrl Pts',(-0.0458440889949885,8.96928857979224,
0.839436239630442));
#15619=CARTESIAN_POINT('Ctrl Pts',(-0.214044088994989,9.74107045987638,
2.30962547876107));
#15620=CARTESIAN_POINT('Ctrl Pts',(-0.382244088994987,11.1042632510572,
3.25768398766637));
#15621=CARTESIAN_POINT('Ctrl Pts',(-0.550444088994985,12.7514198936378,
3.46738268395445));
#15622=CARTESIAN_POINT('Ctrl Pts',(-0.718644088994983,14.3094488425116,
2.89322211800901));
#15623=CARTESIAN_POINT('Ctrl Pts',(-0.886844088994978,15.4249744520755,
1.66330162866057));
#15624=CARTESIAN_POINT('Ctrl Pts',(-1.05504408899498,15.8469846142877,0.0573781682821423));
#15625=CARTESIAN_POINT('Ctrl Pts',(-1.22324408899497,15.4779748397344,-1.56158093102123));
#15626=CARTESIAN_POINT('Ctrl Pts',(-1.39144408899498,14.4035338389052,-2.82745420993195));
#15627=CARTESIAN_POINT('Ctrl Pts',(-1.55964408899497,12.8651019188006,-3.45260603652432));
#15628=CARTESIAN_POINT('Ctrl Pts',(-1.72784408899498,11.2122312465705,-3.29693614818864));
#15629=CARTESIAN_POINT('Ctrl Pts',(-1.89604408899498,9.81793278625791,-2.39440187277769));
#15630=CARTESIAN_POINT('Ctrl Pts',(-2.00817742232832,9.27243610601442,-1.43192647435507));
#15631=CARTESIAN_POINT('Ctrl Pts',(-2.06424408899499,9.12597092417041,-0.914329495038216));
#15632=CARTESIAN_POINT('Ctrl Pts',(4.78889808227992,14.8969871464671,-1.65949625326399));
#15633=CARTESIAN_POINT('Ctrl Pts',(4.73283141561325,14.6315344170166,-2.06576930007213));
#15634=CARTESIAN_POINT('Ctrl Pts',(4.62069808227992,13.9008992551088,-2.74956904037813));
#15635=CARTESIAN_POINT('Ctrl Pts',(4.45249808227991,12.4557782475484,-3.15139702691973));
#15636=CARTESIAN_POINT('Ctrl Pts',(4.28429808227992,10.9883138945766,-2.84041765630857));
#15637=CARTESIAN_POINT('Ctrl Pts',(4.1160980822799,9.83050654339659,-1.88636549037821));
#15638=CARTESIAN_POINT('Ctrl Pts',(3.94789808227991,9.2449141054874,-0.505305810643836));
#15639=CARTESIAN_POINT('Ctrl Pts',(3.7796980822799,9.36349252149741,0.990169079927252));
#15640=CARTESIAN_POINT('Ctrl Pts',(3.61149808227991,10.1599964022213,2.26138201056775));
#15641=CARTESIAN_POINT('Ctrl Pts',(3.44329808227991,11.453639987789,3.02093240390637));
#15642=CARTESIAN_POINT('Ctrl Pts',(3.27509808227991,12.9518850343193,3.09638568411129));
#15643=CARTESIAN_POINT('Ctrl Pts',(3.10689808227992,14.3155557344934,2.47122524211824));
#15644=CARTESIAN_POINT('Ctrl Pts',(2.93869808227991,15.2357467639769,1.28645572882122));
#15645=CARTESIAN_POINT('Ctrl Pts',(2.77049808227992,15.5045959187366,-0.189398677114492));
#15646=CARTESIAN_POINT('Ctrl Pts',(2.60229808227992,15.0607076235201,-1.6223645661419));
#15647=CARTESIAN_POINT('Ctrl Pts',(2.43409808227992,14.0050839360382,-2.68823790604047));
#15648=CARTESIAN_POINT('Ctrl Pts',(2.26589808227992,12.576285645822,-3.14536252253227));
#15649=CARTESIAN_POINT('Ctrl Pts',(2.09769808227991,11.0979019105129,-2.8907862771683));
#15650=CARTESIAN_POINT('Ctrl Pts',(1.92949808227991,9.90467209062743,-1.98159430582923));
#15651=CARTESIAN_POINT('Ctrl Pts',(1.76129808227991,9.26636251216999,-0.62402722094572));
#15652=CARTESIAN_POINT('Ctrl Pts',(1.59309808227991,9.32795716808501,0.874850216457115));
#15653=CARTESIAN_POINT('Ctrl Pts',(1.42489808227991,10.0749652844467,2.17577541138088));
#15654=CARTESIAN_POINT('Ctrl Pts',(1.25669808227991,11.338770313497,2.9839983587396));
#15655=CARTESIAN_POINT('Ctrl Pts',(1.08849808227991,12.8330023688199,3.11703237664891));
#15656=CARTESIAN_POINT('Ctrl Pts',(0.920298082279913,14.2194764961837,2.54421741592758));
#15657=CARTESIAN_POINT('Ctrl Pts',(0.752098082279915,15.1845606274742,1.39572270387124));
#15658=CARTESIAN_POINT('Ctrl Pts',(0.583898082279917,15.509378728069,-0.068832071554942));
#15659=CARTESIAN_POINT('Ctrl Pts',(0.415698082279918,15.1209408206207,-1.51781221843403));
#15660=CARTESIAN_POINT('Ctrl Pts',(0.247498082279918,14.1066435210815,-2.62308525983925));
#15661=CARTESIAN_POINT('Ctrl Pts',(0.0792980822799163,12.6964869420608,
-3.13483311421281));
#15662=CARTESIAN_POINT('Ctrl Pts',(-0.088901917720086,11.2094861940766,
-2.93670106474941));
#15663=CARTESIAN_POINT('Ctrl Pts',(-0.257101917720088,9.98216563093455,
-2.07408196896252));
#15664=CARTESIAN_POINT('Ctrl Pts',(-0.425301917720092,9.29265626079979,
-0.741789142750621));
#15665=CARTESIAN_POINT('Ctrl Pts',(-0.593501917720092,9.29654811027643,
0.758348488019975));
#15666=CARTESIAN_POINT('Ctrl Pts',(-0.761701917720093,9.99350825175277,
2.08675831060039));
#15667=CARTESIAN_POINT('Ctrl Pts',(-0.929901917720091,11.2252885876172,
2.94299865919289));
#15668=CARTESIAN_POINT('Ctrl Pts',(-1.09810191772009,12.7133744963042,3.13279772429411));
#15669=CARTESIAN_POINT('Ctrl Pts',(-1.26630191772009,14.1208594443552,2.61374325898592));
#15670=CARTESIAN_POINT('Ctrl Pts',(-1.43450191772008,15.1289456026961,1.50280094551386));
#15671=CARTESIAN_POINT('Ctrl Pts',(-1.60270191772008,15.509870262459,0.0518367314064336));
#15672=CARTESIAN_POINT('Ctrl Pts',(-1.77090191772008,15.1768356735285,-1.41089836137283));
#15673=CARTESIAN_POINT('Ctrl Pts',(-1.93910191772008,14.2058445969532,-2.55432333553401));
#15674=CARTESIAN_POINT('Ctrl Pts',(-2.10730191772008,12.8161118133558,-3.11945711434898));
#15675=CARTESIAN_POINT('Ctrl Pts',(-2.27550191772009,11.3227038012464,-2.97841702942267));
#15676=CARTESIAN_POINT('Ctrl Pts',(-2.44370191772009,10.0633049328543,-2.16370545619371));
#15677=CARTESIAN_POINT('Ctrl Pts',(-2.55583525105342,9.56997946011933,-1.29305064364774));
#15678=CARTESIAN_POINT('Ctrl Pts',(-2.61190191772009,9.43783993459133,-0.826079460458996));
#15679=CARTESIAN_POINT('Ctrl Pts',(4.50067492177722,14.8727677313208,-1.64367164981861));
#15680=CARTESIAN_POINT('Ctrl Pts',(4.44460825511055,14.6095731227167,-2.04648866270977));
#15681=CARTESIAN_POINT('Ctrl Pts',(4.33247492177722,13.8864655096312,-2.72313157206026));
#15682=CARTESIAN_POINT('Ctrl Pts',(4.16427492177722,12.4547500535077,-3.12154670394086));
#15683=CARTESIAN_POINT('Ctrl Pts',(3.99607492177722,11.0014124130695,-2.81327646569894));
#15684=CARTESIAN_POINT('Ctrl Pts',(3.82787492177721,9.85443157336357,-1.86849690342487));
#15685=CARTESIAN_POINT('Ctrl Pts',(3.65967492177721,9.27465503067457,-0.500477409052429));
#15686=CARTESIAN_POINT('Ctrl Pts',(3.49147492177721,9.39184858307771,0.980789204035347));
#15687=CARTESIAN_POINT('Ctrl Pts',(3.32327492177721,10.1809908145678,2.23977493176248));
#15688=CARTESIAN_POINT('Ctrl Pts',(3.15507492177721,11.4621981428222,2.9923155521946));
#15689=CARTESIAN_POINT('Ctrl Pts',(2.98687492177721,12.9462026245695,3.06680022287141));
#15690=CARTESIAN_POINT('Ctrl Pts',(2.81867492177721,14.2970038542698,2.44781570926715));
#15691=CARTESIAN_POINT('Ctrl Pts',(2.65047492177722,15.208242220696,1.27416385078013));
#15692=CARTESIAN_POINT('Ctrl Pts',(2.48227492177722,15.4747805607162,-0.187604536274832));
#15693=CARTESIAN_POINT('Ctrl Pts',(2.31407492177722,15.0348755029575,-1.60686312616334));
#15694=CARTESIAN_POINT('Ctrl Pts',(2.14587492177722,13.9894732436673,-2.66277265785289));
#15695=CARTESIAN_POINT('Ctrl Pts',(1.97767492177722,12.5741917750363,-3.11530907695066));
#15696=CARTESIAN_POINT('Ctrl Pts',(1.80947492177721,11.1098304967441,-2.86340232007844));
#15697=CARTESIAN_POINT('Ctrl Pts',(1.64127492177721,9.92810506497948,-1.9626604831414));
#15698=CARTESIAN_POINT('Ctrl Pts',(1.47307492177721,9.29564098072887,-0.618115910671409));
#15699=CARTESIAN_POINT('Ctrl Pts',(1.30487492177721,9.35690056222575,0.866491159952249));
#15700=CARTESIAN_POINT('Ctrl Pts',(1.13667492177721,10.0965839883904,2.15516463798062));
#15701=CARTESIAN_POINT('Ctrl Pts',(0.968474921777208,11.3485007033863,2.95548672272177));
#15702=CARTESIAN_POINT('Ctrl Pts',(0.80027492177721,12.8284946275737,3.08750522616617));
#15703=CARTESIAN_POINT('Ctrl Pts',(0.632074921777213,14.2016821904792,2.51990781781684));
#15704=CARTESIAN_POINT('Ctrl Pts',(0.463874921777215,15.1577769501058,1.38250124529099));
#15705=CARTESIAN_POINT('Ctrl Pts',(0.295674921777217,15.4792596087691,-0.0681743918158037));
#15706=CARTESIAN_POINT('Ctrl Pts',(0.127474921777218,15.0947598039604,-1.5034342256344));
#15707=CARTESIAN_POINT('Ctrl Pts',(-0.0407250782227822,14.0899273158101,
-2.59802209144652));
#15708=CARTESIAN_POINT('Ctrl Pts',(-0.208925078222784,12.6932723918978,
-3.10513734106875));
#15709=CARTESIAN_POINT('Ctrl Pts',(-0.377125078222786,11.2204518694941,
-2.90864134542022));
#15710=CARTESIAN_POINT('Ctrl Pts',(-0.545325078222789,10.004663420124,-2.05443452477399));
#15711=CARTESIAN_POINT('Ctrl Pts',(-0.713525078222791,9.32193693390239,
-0.734701457880002));
#15712=CARTESIAN_POINT('Ctrl Pts',(-0.881725078222792,9.32554067085984,
0.751164760153746));
#15713=CARTESIAN_POINT('Ctrl Pts',(-1.04992507822279,10.0160923485094,2.06681968626067));
#15714=CARTESIAN_POINT('Ctrl Pts',(-1.21812507822279,11.2360106001994,2.91512004849719));
#15715=CARTESIAN_POINT('Ctrl Pts',(-1.38632507822279,12.709970517634,3.10286442800797));
#15716=CARTESIAN_POINT('Ctrl Pts',(-1.55452507822279,14.1041525831958,2.58898347284652));
#15717=CARTESIAN_POINT('Ctrl Pts',(-1.72272507822278,15.1024605075737,1.48844229165537));
#15718=CARTESIAN_POINT('Ctrl Pts',(-1.89092507822278,15.4800071355464,0.0513448461603769));
#15719=CARTESIAN_POINT('Ctrl Pts',(-2.05912507822278,15.1498901532902,-1.3974159642564));
#15720=CARTESIAN_POINT('Ctrl Pts',(-2.22732507822278,14.1883409105423,-2.53013006331508));
#15721=CARTESIAN_POINT('Ctrl Pts',(-2.39552507822278,12.8117081873372,-3.08964397140324));
#15722=CARTESIAN_POINT('Ctrl Pts',(-2.56372507822279,11.3325917360913,-2.95023320942908));
#15723=CARTESIAN_POINT('Ctrl Pts',(-2.73192507822279,10.0849694721447,-2.14277890662367));
#15724=CARTESIAN_POINT('Ctrl Pts',(-2.84405841155612,9.59669324374414,-1.28120095213811));
#15725=CARTESIAN_POINT('Ctrl Pts',(-2.90012507822279,9.46567778658737,-0.818202142356932));
#15726=CARTESIAN_POINT('Origin',(-11.0020517226465,33.0311337294445,51.0964853181875));
#15727=CARTESIAN_POINT('',(-9.5389313728569,43.8663742769179,72.7769711222881));
#15728=CARTESIAN_POINT('',(-9.84441474914101,38.9059991518612,69.0906885298017));
#15729=CARTESIAN_POINT('',(-10.5534930318919,27.3921344098255,60.5342067918759));
#15730=CARTESIAN_POINT('',(-10.1000000009105,37.416941866727,65.1776940845235));
#15731=CARTESIAN_POINT('',(-10.9977525396542,32.1865737262558,51.4331580718753));
#15732=CARTESIAN_POINT('',(-11.0000000009106,33.0411092748339,51.1285131070554));
#15733=CARTESIAN_POINT('',(-11.0020517226465,33.0311337294445,51.0964853181875));
#15734=CARTESIAN_POINT('',(-10.9999999999492,38.973265059928,49.2808523311618));
#15735=CARTESIAN_POINT('',(-11.0000000009106,33.0411092748242,51.1285131070585));
#15736=CARTESIAN_POINT('',(-9.46887894045744,46.4176310978887,73.1819599576842));
#15737=CARTESIAN_POINT('',(-11.0020517216851,38.9632895140186,49.2488245424558));
#15738=CARTESIAN_POINT('',(-9.46887894070288,44.7046432849247,73.7154962480747));
#15739=CARTESIAN_POINT('',(-9.46887894108056,42.3742875998264,74.4413212178194));
#15740=CARTESIAN_POINT('Ctrl Pts',(-9.46887894070288,44.7046432849247,73.7154962480747));
#15741=CARTESIAN_POINT('Ctrl Pts',(-9.51035798410271,44.2541349008001,73.145503753098));
#15742=CARTESIAN_POINT('Ctrl Pts',(-9.5389313728569,43.8663742769179,72.7769711222881));
#15743=CARTESIAN_POINT('Origin',(-8.4000000000371,41.4476264963076,48.4750397393306));
#15744=CARTESIAN_POINT('',(-4.33792357750858,45.7614563067481,66.0378087113276));
#15745=CARTESIAN_POINT('',(-7.25894993047542,47.4381548097765,72.8641022173224));
#15746=CARTESIAN_POINT('Ctrl Pts',(-4.33792610451897,45.7614562972459,66.0378086686926));
#15747=CARTESIAN_POINT('Ctrl Pts',(-5.79843801749786,45.7608888781525,66.0354985519746));
#15748=CARTESIAN_POINT('Ctrl Pts',(-7.25894993047542,47.4381548097765,72.8641022173224));
#15749=CARTESIAN_POINT('',(-8.40000000003237,47.4381548097732,72.8641022173234));
#15750=CARTESIAN_POINT('',(-4.40000000025027,47.4381548097849,72.8641022173197));
#15751=CARTESIAN_POINT('',(-8.40000000000799,41.4556431382026,48.5076776586943));
#15752=CARTESIAN_POINT('',(-8.4000000000371,41.4476264963076,48.4750397393306));
#15753=CARTESIAN_POINT('',(7.59999999999201,41.4556431382497,48.5076776586796));
#15754=CARTESIAN_POINT('',(-8.4000000000371,41.4556431382026,48.5076776586943));
#15755=CARTESIAN_POINT('',(7.60000000001377,47.4381548098586,72.8641022172968));
#15756=CARTESIAN_POINT('',(7.60000000002111,41.4476264963547,48.4750397393159));
#15757=CARTESIAN_POINT('',(6.58027483605612,47.4381548098173,72.8641022173097));
#15758=CARTESIAN_POINT('',(-4.40000000025027,47.4381548097849,72.8641022173197));
#15759=CARTESIAN_POINT('',(3.52691558418582,45.7658916445885,66.0558661683291));
#15760=CARTESIAN_POINT('Ctrl Pts',(6.58027483605612,47.4381548098173,72.8641022173097));
#15761=CARTESIAN_POINT('Ctrl Pts',(5.05359521012025,45.6853290424727,65.7278740057526));
#15762=CARTESIAN_POINT('Ctrl Pts',(3.52691558418582,45.7658916445885,66.0558661683291));
#15763=CARTESIAN_POINT('',(-2.46208509155542,45.7625141774256,66.042115585262));
#15764=CARTESIAN_POINT('Origin',(10.202051721736,38.9632895142497,49.2488245423839));
#15765=CARTESIAN_POINT('',(8.81914456788344,43.2870954695534,71.5837809649379));
#15766=CARTESIAN_POINT('',(8.66887894047612,45.0242309558424,73.6159557731772));
#15767=CARTESIAN_POINT('Ctrl Pts',(8.81914456788344,43.2870954695534,71.5837809649379));
#15768=CARTESIAN_POINT('Ctrl Pts',(8.77071809129514,44.0258160344906,72.1829770764212));
#15769=CARTESIAN_POINT('Ctrl Pts',(8.66887894047613,45.0242309558424,73.6159557731772));
#15770=CARTESIAN_POINT('',(8.66887894047612,46.4176310981268,73.18195995761));
#15771=CARTESIAN_POINT('',(8.66887894047612,45.3403654916723,73.5174908300909));
#15772=CARTESIAN_POINT('',(10.2,38.973265059591,49.2808523312668));
#15773=CARTESIAN_POINT('',(10.202051721736,38.9632895142497,49.2488245423839));
#15774=CARTESIAN_POINT('',(10.2,33.1271859102335,51.1017032206144));
#15775=CARTESIAN_POINT('',(10.2,38.9732650596296,49.2808523312547));
#15776=CARTESIAN_POINT('',(9.29999999999921,37.5030185022945,65.150884198131));
#15777=CARTESIAN_POINT('',(10.202051721736,33.1172103648562,51.0696754317427));
#15778=CARTESIAN_POINT('',(9.13603760359472,38.4530579987395,67.6627632052637));
#15779=CARTESIAN_POINT('',(10.1877568205074,32.3591314817529,51.5505845576456));
#15780=CARTESIAN_POINT('',(9.7908625963212,28.4640453209866,59.5604064578601));
#15781=CARTESIAN_POINT('Origin',(9.3215514802329,32.2562125800011,51.3378463788384));
#15782=CARTESIAN_POINT('',(9.3215024612694,32.2681464697057,51.3692642113755));
#15783=CARTESIAN_POINT('',(9.3215514802329,32.2562125800011,51.3378463788384));
#15784=CARTESIAN_POINT('',(9.01243095855851,32.2610942928846,51.3714607198573));
#15785=CARTESIAN_POINT('',(9.32150246126938,32.2681464697057,51.3692642113755));
#15786=CARTESIAN_POINT('',(8.99119067718892,37.4321374428984,64.9850411821474));
#15787=CARTESIAN_POINT('',(9.0124799775813,32.2491604031813,51.3400428873198));
#15788=CARTESIAN_POINT('',(8.25604156739461,32.2506064512027,51.3946598671492));
#15789=CARTESIAN_POINT('Origin',(-9.61934086107925,32.1742850693734,51.3633639568214));
#15790=CARTESIAN_POINT('',(-9.62805834104396,37.4212966114086,65.176337732683));
#15791=CARTESIAN_POINT('',(-8.8714215463111,32.2290280707152,51.4871576125211));
#15792=CARTESIAN_POINT('',(-9.61936068903665,32.1862194267613,51.3947816436914));
#15793=CARTESIAN_POINT('',(-9.61934086107925,32.1742850693734,51.3633639568214));
#15794=CARTESIAN_POINT('',(-10.0913023489033,32.1818646821095,51.3961379956103));
#15795=CARTESIAN_POINT('',(-9.61936068903667,32.1862194267613,51.3947816436914));
#15796=CARTESIAN_POINT('',(-10.0912825209459,32.1699303247216,51.3647203087403));
#15797=CARTESIAN_POINT('Origin',(8.99092849728031,33.1301279203172,51.1359873677718));
#15798=CARTESIAN_POINT('',(8.09164362047436,33.085885752556,51.1145667872594));
#15799=CARTESIAN_POINT('Origin',(8.99092849728031,33.1201337337647,51.1038997289865));
#15800=CARTESIAN_POINT('',(9.01243095861779,24.8367166274938,27.5345283710723));
#15801=CARTESIAN_POINT('',(9.01243095861779,32.2710884794385,51.4035483586422));
#15802=CARTESIAN_POINT('',(8.09164362047502,25.6615080871624,27.2776344384903));
#15803=CARTESIAN_POINT('Origin',(8.99092849728031,25.6957560683726,27.2669673802019));
#15804=CARTESIAN_POINT('',(8.09164362047519,33.0958799391058,51.1466544260606));
#15805=CARTESIAN_POINT('Origin',(9.32150246126938,32.2781406562582,51.4013518501609));
#15806=CARTESIAN_POINT('',(9.32150246126938,24.8437688043136,27.5323318625909));
#15807=CARTESIAN_POINT('',(9.32150246126938,32.2781406562582,51.4013518501609));
#15808=CARTESIAN_POINT('',(4.52044575110592,24.7342216589077,27.5664519988467));
#15809=CARTESIAN_POINT('Origin',(9.30000000000002,33.137180096786,51.1337908593998));
#15810=CARTESIAN_POINT('Origin',(9.30000000000002,33.1271859102335,51.1017032206144));
#15811=CARTESIAN_POINT('',(10.2,25.702808244844,27.264770871829));
#15812=CARTESIAN_POINT('',(10.2,33.1371800967887,51.133790859399));
#15813=CARTESIAN_POINT('Origin',(9.30000000000002,25.7028082448414,27.2647708718299));
#15814=CARTESIAN_POINT('Origin',(10.2,38.9832592461822,49.3129399700401));
#15815=CARTESIAN_POINT('',(10.2,31.5488873942375,25.4439199824702));
#15816=CARTESIAN_POINT('',(10.2,38.9832592461822,49.3129399700401));
#15817=CARTESIAN_POINT('',(10.2,30.4716217877831,25.7794508549511));
#15818=CARTESIAN_POINT('Origin',(7.60000000000002,38.9832592461435,49.3129399700522));
#15819=CARTESIAN_POINT('Origin',(7.60000000000002,38.973265059591,49.2808523312668));
#15820=CARTESIAN_POINT('',(7.60000000002111,34.0312654728576,24.6707453098951));
#15821=CARTESIAN_POINT('',(7.60000000002111,41.4656373248022,48.539765297465));
#15822=CARTESIAN_POINT('Origin',(7.60000000000002,31.5488873941988,25.4439199824822));
#15823=CARTESIAN_POINT('Origin',(-8.4000000000371,41.4656373247551,48.5397652974797));
#15824=CARTESIAN_POINT('',(-8.4000000000371,34.0312654728105,24.6707453099098));
#15825=CARTESIAN_POINT('',(-8.4000000000371,41.4656373247551,48.5397652974797));
#15826=CARTESIAN_POINT('',(-4.40000000025499,34.0312654728223,24.6707453099061));
#15827=CARTESIAN_POINT('Origin',(-8.39999999999998,38.9832592460964,49.3129399700668));
#15828=CARTESIAN_POINT('Origin',(-8.39999999999998,38.9732650595439,49.2808523312814));
#15829=CARTESIAN_POINT('',(-10.9999999999492,31.5488873940061,25.4439199825422));
#15830=CARTESIAN_POINT('',(-10.9999999999492,38.9832592459508,49.3129399701122));
#15831=CARTESIAN_POINT('Origin',(-8.39999999999998,31.5488873941517,25.4439199824969));
#15832=CARTESIAN_POINT('Origin',(-11.0000000009106,33.0511034613767,51.1606007458439));
#15833=CARTESIAN_POINT('',(-11.0000000009106,25.616731609432,27.2915807582739));
#15834=CARTESIAN_POINT('',(-11.0000000009106,33.0511034613767,51.1606007458439));
#15835=CARTESIAN_POINT('',(-11.0000000006045,27.5055438961633,26.7032812426091));
#15836=CARTESIAN_POINT('Origin',(-10.1000000009106,33.0511034612535,51.1606007458822));
#15837=CARTESIAN_POINT('Origin',(-10.1000000009106,33.041109274701,51.1285131070968));
#15838=CARTESIAN_POINT('',(-10.0913023489033,24.7574870167174,27.5592056468257));
#15839=CARTESIAN_POINT('',(-10.0913023489033,32.191858868662,51.4282256343956));
#15840=CARTESIAN_POINT('Origin',(-10.1000000009106,25.6167316093089,27.2915807583123));
#15841=CARTESIAN_POINT('Origin',(-9.61936068903667,32.1962136133138,51.4268692824768));
#15842=CARTESIAN_POINT('',(-9.61936068903667,24.7618417613692,27.5578492949068));
#15843=CARTESIAN_POINT('',(-9.61936068903667,32.1962136133138,51.4268692824768));
#15844=CARTESIAN_POINT('',(-4.98666687592497,24.8045889912108,27.544535015458));
#15845=CARTESIAN_POINT('Origin',(-9.62805834104394,33.0554582059053,51.1592443939633));
#15846=CARTESIAN_POINT('',(-8.74064912378322,32.9022343659274,51.1717678244361));
#15847=CARTESIAN_POINT('Origin',(-9.62805834104394,33.0454640193528,51.127156755178));
#15848=CARTESIAN_POINT('',(-8.74064912378322,25.4778567005353,27.3348354756515));
#15849=CARTESIAN_POINT('',(-8.74064912378322,32.9122285524799,51.2038554632215));
#15850=CARTESIAN_POINT('Origin',(-9.62805834104394,25.6210863539607,27.2902244063934));
#15851=CARTESIAN_POINT('Origin',(-8.11094311833808,36.4686890424591,50.0961413730316));
#15852=CARTESIAN_POINT('',(-8.10500209329911,36.4922486421539,50.0536028936113));
#15853=CARTESIAN_POINT('',(-8.11094311833808,36.4586948559066,50.0640537342462));
#15854=CARTESIAN_POINT('',(-8.10500209330701,29.0678709767769,26.216670544822));
#15855=CARTESIAN_POINT('',(-8.10500209350976,36.5022428277005,50.08569053271));
#15856=CARTESIAN_POINT('',(-7.97283483263389,29.8143266825607,25.9841754825743));
#15857=CARTESIAN_POINT('Origin',(-4.33891395271744,35.6707446960427,50.3446733610021));
#15858=CARTESIAN_POINT('',(-4.33816787822613,39.3513524452726,49.1630911054896));
#15859=CARTESIAN_POINT('Origin',(-4.33891395271744,35.6607505094901,50.3125857222167));
#15860=CARTESIAN_POINT('',(-4.33816787822613,31.9269748135926,25.3261588649424));
#15861=CARTESIAN_POINT('',(-4.33816787822613,39.3613466655373,49.1951788525124));
#15862=CARTESIAN_POINT('Origin',(-4.33891395271744,28.236372844098,26.4756533734321));
#15863=CARTESIAN_POINT('Origin',(3.56104515833501,39.359169601757,49.1958569323705));
#15864=CARTESIAN_POINT('',(3.54259893751951,39.3491804990697,49.1637677101375));
#15865=CARTESIAN_POINT('',(3.56104515833501,39.3491754152045,49.1637692935852));
#15866=CARTESIAN_POINT('',(3.54259893751232,31.9248028336802,25.3268353613521));
#15867=CARTESIAN_POINT('',(3.54259893807867,39.3591746856303,49.1958553489204));
#15868=CARTESIAN_POINT('',(1.58090527304277,31.9253434865591,25.3266669667324));
#15869=CARTESIAN_POINT('Origin',(3.66108604728256,35.6707446967922,50.3446733607686));
#15870=CARTESIAN_POINT('',(7.46140350790379,36.3331116120111,50.1031685589847));
#15871=CARTESIAN_POINT('Origin',(3.66108604728256,35.6607505102397,50.3125857219832));
#15872=CARTESIAN_POINT('',(7.46140350790207,28.9087339466186,26.2662362102002));
#15873=CARTESIAN_POINT('',(7.46140350790207,36.3431057985633,50.1352561977702));
#15874=CARTESIAN_POINT('Origin',(3.66108604728256,28.2363728448476,26.4756533731987));
#15875=CARTESIAN_POINT('Origin',(8.08009763569799,33.1553690442793,51.1281256331219));
#15876=CARTESIAN_POINT('',(8.08009763569799,33.1453748577183,51.0960379943091));
#15877=CARTESIAN_POINT('',(7.59469692730149,28.221957859641,26.4801431411205));
#15878=CARTESIAN_POINT('Origin',(8.07808025808039,33.1350423931548,51.0641213734147));
#15879=CARTESIAN_POINT('',(8.995537949205,37.4738540247692,65.0807327107744));
#15880=CARTESIAN_POINT('Ctrl Pts',(8.99119067716014,37.4321374430421,64.9850411820946));
#15881=CARTESIAN_POINT('Ctrl Pts',(8.99623884889742,37.4677183312771,65.0783645337032));
#15882=CARTESIAN_POINT('Ctrl Pts',(8.995537949205,37.4738540247692,65.0807327107744));
#15883=CARTESIAN_POINT('Ctrl Pts',(8.995537949205,37.4738540247692,65.0807327107744));
#15884=CARTESIAN_POINT('Ctrl Pts',(8.98683446211359,37.5500445691266,65.1101397697187));
#15885=CARTESIAN_POINT('Ctrl Pts',(8.09164362047384,33.0858857525607,51.1145667872578));
#15886=CARTESIAN_POINT('',(7.45938613028274,36.3227791474384,50.071251938063));
#15887=CARTESIAN_POINT('Origin',(3.66108604728256,35.6507749648597,50.2805579331123));
#15888=CARTESIAN_POINT('Ctrl Pts',(3.52691558418582,45.7658916445885,66.0558661683291));
#15889=CARTESIAN_POINT('Ctrl Pts',(3.53474727797029,42.3563678809563,57.0802379350112));
#15890=CARTESIAN_POINT('Ctrl Pts',(3.54259893807942,39.3491804990778,49.163767710135));
#15891=CARTESIAN_POINT('Origin',(3.66108604728256,43.1051165487369,74.2136933483385));
#15892=CARTESIAN_POINT('Origin',(3.56104456607667,39.3372409664212,49.1323516351817));
#15893=CARTESIAN_POINT('',(-4.33816847048447,39.3394180302014,49.1316735553236));
#15894=CARTESIAN_POINT('Origin',(-4.33891395271744,35.6507749641102,50.2805579333458));
#15895=CARTESIAN_POINT('Ctrl Pts',(-8.10500209350969,36.4922486411484,50.0536028939245));
#15896=CARTESIAN_POINT('Ctrl Pts',(-8.76430972959259,39.885697663902,60.5053781162665));
#15897=CARTESIAN_POINT('Ctrl Pts',(-9.5389313728569,43.8663742769179,72.7769711222881));
#15898=CARTESIAN_POINT('Origin',(-4.33891395271744,43.1051165479873,74.213693348572));
#15899=CARTESIAN_POINT('Origin',(-8.10892009969393,36.4483927912009,50.0321276448203));
#15900=CARTESIAN_POINT('',(-8.73862610513907,32.8919323012217,51.1398417350102));
#15901=CARTESIAN_POINT('Origin',(-9.62805834104394,33.0354884739728,51.0951289663071));
#15902=CARTESIAN_POINT('Origin',(-10.1000000009106,33.031133729321,51.096485318226));
#15903=CARTESIAN_POINT('Origin',(-8.39999999999998,38.9632895141639,49.2488245424106));
#15904=CARTESIAN_POINT('Origin',(-8.39999999999997,46.417631098041,73.1819599576368));
#15905=CARTESIAN_POINT('Origin',(7.60000000000002,38.963289514211,49.2488245423959));
#15906=CARTESIAN_POINT('Origin',(7.60000000000002,46.4176310980881,73.1819599576221));
#15907=CARTESIAN_POINT('Origin',(9.30000000000002,33.1172103648535,51.0696754317435));
#15908=CARTESIAN_POINT('Origin',(8.99092849728031,33.1101581883847,51.0718719401156));
#15909=CARTESIAN_POINT('',(8.99092849728031,37.4959663258203,65.1530807064909));
#15910=CARTESIAN_POINT('',(9.88956043982903,33.1850806993993,51.0485361765503));
#15911=CARTESIAN_POINT('Origin',(8.99092849728031,33.1301279203172,51.1359873677718));
#15912=CARTESIAN_POINT('',(6.99851072145842,32.9640121440059,51.1877266705256));
#15913=CARTESIAN_POINT('',(9.0387117446137,31.22115138546,51.7305673473502));
#15914=CARTESIAN_POINT('Origin',(8.99092849728031,33.1301279203172,51.1359873677718));
#15915=CARTESIAN_POINT('',(6.99851072145842,25.5296402920612,27.3187066829557));
#15916=CARTESIAN_POINT('',(6.99851072145842,32.9640121440059,51.1877266705256));
#15917=CARTESIAN_POINT('',(9.0387117446137,23.7867795335154,27.8615473597802));
#15918=CARTESIAN_POINT('Origin',(8.99092849728031,25.6957560683726,27.2669673802019));
#15919=CARTESIAN_POINT('',(9.0387117446137,31.22115138546,51.7305673473502));
#15920=CARTESIAN_POINT('Origin',(9.34778324726529,31.2282035622798,51.7283708388689));
#15921=CARTESIAN_POINT('',(9.34778324726529,31.2282035622798,51.7283708388689));
#15922=CARTESIAN_POINT('',(9.0387117446137,31.22115138546,51.7305673473502));
#15923=CARTESIAN_POINT('',(9.34778324726529,23.7938317103352,27.8593508512989));
#15924=CARTESIAN_POINT('',(9.0387117446137,23.7867795335154,27.8615473597802));
#15925=CARTESIAN_POINT('',(9.34778324726529,31.2282035622798,51.7283708388689));
#15926=CARTESIAN_POINT('Origin',(9.30000000000002,33.137180096786,51.1337908593998));
#15927=CARTESIAN_POINT('',(11.3,33.1371800967887,51.133790859399));
#15928=CARTESIAN_POINT('Origin',(9.30000000000002,33.137180096786,51.1337908593998));
#15929=CARTESIAN_POINT('',(11.3,25.702808244844,27.264770871829));
#15930=CARTESIAN_POINT('Origin',(9.30000000000002,25.7028082448414,27.2647708718299));
#15931=CARTESIAN_POINT('',(11.3,33.1371800967887,51.133790859399));
#15932=CARTESIAN_POINT('Origin',(11.3,38.9832592461822,49.3129399700401));
#15933=CARTESIAN_POINT('',(11.3,38.9832592461822,49.3129399700401));
#15934=CARTESIAN_POINT('',(11.3,33.1371800967887,51.133790859399));
#15935=CARTESIAN_POINT('',(11.3,31.5488873942375,25.4439199824702));
#15936=CARTESIAN_POINT('',(11.3,25.702808244844,27.264770871829));
#15937=CARTESIAN_POINT('',(11.3,38.9832592461822,49.3129399700401));
#15938=CARTESIAN_POINT('Origin',(7.60000000000002,38.9832592461435,49.3129399700522));
#15939=CARTESIAN_POINT('',(7.60000000001772,42.5158742042553,48.2126529359795));
#15940=CARTESIAN_POINT('Origin',(7.60000000000002,38.9832592461435,49.3129399700522));
#15941=CARTESIAN_POINT('',(7.60000000001772,35.0815023523107,24.3436329484095));
#15942=CARTESIAN_POINT('Origin',(7.60000000000002,31.5488873941988,25.4439199824822));
#15943=CARTESIAN_POINT('',(7.60000000001772,42.5158742042553,48.2126529359795));
#15944=CARTESIAN_POINT('Origin',(-8.40000000004049,42.5158742042082,48.2126529359941));
#15945=CARTESIAN_POINT('',(-8.40000000004049,42.5158742042082,48.2126529359941));
#15946=CARTESIAN_POINT('',(7.60000000001772,42.5158742042553,48.2126529359795));
#15947=CARTESIAN_POINT('',(-8.40000000004049,35.0815023522636,24.3436329484242));
#15948=CARTESIAN_POINT('',(7.60000000001772,35.0815023523107,24.3436329484095));
#15949=CARTESIAN_POINT('',(-8.40000000004049,42.5158742042082,48.2126529359941));
#15950=CARTESIAN_POINT('Origin',(-8.39999999999998,38.9832592460964,49.3129399700668));
#15951=CARTESIAN_POINT('',(-12.0999999999492,38.9832592461133,49.3129399700616));
#15952=CARTESIAN_POINT('Origin',(-8.39999999999998,38.9832592460964,49.3129399700668));
#15953=CARTESIAN_POINT('',(-12.0999999999492,31.5488873941686,25.4439199824916));
#15954=CARTESIAN_POINT('Origin',(-8.39999999999998,31.5488873941517,25.4439199824969));
#15955=CARTESIAN_POINT('',(-12.0999999999492,38.9832592461133,49.3129399700616));
#15956=CARTESIAN_POINT('Origin',(-12.1000000009106,33.0511034615392,51.1606007457932));
#15957=CARTESIAN_POINT('',(-12.1000000009106,33.0511034615392,51.1606007457932));
#15958=CARTESIAN_POINT('',(-12.0999999999492,38.9832592461133,49.3129399700616));
#15959=CARTESIAN_POINT('',(-12.1000000009106,25.6167316095945,27.2915807582233));
#15960=CARTESIAN_POINT('',(-12.0999999999492,31.5488873941686,25.4439199824916));
#15961=CARTESIAN_POINT('',(-12.1000000009106,33.0511034615392,51.1606007457932));
#15962=CARTESIAN_POINT('Origin',(-10.1000000009106,33.0511034612535,51.1606007458822));
#15963=CARTESIAN_POINT('',(-10.0806718853388,31.1416710332724,51.7553227203565));
#15964=CARTESIAN_POINT('Origin',(-10.1000000009106,33.0511034612535,51.1606007458822));
#15965=CARTESIAN_POINT('',(-10.0806718853388,23.7072991813277,27.8863027327865));
#15966=CARTESIAN_POINT('Origin',(-10.1000000009106,25.6167316093089,27.2915807583123));
#15967=CARTESIAN_POINT('',(-10.0806718853388,31.1416710332724,51.7553227203565));
#15968=CARTESIAN_POINT('Origin',(-9.6087302254722,31.1460257779242,51.7539663684376));
#15969=CARTESIAN_POINT('',(-9.6087302254722,31.1460257779242,51.7539663684376));
#15970=CARTESIAN_POINT('',(-10.0806718853388,31.1416710332724,51.7553227203565));
#15971=CARTESIAN_POINT('',(-9.6087302254722,23.7116539259796,27.8849463808677));
#15972=CARTESIAN_POINT('',(-10.0806718853388,23.7072991813277,27.8863027327865));
#15973=CARTESIAN_POINT('',(-9.6087302254722,31.1460257779242,51.7539663684376));
#15974=CARTESIAN_POINT('Origin',(-9.62805834104394,33.0554582059053,51.1592443939633));
#15975=CARTESIAN_POINT('',(-7.65603785824233,32.7371700871822,51.2583801034259));
#15976=CARTESIAN_POINT('Origin',(-9.62805834104394,33.0554582059053,51.1592443939633));
#15977=CARTESIAN_POINT('',(-7.65603785824233,25.3027982352376,27.3893601158559));
#15978=CARTESIAN_POINT('Origin',(-9.62805834104394,25.6210863539607,27.2902244063934));
#15979=CARTESIAN_POINT('',(-7.65603785824233,32.7371700871822,51.2583801034259));
#15980=CARTESIAN_POINT('Origin',(-7.02633185279719,36.2936305771614,50.150666013236));
#15981=CARTESIAN_POINT('',(-7.02633185279719,36.2936305771614,50.150666013236));
#15982=CARTESIAN_POINT('',(-7.65603785824233,32.7371700871822,51.2583801034259));
#15983=CARTESIAN_POINT('',(-7.02633185279719,28.8592587252168,26.2816460256661));
#15984=CARTESIAN_POINT('',(-7.65603785824233,25.3027982352376,27.3893601158559));
#15985=CARTESIAN_POINT('',(-7.02633185279719,36.2936305771614,50.150666013236));
#15986=CARTESIAN_POINT('Origin',(-4.33891395271744,35.6707446960427,50.3446733610021));
#15987=CARTESIAN_POINT('',(-4.33848540870144,38.3111098298407,49.5222912003693));
#15988=CARTESIAN_POINT('Origin',(-4.33891395271744,35.6707446960427,50.3446733610021));
#15989=CARTESIAN_POINT('',(-4.33848540870144,30.8767379778961,25.6532712127994));
#15990=CARTESIAN_POINT('Origin',(-4.33891395271744,28.236372844098,26.4756533734321));
#15991=CARTESIAN_POINT('',(-4.33848540870144,38.3111098298407,49.5222912003693));
#15992=CARTESIAN_POINT('Origin',(3.56072762785969,38.3089327660604,49.5229692802275));
#15993=CARTESIAN_POINT('',(3.56072762785969,38.3089327660604,49.5229692802275));
#15994=CARTESIAN_POINT('',(-4.33848540870144,38.3111098298407,49.5222912003693));
#15995=CARTESIAN_POINT('',(3.56072762785969,30.8745609141158,25.6539492926575));
#15996=CARTESIAN_POINT('',(-4.33848540870144,30.8767379778961,25.6532712127994));
#15997=CARTESIAN_POINT('',(3.56072762785969,38.3089327660604,49.5229692802275));
#15998=CARTESIAN_POINT('Origin',(3.66108604728256,35.6707446967922,50.3446733607686));
#15999=CARTESIAN_POINT('',(6.37981659366077,36.1517488982895,50.194857235174));
#16000=CARTESIAN_POINT('Origin',(3.66108604728256,35.6707446967922,50.3446733607686));
#16001=CARTESIAN_POINT('',(6.37981659366077,28.7173770463449,26.325837247604));
#16002=CARTESIAN_POINT('Origin',(3.66108604728256,28.2363728448476,26.4756533731987));
#16003=CARTESIAN_POINT('',(6.37981659366077,36.1517488982895,50.194857235174));
#16004=CARTESIAN_POINT('Origin',(6.9985107214567,32.9640121440056,51.1877266705257));
#16005=CARTESIAN_POINT('',(6.37981659366077,36.1517488982895,50.194857235174));
#16006=CARTESIAN_POINT('',(6.37981659366077,28.7173770463449,26.325837247604));
#16007=CARTESIAN_POINT('Origin',(-0.400000000457901,29.3943561813286,26.1149817274319));
#16008=CARTESIAN_POINT('Origin',(6.99851072145842,32.9640121440059,51.1877266705256));
#16009=CARTESIAN_POINT('',(8.52004777825199,40.57129457045,75.0028910113773));
#16010=CARTESIAN_POINT('',(7.8832868118837,43.8521182367282,73.98102823157));
#16011=CARTESIAN_POINT('',(7.88328681173974,43.8521182367027,73.981028231578));
#16012=CARTESIAN_POINT('',(6.37981659366077,36.1517488982895,50.194857235174));
#16013=CARTESIAN_POINT('Ctrl Pts',(6.99851072146288,32.9640121440282,51.1877266705955));
#16014=CARTESIAN_POINT('Ctrl Pts',(8.02105780265187,38.1084125669189,67.236867047498));
#16015=CARTESIAN_POINT('Ctrl Pts',(8.520047778252,40.57129457045,75.0028910113774));
#16016=CARTESIAN_POINT('Origin',(3.66108604728256,35.6707446967922,50.3446733607686));
#16017=CARTESIAN_POINT('',(3.53625727960771,47.2032032258473,72.9372814866448));
#16018=CARTESIAN_POINT('Origin',(3.66108604728256,43.1051165487369,74.2136933483385));
#16019=CARTESIAN_POINT('Ctrl Pts',(3.5607276238585,38.30893276606,49.522969280223));
#16020=CARTESIAN_POINT('Ctrl Pts',(3.54846825596819,42.2685058117192,59.9466088647577));
#16021=CARTESIAN_POINT('Ctrl Pts',(3.53625727960771,47.2032032258473,72.9372814866448));
#16022=CARTESIAN_POINT('Origin',(3.56072762785969,38.3089327660604,49.5229692802275));
#16023=CARTESIAN_POINT('',(-4.33814624182129,47.2053734507402,72.9366055368628));
#16024=CARTESIAN_POINT('',(-4.33804402243216,47.2053734238252,72.9366055452459));
#16025=CARTESIAN_POINT('',(-4.33848540870144,38.3111098298407,49.5222912003693));
#16026=CARTESIAN_POINT('Origin',(-4.33891395271744,35.6707446960427,50.3446733610021));
#16027=CARTESIAN_POINT('',(-8.52598283832079,44.016657981719,73.9297798079094));
#16028=CARTESIAN_POINT('Origin',(-4.33891395271744,43.1051165479873,74.213693348572));
#16029=CARTESIAN_POINT('Ctrl Pts',(-7.02633185303395,36.2936305758263,50.1506660136551));
#16030=CARTESIAN_POINT('Ctrl Pts',(-7.69346058361431,39.7340174660043,60.7351512899313));
#16031=CARTESIAN_POINT('Ctrl Pts',(-8.52598283832079,44.016657981719,73.9297798079094));
#16032=CARTESIAN_POINT('Origin',(-7.02633185279719,36.2936305771614,50.150666013236));
#16033=CARTESIAN_POINT('',(-9.16371210472445,40.4148836304253,75.0516075942307));
#16034=CARTESIAN_POINT('',(-9.16371210472445,40.4148836304253,75.0516075942307));
#16035=CARTESIAN_POINT('',(-7.65603785824233,32.7371700871822,51.2583801034259));
#16036=CARTESIAN_POINT('Origin',(-9.62805834104394,33.0554582059053,51.1592443939633));
#16037=CARTESIAN_POINT('',(-9.62350720285895,40.0402212585642,75.1683019282586));
#16038=CARTESIAN_POINT('Origin',(-9.62805834104394,40.4898300578499,75.0282643815333));
#16039=CARTESIAN_POINT('',(-9.6087302254722,31.1460257779242,51.7539663684376));
#16040=CARTESIAN_POINT('Origin',(-9.6087302254722,31.1460257779242,51.7539663684376));
#16041=CARTESIAN_POINT('',(-10.0954488627256,40.0358665139123,75.1696582801775));
#16042=CARTESIAN_POINT('',(-10.0954488627256,40.0358665139123,75.1696582801775));
#16043=CARTESIAN_POINT('',(-10.0806718853388,31.1416710332724,51.7553227203565));
#16044=CARTESIAN_POINT('Origin',(-10.1000000009106,33.0511034612535,51.1606007458822));
#16045=CARTESIAN_POINT('',(-10.5709344971485,40.4854753132579,75.0296207334335));
#16046=CARTESIAN_POINT('Origin',(-10.1000000009106,40.4854753131981,75.0296207334522));
#16047=CARTESIAN_POINT('',(-12.1000000009106,33.0511034615392,51.1606007457932));
#16048=CARTESIAN_POINT('Origin',(-12.1000000009106,33.0511034615392,51.1606007457932));
#16049=CARTESIAN_POINT('',(-10.5709344962192,46.4176310980509,73.1819599576337));
#16050=CARTESIAN_POINT('',(-10.5709344961871,46.417631097832,73.1819599577019));
#16051=CARTESIAN_POINT('',(-12.0999999999492,38.9832592461133,49.3129399700616));
#16052=CARTESIAN_POINT('Origin',(-8.39999999999998,38.9832592460964,49.3129399700668));
#16053=CARTESIAN_POINT('',(-8.40000000003577,48.4903542532888,72.536378585202));
#16054=CARTESIAN_POINT('Origin',(-8.39999999999997,46.417631098041,73.1819599576368));
#16055=CARTESIAN_POINT('',(-8.40000000004049,42.5158742042082,48.2126529359941));
#16056=CARTESIAN_POINT('Origin',(-8.40000000004049,42.5158742042082,48.2126529359941));
#16057=CARTESIAN_POINT('',(7.60000000001041,48.4903542533741,72.5363785851754));
#16058=CARTESIAN_POINT('',(7.60000000002243,48.4903542533359,72.5363785851874));
#16059=CARTESIAN_POINT('',(7.60000000001772,42.5158742042553,48.2126529359795));
#16060=CARTESIAN_POINT('Origin',(7.60000000000002,38.9832592461435,49.3129399700522));
#16061=CARTESIAN_POINT('',(9.77093449623792,46.4176310981268,73.18195995761));
#16062=CARTESIAN_POINT('Origin',(7.60000000000002,46.4176310980881,73.1819599576221));
#16063=CARTESIAN_POINT('',(11.3,38.9832592461822,49.3129399700401));
#16064=CARTESIAN_POINT('Origin',(11.3,38.9832592461822,49.3129399700401));
#16065=CARTESIAN_POINT('',(9.7709344962379,40.5715519487313,75.0028108469696));
#16066=CARTESIAN_POINT('',(9.77093449623792,40.5715519487333,75.0028108469689));
#16067=CARTESIAN_POINT('',(11.3,33.1371800967887,51.133790859399));
#16068=CARTESIAN_POINT('Origin',(9.30000000000002,33.137180096786,51.1337908593998));
#16069=CARTESIAN_POINT('',(9.31125138973975,40.1220504974268,75.1428149585219));
#16070=CARTESIAN_POINT('Origin',(9.30000000000002,40.5715519487307,75.0028108469698));
#16071=CARTESIAN_POINT('',(9.34778324726529,31.2282035622798,51.7283708388689));
#16072=CARTESIAN_POINT('Origin',(9.34778324726529,31.2282035622798,51.7283708388689));
#16073=CARTESIAN_POINT('',(9.00217988703401,40.1149983209583,75.1450114668939));
#16074=CARTESIAN_POINT('',(9.00217988708816,40.1149983206071,75.1450114670033));
#16075=CARTESIAN_POINT('',(9.0387117446137,31.22115138546,51.7305673473502));
#16076=CARTESIAN_POINT('Origin',(8.99092849728031,33.1301279203172,51.1359873677718));
#16077=CARTESIAN_POINT('Origin',(8.99092849728031,40.5644997722618,75.0050073553418));
#16078=CARTESIAN_POINT('Origin',(-0.400000000457901,44.2630998852179,73.8530217025718));
#16079=CARTESIAN_POINT('Origin',(0.00613081718925135,4.98432838854444,99.5));
#16080=CARTESIAN_POINT('',(-1.56445418281122,5.19908588854101,99.5));
#16081=CARTESIAN_POINT('Origin',(0.00613081718878108,5.19908588854445,99.5));
#16082=CARTESIAN_POINT('',(-1.99386918281028,4.76957088854007,99.5));
#16083=CARTESIAN_POINT('',(-1.77916168281075,4.98432838854054,99.5));
#16084=CARTESIAN_POINT('',(2.00613081718972,4.76957088854881,99.5));
#16085=CARTESIAN_POINT('Origin',(0.00613081718972163,4.76957088854443,99.5));
#16086=CARTESIAN_POINT('Origin',(0.00613081718972163,4.76957088854443,99.5));
#16087=CARTESIAN_POINT('Origin',(0.00613081719600735,1.89908588854445,99.5));
#16088=CARTESIAN_POINT('',(2.00613081720324,-1.40091411145121,99.5));
#16089=CARTESIAN_POINT('',(2.00613081719601,1.89908588854881,99.5));
#16090=CARTESIAN_POINT('Origin',(0.00613081720323361,-1.40091411145555,
99.5));
#16091=CARTESIAN_POINT('Origin',(-0.99386918281122,5.19908588854226,99.5));
#16092=CARTESIAN_POINT('Origin',(0.00613081721192375,-5.36941951938473,
99.5));
#16093=CARTESIAN_POINT('',(-2.13617626546083,-5.52584072206013,99.1181696996125));
#16094=CARTESIAN_POINT('',(-1.93065097656033,-5.4434883563652,99.1293177799017));
#16095=CARTESIAN_POINT('Ctrl Pts',(-1.93065145076463,-5.44348812012953,
99.1293177914785));
#16096=CARTESIAN_POINT('Ctrl Pts',(-1.93832900788943,-5.45918587985921,
99.1277969117542));
#16097=CARTESIAN_POINT('Ctrl Pts',(-1.94963063018234,-5.47479719125847,
99.1262140891841));
#16098=CARTESIAN_POINT('Ctrl Pts',(-1.97578269852254,-5.50111515597995,
99.123409560541));
#16099=CARTESIAN_POINT('Ctrl Pts',(-1.99626417843516,-5.51479229593888,
99.1218199227765));
#16100=CARTESIAN_POINT('Ctrl Pts',(-2.03444905727635,-5.53059501201031,
99.1197047459887));
#16101=CARTESIAN_POINT('Ctrl Pts',(-2.05893855695993,-5.53541951938925,
99.118812884141));
#16102=CARTESIAN_POINT('Ctrl Pts',(-2.09771221558978,-5.53541951938934,
99.1180692276686));
#16103=CARTESIAN_POINT('Ctrl Pts',(-2.11849217408395,-5.53201353301932,
99.1179687200135));
#16104=CARTESIAN_POINT('Ctrl Pts',(-2.13617626546049,-5.52584072206025,
99.1181696996125));
#16105=CARTESIAN_POINT('',(-1.93065097656033,-5.4434883563652,99.8706822200983));
#16106=CARTESIAN_POINT('Origin',(0.00613081721207685,-5.44348835636097,
99.5));
#16107=CARTESIAN_POINT('',(-2.13617626546083,-5.52584072206013,99.8818303003875));
#16108=CARTESIAN_POINT('Ctrl Pts',(-2.13617626546084,-5.52584072206013,
99.8818303003875));
#16109=CARTESIAN_POINT('Ctrl Pts',(-2.11849217408422,-5.53201353301927,
99.8820312799865));
#16110=CARTESIAN_POINT('Ctrl Pts',(-2.0977122155899,-5.53541951938934,99.8819307723313));
#16111=CARTESIAN_POINT('Ctrl Pts',(-2.05893855695993,-5.53541951938925,
99.881187115859));
#16112=CARTESIAN_POINT('Ctrl Pts',(-2.03444905727635,-5.53059501201031,
99.8802952540113));
#16113=CARTESIAN_POINT('Ctrl Pts',(-1.99626417843516,-5.51479229593888,
99.8781800772235));
#16114=CARTESIAN_POINT('Ctrl Pts',(-1.97578269852254,-5.50111515597995,
99.876590439459));
#16115=CARTESIAN_POINT('Ctrl Pts',(-1.94963063018234,-5.47479719125847,
99.8737859108159));
#16116=CARTESIAN_POINT('Ctrl Pts',(-1.93832900788943,-5.45918587985921,
99.8722030882458));
#16117=CARTESIAN_POINT('Ctrl Pts',(-1.93065145076463,-5.44348812012952,
99.8706822085215));
#16118=CARTESIAN_POINT('Origin',(0.00613081721226627,-5.52584072205544,
99.5));
#16119=CARTESIAN_POINT('Origin',(0.00613081721089631,-4.9002230352248,99.5));
#16120=CARTESIAN_POINT('',(-1.33562209862338,-4.2268902169132,99.247188211754));
#16121=CARTESIAN_POINT('',(-1.66494404838464,-4.90022303522847,99.1819521839306));
#16122=CARTESIAN_POINT('',(-1.33562209862338,-4.2268902169132,99.752811788246));
#16123=CARTESIAN_POINT('Origin',(0.00613081720942186,-4.22689021691026,
99.5));
#16124=CARTESIAN_POINT('',(-1.66494404838464,-4.90022303522847,99.8180478160694));
#16125=CARTESIAN_POINT('Origin',(0.00613081721192375,-5.36941951938473,
99.5));
#16126=CARTESIAN_POINT('',(0.38796111759978,-5.5258407220546,97.3576929173269));
#16127=CARTESIAN_POINT('',(0.376813037310406,-5.44348835636015,97.5632182062276));
#16128=CARTESIAN_POINT('Ctrl Pts',(0.376813025733628,-5.44348812012448,
97.5632177320233));
#16129=CARTESIAN_POINT('Ctrl Pts',(0.378333905457965,-5.45918587985414,
97.5555401748984));
#16130=CARTESIAN_POINT('Ctrl Pts',(0.379916728028058,-5.47479719125337,
97.5442385526055));
#16131=CARTESIAN_POINT('Ctrl Pts',(0.382721256671176,-5.50111515597479,
97.5180864842652));
#16132=CARTESIAN_POINT('Ctrl Pts',(0.384310894435795,-5.51479229593367,
97.4976050043526));
#16133=CARTESIAN_POINT('Ctrl Pts',(0.386426071223585,-5.53059501200501,
97.4594201255114));
#16134=CARTESIAN_POINT('Ctrl Pts',(0.38731793307126,-5.5354195193839,97.4349306258278));
#16135=CARTESIAN_POINT('Ctrl Pts',(0.388061589543643,-5.5354195193839,97.3961569671979));
#16136=CARTESIAN_POINT('Ctrl Pts',(0.388162097198803,-5.53201353301382,
97.3753770087038));
#16137=CARTESIAN_POINT('Ctrl Pts',(0.387961117599784,-5.52584072205472,
97.3576929173272));
#16138=CARTESIAN_POINT('',(-0.364551402886228,-5.44348835636178,97.5632182062276));
#16139=CARTESIAN_POINT('Origin',(0.00613081721208604,-5.44348835636097,
99.5));
#16140=CARTESIAN_POINT('',(-0.375699483175241,-5.52584072205627,97.3576929173269));
#16141=CARTESIAN_POINT('Ctrl Pts',(-0.375699483175241,-5.52584072205627,
97.3576929173269));
#16142=CARTESIAN_POINT('Ctrl Pts',(-0.375900462774238,-5.53201353301546,
97.3753770087035));
#16143=CARTESIAN_POINT('Ctrl Pts',(-0.375799955119065,-5.53541951938557,
97.3961569671978));
#16144=CARTESIAN_POINT('Ctrl Pts',(-0.375056298646679,-5.53541951938557,
97.4349306258278));
#16145=CARTESIAN_POINT('Ctrl Pts',(-0.374164436799025,-5.53059501200667,
97.4594201255114));
#16146=CARTESIAN_POINT('Ctrl Pts',(-0.372049260011305,-5.51479229593533,
97.4976050043526));
#16147=CARTESIAN_POINT('Ctrl Pts',(-0.370459622246746,-5.50111515597643,
97.5180864842652));
#16148=CARTESIAN_POINT('Ctrl Pts',(-0.367655093603743,-5.474797191255,97.5442385526055));
#16149=CARTESIAN_POINT('Ctrl Pts',(-0.366072271033718,-5.45918587985577,
97.5555401748984));
#16150=CARTESIAN_POINT('Ctrl Pts',(-0.364551391309449,-5.4434881201261,
97.5632177320233));
#16151=CARTESIAN_POINT('Origin',(0.00613081721226627,-5.52584072205544,
99.5));
#16152=CARTESIAN_POINT('Origin',(0.00613081721089631,-4.9002230352248,99.5));
#16153=CARTESIAN_POINT('',(0.258942605455437,-4.22689021690971,98.1582470841672));
#16154=CARTESIAN_POINT('',(0.32417863328028,-4.90022303522411,97.8289251344045));
#16155=CARTESIAN_POINT('',(-0.246680971036586,-4.22689021691082,98.1582470841672));
#16156=CARTESIAN_POINT('Origin',(0.00613081720942186,-4.22689021691026,
99.5));
#16157=CARTESIAN_POINT('',(-0.311916998858481,-4.9002230352255,97.8289251344044));
#16158=CARTESIAN_POINT('Origin',(0.00613081721192375,-5.36941951938473,
99.5));
#16159=CARTESIAN_POINT('',(2.14843789988537,-5.52584072205074,99.8818303003875));
#16160=CARTESIAN_POINT('',(1.94291261098451,-5.44348835635673,99.8706822200983));
#16161=CARTESIAN_POINT('Ctrl Pts',(1.94291308518881,-5.44348812012105,99.8706822085215));
#16162=CARTESIAN_POINT('Ctrl Pts',(1.95059064231367,-5.4591858798507,99.8722030882458));
#16163=CARTESIAN_POINT('Ctrl Pts',(1.96189226460665,-5.4747971912499,99.8737859108159));
#16164=CARTESIAN_POINT('Ctrl Pts',(1.98804433294697,-5.50111515597127,99.876590439459));
#16165=CARTESIAN_POINT('Ctrl Pts',(2.00852581285964,-5.51479229593011,99.8781800772235));
#16166=CARTESIAN_POINT('Ctrl Pts',(2.04671069170091,-5.53059501200137,99.8802952540113));
#16167=CARTESIAN_POINT('Ctrl Pts',(2.07120019138451,-5.53541951938021,99.881187115859));
#16168=CARTESIAN_POINT('Ctrl Pts',(2.10997385001436,-5.53541951938013,99.8819307723313));
#16169=CARTESIAN_POINT('Ctrl Pts',(2.13075380850851,-5.53201353301001,99.8820312799865));
#16170=CARTESIAN_POINT('Ctrl Pts',(2.14843789988502,-5.52584072205087,99.8818303003875));
#16171=CARTESIAN_POINT('',(1.94291261098451,-5.44348835635673,99.1293177799017));
#16172=CARTESIAN_POINT('Origin',(0.00613081721207685,-5.44348835636097,
99.5));
#16173=CARTESIAN_POINT('',(2.14843789988537,-5.52584072205074,99.1181696996125));
#16174=CARTESIAN_POINT('Ctrl Pts',(2.14843789988537,-5.52584072205075,99.1181696996125));
#16175=CARTESIAN_POINT('Ctrl Pts',(2.13075380850878,-5.53201353300996,99.1179687200135));
#16176=CARTESIAN_POINT('Ctrl Pts',(2.10997385001448,-5.53541951938013,99.1180692276686));
#16177=CARTESIAN_POINT('Ctrl Pts',(2.07120019138451,-5.53541951938021,99.118812884141));
#16178=CARTESIAN_POINT('Ctrl Pts',(2.04671069170091,-5.53059501200137,99.1197047459887));
#16179=CARTESIAN_POINT('Ctrl Pts',(2.00852581285964,-5.51479229593011,99.1218199227765));
#16180=CARTESIAN_POINT('Ctrl Pts',(1.98804433294697,-5.50111515597127,99.123409560541));
#16181=CARTESIAN_POINT('Ctrl Pts',(1.96189226460665,-5.4747971912499,99.1262140891841));
#16182=CARTESIAN_POINT('Ctrl Pts',(1.95059064231367,-5.4591858798507,99.1277969117541));
#16183=CARTESIAN_POINT('Ctrl Pts',(1.94291308518881,-5.44348812012105,99.1293177914785));
#16184=CARTESIAN_POINT('Origin',(0.00613081721226627,-5.52584072205543,
99.5));
#16185=CARTESIAN_POINT('Origin',(0.00613081721089631,-4.9002230352248,99.5));
#16186=CARTESIAN_POINT('',(1.34788373304223,-4.22689021690733,99.752811788246));
#16187=CARTESIAN_POINT('',(1.67720568280644,-4.90022303522115,99.8180478160694));
#16188=CARTESIAN_POINT('',(1.37149329194721,-4.22689021690731,99.5));
#16189=CARTESIAN_POINT('Origin',(0.00613081720942186,-4.22689021691026,
99.5));
#16190=CARTESIAN_POINT('',(1.34788373304223,-4.22689021690733,99.247188211754));
#16191=CARTESIAN_POINT('Origin',(0.00613081720942186,-4.22689021691026,
99.5));
#16192=CARTESIAN_POINT('',(1.67720568280644,-4.90022303522115,99.1819521839306));
#16193=CARTESIAN_POINT('Origin',(0.00613081721192375,-5.36941951938473,
99.5));
#16194=CARTESIAN_POINT('',(-0.375699483175241,-5.52584072205627,101.642307082673));
#16195=CARTESIAN_POINT('',(-0.364551402886228,-5.44348835636178,101.436781793772));
#16196=CARTESIAN_POINT('Ctrl Pts',(-0.364551391309448,-5.44348812012609,
101.436782267977));
#16197=CARTESIAN_POINT('Ctrl Pts',(-0.366072271033717,-5.45918587985575,
101.444459825102));
#16198=CARTESIAN_POINT('Ctrl Pts',(-0.367655093603743,-5.474797191255,101.455761447394));
#16199=CARTESIAN_POINT('Ctrl Pts',(-0.370459622246746,-5.50111515597643,
101.481913515735));
#16200=CARTESIAN_POINT('Ctrl Pts',(-0.372049260011305,-5.51479229593533,
101.502394995647));
#16201=CARTESIAN_POINT('Ctrl Pts',(-0.374164436799025,-5.53059501200667,
101.540579874489));
#16202=CARTESIAN_POINT('Ctrl Pts',(-0.375056298646678,-5.53541951938557,
101.565069374172));
#16203=CARTESIAN_POINT('Ctrl Pts',(-0.375799955119062,-5.53541951938557,
101.603843032802));
#16204=CARTESIAN_POINT('Ctrl Pts',(-0.375900462774238,-5.5320135330155,
101.624622991296));
#16205=CARTESIAN_POINT('Ctrl Pts',(-0.375699483175245,-5.52584072205639,
101.642307082673));
#16206=CARTESIAN_POINT('',(0.376813037310406,-5.44348835636015,101.436781793772));
#16207=CARTESIAN_POINT('Origin',(0.00613081721208604,-5.44348835636097,
99.5));
#16208=CARTESIAN_POINT('',(0.38796111759978,-5.5258407220546,101.642307082673));
#16209=CARTESIAN_POINT('Ctrl Pts',(0.38796111759978,-5.52584072205461,101.642307082673));
#16210=CARTESIAN_POINT('Ctrl Pts',(0.388162097198804,-5.53201353301378,
101.624622991296));
#16211=CARTESIAN_POINT('Ctrl Pts',(0.388061589543646,-5.5354195193839,101.603843032802));
#16212=CARTESIAN_POINT('Ctrl Pts',(0.38731793307126,-5.5354195193839,101.565069374172));
#16213=CARTESIAN_POINT('Ctrl Pts',(0.386426071223585,-5.53059501200501,
101.540579874489));
#16214=CARTESIAN_POINT('Ctrl Pts',(0.384310894435795,-5.51479229593367,
101.502394995647));
#16215=CARTESIAN_POINT('Ctrl Pts',(0.382721256671176,-5.50111515597479,
101.481913515735));
#16216=CARTESIAN_POINT('Ctrl Pts',(0.379916728028058,-5.47479719125337,
101.455761447394));
#16217=CARTESIAN_POINT('Ctrl Pts',(0.378333905457965,-5.45918587985414,
101.444459825102));
#16218=CARTESIAN_POINT('Ctrl Pts',(0.376813025733627,-5.44348812012447,
101.436782267977));
#16219=CARTESIAN_POINT('Origin',(0.00613081721226627,-5.52584072205544,
99.5));
#16220=CARTESIAN_POINT('Origin',(0.00613081721089631,-4.9002230352248,99.5));
#16221=CARTESIAN_POINT('',(-0.246680971036586,-4.22689021691082,100.841752915833));
#16222=CARTESIAN_POINT('',(-0.311916998858481,-4.9002230352255,101.171074865596));
#16223=CARTESIAN_POINT('',(0.258942605455437,-4.22689021690971,100.841752915833));
#16224=CARTESIAN_POINT('Origin',(0.00613081720942186,-4.22689021691026,
99.5));
#16225=CARTESIAN_POINT('',(0.32417863328028,-4.90022303522411,101.171074865596));
#16226=CARTESIAN_POINT('Origin',(0.00613081720863577,-3.86790822099976,
99.5));
#16227=CARTESIAN_POINT('',(0.00613081720873561,-3.91327756671301,103.461155412188));
#16228=CARTESIAN_POINT('',(3.96728622939664,-3.91327756670443,99.5));
#16229=CARTESIAN_POINT('Origin',(0.00613081720873665,-3.91327756671301,
99.5));
#16230=CARTESIAN_POINT('Origin',(0.00613081720873665,-3.91327756671301,
99.5));
#16231=CARTESIAN_POINT('',(0.00613081721108161,-4.98465674838582,102.827434171329));
#16232=CARTESIAN_POINT('Origin',(0.0061308172086361,-3.86790822099976,102.161947337063));
#16233=CARTESIAN_POINT('Origin',(0.0061308172110812,-4.98465674838582,99.5));
#16234=CARTESIAN_POINT('Origin',(0.00613081719885405,0.599085888544454,
99.5));
#16235=CARTESIAN_POINT('',(-0.660011123789537,-5.85537460552716,99.8823540831808));
#16236=CARTESIAN_POINT('Origin',(0.00241645364038477,0.58213937061783,99.3063360301524));
#16237=CARTESIAN_POINT('',(-0.376223265967867,-5.85537460552654,100.166141941003));
#16238=CARTESIAN_POINT('Ctrl Pts',(-0.376223265967868,-5.85537460552654,
100.166141941003));
#16239=CARTESIAN_POINT('Ctrl Pts',(-0.375872345979342,-5.85898266358814,
100.131383744433));
#16240=CARTESIAN_POINT('Ctrl Pts',(-0.382346056252856,-5.86214247186588,
100.094131269886));
#16241=CARTESIAN_POINT('Ctrl Pts',(-0.409682763566593,-5.86640784982233,
100.025231337245));
#16242=CARTESIAN_POINT('Ctrl Pts',(-0.430548116558918,-5.86751343511706,
99.9935848148892));
#16243=CARTESIAN_POINT('Ctrl Pts',(-0.479014015408284,-5.86770456702548,
99.9432554931249));
#16244=CARTESIAN_POINT('Ctrl Pts',(-0.509833848894196,-5.86680404039186,
99.9212176455718));
#16245=CARTESIAN_POINT('Ctrl Pts',(-0.577624121209365,-5.86291770848075,
99.8913005221501));
#16246=CARTESIAN_POINT('Ctrl Pts',(-0.614593610311843,-5.85993189432066,
99.883419095462));
#16247=CARTESIAN_POINT('Ctrl Pts',(-0.652868494854131,-5.85610896966342,
99.8823504811103));
#16248=CARTESIAN_POINT('Ctrl Pts',(-0.656430004520584,-5.85574634190945,
99.8823179280734));
#16249=CARTESIAN_POINT('Ctrl Pts',(-0.660011123789536,-5.85537460552716,
99.8823540831809));
#16250=CARTESIAN_POINT('Origin',(0.199794787046482,0.582139370618261,99.5037143635585));
#16251=CARTESIAN_POINT('',(0.388484900393849,-5.85537460552487,100.166141941003));
#16252=CARTESIAN_POINT('Origin',(-0.187533152648689,0.582139370617414,99.5037143635585));
#16253=CARTESIAN_POINT('',(0.672272758215518,-5.85537460552425,99.8823540831808));
#16254=CARTESIAN_POINT('Ctrl Pts',(0.672272758215518,-5.85537460552425,
99.8823540831808));
#16255=CARTESIAN_POINT('Ctrl Pts',(0.637514561646242,-5.85898266358592,
99.8820031631923));
#16256=CARTESIAN_POINT('Ctrl Pts',(0.600262087098607,-5.86214247186373,
99.8884768734658));
#16257=CARTESIAN_POINT('Ctrl Pts',(0.531362154458309,-5.86640784982027,
99.9158135807796));
#16258=CARTESIAN_POINT('Ctrl Pts',(0.499715632102235,-5.86751343511503,
99.9366789337719));
#16259=CARTESIAN_POINT('Ctrl Pts',(0.449386310337915,-5.86770456702345,
99.9851448326213));
#16260=CARTESIAN_POINT('Ctrl Pts',(0.42734846278479,-5.86680404038981,100.015964666107));
#16261=CARTESIAN_POINT('Ctrl Pts',(0.397431339363133,-5.86291770847861,
100.083754938422));
#16262=CARTESIAN_POINT('Ctrl Pts',(0.389549912675039,-5.85993189431847,
100.120724427525));
#16263=CARTESIAN_POINT('Ctrl Pts',(0.388481298552891,-5.8561089704824,100.158999303845));
#16264=CARTESIAN_POINT('Ctrl Pts',(0.388448745208158,-5.85574634271133,
100.162560813987));
#16265=CARTESIAN_POINT('Ctrl Pts',(0.38848490039385,-5.85537460552487,100.166141941003));
#16266=CARTESIAN_POINT('Origin',(0.00984518075739754,0.582139370617846,
99.3063360301524));
#16267=CARTESIAN_POINT('',(0.672272758215518,-5.85537460552425,99.1176459168191));
#16268=CARTESIAN_POINT('Origin',(0.00984518075739754,0.582139370617846,
99.6936639698476));
#16269=CARTESIAN_POINT('',(0.388484900393849,-5.85537460552487,98.8338580589975));
#16270=CARTESIAN_POINT('Ctrl Pts',(0.38848490039385,-5.85537460552487,98.8338580589975));
#16271=CARTESIAN_POINT('Ctrl Pts',(0.38813398040534,-5.85898266358646,98.8686162555667));
#16272=CARTESIAN_POINT('Ctrl Pts',(0.394607690678868,-5.86214247186418,
98.9058687301144));
#16273=CARTESIAN_POINT('Ctrl Pts',(0.421944397992623,-5.86640784982051,
98.9747686627547));
#16274=CARTESIAN_POINT('Ctrl Pts',(0.442809750984953,-5.86751343511515,
99.0064151851108));
#16275=CARTESIAN_POINT('Ctrl Pts',(0.49127564983432,-5.86770456702336,99.0567445068751));
#16276=CARTESIAN_POINT('Ctrl Pts',(0.522095483320228,-5.8668040403896,99.0787823544282));
#16277=CARTESIAN_POINT('Ctrl Pts',(0.58988575563538,-5.86291770847819,99.1086994778499));
#16278=CARTESIAN_POINT('Ctrl Pts',(0.626855244737845,-5.85993189431794,
99.116580904538));
#16279=CARTESIAN_POINT('Ctrl Pts',(0.665130129280116,-5.85610896966053,
99.1176495188897));
#16280=CARTESIAN_POINT('Ctrl Pts',(0.668691638946568,-5.85574634190655,
99.1176820719266));
#16281=CARTESIAN_POINT('Ctrl Pts',(0.672272758215518,-5.85537460552425,
99.1176459168191));
#16282=CARTESIAN_POINT('Origin',(-0.18753315264869,0.582139370617414,99.4962856364415));
#16283=CARTESIAN_POINT('',(-0.376223265967867,-5.85537460552654,98.8338580589975));
#16284=CARTESIAN_POINT('Origin',(0.199794787046482,0.582139370618261,99.4962856364415));
#16285=CARTESIAN_POINT('',(-0.660011123789536,-5.85537460552716,99.1176459168191));
#16286=CARTESIAN_POINT('Ctrl Pts',(-0.660011123789536,-5.85537460552716,
99.1176459168191));
#16287=CARTESIAN_POINT('Ctrl Pts',(-0.625252927220244,-5.85898266358868,
99.1179968368077));
#16288=CARTESIAN_POINT('Ctrl Pts',(-0.588000452672595,-5.86214247186633,
99.1115231265341));
#16289=CARTESIAN_POINT('Ctrl Pts',(-0.519100520032278,-5.86640784982257,
99.0841864192204));
#16290=CARTESIAN_POINT('Ctrl Pts',(-0.487453997676199,-5.86751343511719,
99.0633210662281));
#16291=CARTESIAN_POINT('Ctrl Pts',(-0.437124675911879,-5.86770456702539,
99.0148551673787));
#16292=CARTESIAN_POINT('Ctrl Pts',(-0.415086828358758,-5.86680404039165,
98.9840353338928));
#16293=CARTESIAN_POINT('Ctrl Pts',(-0.385169704937118,-5.86291770848033,
98.9162450615776));
#16294=CARTESIAN_POINT('Ctrl Pts',(-0.377288278249037,-5.85993189432014,
98.8792755724752));
#16295=CARTESIAN_POINT('Ctrl Pts',(-0.376219664126905,-5.85610897048408,
98.8410006961553));
#16296=CARTESIAN_POINT('Ctrl Pts',(-0.376187110782175,-5.85574634271301,
98.8374391860133));
#16297=CARTESIAN_POINT('Ctrl Pts',(-0.376223265967868,-5.85537460552654,
98.8338580589975));
#16298=CARTESIAN_POINT('Origin',(0.00241645364038476,0.58213937061783,99.6936639698476));
#16299=CARTESIAN_POINT('Origin',(0.00613081720823852,-3.6864981323639,99.5));
#16300=CARTESIAN_POINT('',(4.0061308172063,-2.80091411144679,99.5));
#16301=CARTESIAN_POINT('Origin',(0.00613081720629929,-2.80091411145555,
99.5));
#16302=CARTESIAN_POINT('',(3.97520554174852,-3.68649813235525,99.5));
#16303=CARTESIAN_POINT('Origin',(-0.408869182786909,-5.90091411145646,97.339496586441));
#16304=CARTESIAN_POINT('',(-0.202891787383752,-3.87382238273612,98.8305336609274));
#16305=CARTESIAN_POINT('Ctrl Pts',(-0.202891787383752,-3.87382238273612,
98.8305336609274));
#16306=CARTESIAN_POINT('Ctrl Pts',(-0.217552220766932,-3.99153198439277,
98.6031919263844));
#16307=CARTESIAN_POINT('Ctrl Pts',(-0.246680971036588,-4.22689021691083,
98.1582470841671));
#16308=CARTESIAN_POINT('',(-0.380206723888393,-5.90091411145639,98.8339344594294));
#16309=CARTESIAN_POINT('Origin',(0.392468358314575,-5.9009141114547,98.8339344594294));
#16310=CARTESIAN_POINT('',(0.215153421801057,-3.8738223827352,98.8305336609274));
#16311=CARTESIAN_POINT('',(0.392468358314575,-5.9009141114547,98.8339344594294));
#16312=CARTESIAN_POINT('Ctrl Pts',(0.258942605455439,-4.22689021690973,
98.1582470841671));
#16313=CARTESIAN_POINT('Ctrl Pts',(0.229813855184752,-3.99153198439178,
98.6031919263844));
#16314=CARTESIAN_POINT('Ctrl Pts',(0.215153421801057,-3.8738223827352,98.8305336609274));
#16315=CARTESIAN_POINT('Origin',(0.666932297288372,-5.9009141114541,98.8391985199247));
#16316=CARTESIAN_POINT('',(0.675597156281291,-3.87382238273419,99.2909773954076));
#16317=CARTESIAN_POINT('',(0.672196357783731,-5.90091411145409,99.1136624588985));
#16318=CARTESIAN_POINT('Ctrl Pts',(0.215153421801058,-3.8738223827352,98.8305336609274));
#16319=CARTESIAN_POINT('Ctrl Pts',(0.211986553632214,-3.84839538607712,
98.879642802774));
#16320=CARTESIAN_POINT('Ctrl Pts',(0.217408701786495,-3.82350652833312,
98.9305089797165));
#16321=CARTESIAN_POINT('Ctrl Pts',(0.2387714408005,-3.78979933748976,99.0085673045547));
#16322=CARTESIAN_POINT('Ctrl Pts',(0.252591090628943,-3.77618862570483,
99.0434855721681));
#16323=CARTESIAN_POINT('Ctrl Pts',(0.290200248778949,-3.75708552983894,
99.1094327679422));
#16324=CARTESIAN_POINT('Ctrl Pts',(0.314096878750625,-3.75187201959229,
99.1404810478503));
#16325=CARTESIAN_POINT('Ctrl Pts',(0.365649769358113,-3.75187201959217,
99.1920339384578));
#16326=CARTESIAN_POINT('Ctrl Pts',(0.39669804926623,-3.75708552983871,99.2159305684294));
#16327=CARTESIAN_POINT('Ctrl Pts',(0.462645245040352,-3.77618862570437,
99.2535397265795));
#16328=CARTESIAN_POINT('Ctrl Pts',(0.497563512653728,-3.78979933748919,
99.267359376408));
#16329=CARTESIAN_POINT('Ctrl Pts',(0.575621837492026,-3.82350652833233,
99.288722115422));
#16330=CARTESIAN_POINT('Ctrl Pts',(0.626488014434567,-3.84839538607622,
99.2941442635764));
#16331=CARTESIAN_POINT('Ctrl Pts',(0.675597156281285,-3.8738223827342,99.2909773954076));
#16332=CARTESIAN_POINT('Origin',(2.16663423077207,-5.90091411145082,99.085));
#16333=CARTESIAN_POINT('Ctrl Pts',(0.675597156281291,-3.87382238273419,
99.2909773954076));
#16334=CARTESIAN_POINT('Ctrl Pts',(0.90293889082448,-3.9915319843903,99.2763169620241));
#16335=CARTESIAN_POINT('Ctrl Pts',(1.34788373304226,-4.22689021690734,99.247188211754));
#16336=CARTESIAN_POINT('Origin',(0.672196357783731,-5.90091411145409,99.8863375411015));
#16337=CARTESIAN_POINT('',(0.675597156281289,-3.87382238273419,99.7090226045924));
#16338=CARTESIAN_POINT('',(0.672196357783731,-5.90091411145409,99.8863375411015));
#16339=CARTESIAN_POINT('Ctrl Pts',(1.34788373304226,-4.22689021690734,99.752811788246));
#16340=CARTESIAN_POINT('Ctrl Pts',(0.902938890824496,-3.99153198439031,
99.7236830379758));
#16341=CARTESIAN_POINT('Ctrl Pts',(0.675597156281289,-3.87382238273419,
99.7090226045924));
#16342=CARTESIAN_POINT('Origin',(0.666932297288372,-5.9009141114541,100.160801480075));
#16343=CARTESIAN_POINT('',(0.215153421801057,-3.8738223827352,100.169466339073));
#16344=CARTESIAN_POINT('',(0.392468358314575,-5.9009141114547,100.166065540571));
#16345=CARTESIAN_POINT('Ctrl Pts',(0.675597156281286,-3.8738223827342,99.7090226045924));
#16346=CARTESIAN_POINT('Ctrl Pts',(0.62648801443457,-3.84839538607621,99.7058557364236));
#16347=CARTESIAN_POINT('Ctrl Pts',(0.575621837492025,-3.82350652833233,
99.7112778845779));
#16348=CARTESIAN_POINT('Ctrl Pts',(0.497563512653727,-3.78979933748919,
99.732640623592));
#16349=CARTESIAN_POINT('Ctrl Pts',(0.462645245040351,-3.77618862570437,
99.7464602734205));
#16350=CARTESIAN_POINT('Ctrl Pts',(0.396698049266229,-3.75708552983871,
99.7840694315705));
#16351=CARTESIAN_POINT('Ctrl Pts',(0.365649769358113,-3.75187201959217,
99.8079660615422));
#16352=CARTESIAN_POINT('Ctrl Pts',(0.314096878750625,-3.75187201959229,
99.8595189521497));
#16353=CARTESIAN_POINT('Ctrl Pts',(0.290200248778949,-3.75708552983894,
99.8905672320578));
#16354=CARTESIAN_POINT('Ctrl Pts',(0.252591090628943,-3.77618862570483,
99.9565144278319));
#16355=CARTESIAN_POINT('Ctrl Pts',(0.2387714408005,-3.78979933748976,99.9914326954453));
#16356=CARTESIAN_POINT('Ctrl Pts',(0.217408701786495,-3.82350652833312,
100.069491020283));
#16357=CARTESIAN_POINT('Ctrl Pts',(0.211986553632214,-3.84839538607712,
100.120357197226));
#16358=CARTESIAN_POINT('Ctrl Pts',(0.215153421801058,-3.8738223827352,100.169466339073));
#16359=CARTESIAN_POINT('Origin',(-0.654670662862191,-5.90091411145699,98.8391985199247));
#16360=CARTESIAN_POINT('',(-0.663335521863984,-3.87382238273712,99.2909773954076));
#16361=CARTESIAN_POINT('Ctrl Pts',(-0.663335521863988,-3.87382238273711,
99.2909773954076));
#16362=CARTESIAN_POINT('Ctrl Pts',(-0.614226380017381,-3.84839538607891,
99.2941442635764));
#16363=CARTESIAN_POINT('Ctrl Pts',(-0.563360203074942,-3.82350652833482,
99.288722115422));
#16364=CARTESIAN_POINT('Ctrl Pts',(-0.485301878236792,-3.78979933749134,
99.267359376408));
#16365=CARTESIAN_POINT('Ctrl Pts',(-0.450383610623477,-3.77618862570636,
99.2535397265795));
#16366=CARTESIAN_POINT('Ctrl Pts',(-0.384436414849439,-3.75708552984041,
99.2159305684294));
#16367=CARTESIAN_POINT('Ctrl Pts',(-0.353388134941344,-3.75187201959375,
99.1920339384578));
#16368=CARTESIAN_POINT('Ctrl Pts',(-0.301835244333855,-3.75187201959363,
99.1404810478503));
#16369=CARTESIAN_POINT('Ctrl Pts',(-0.277938614362156,-3.75708552984018,
99.1094327679422));
#16370=CARTESIAN_POINT('Ctrl Pts',(-0.240329456212065,-3.7761886257059,
99.0434855721681));
#16371=CARTESIAN_POINT('Ctrl Pts',(-0.226509806383564,-3.78979933749078,
99.0085673045547));
#16372=CARTESIAN_POINT('Ctrl Pts',(-0.20514706736941,-3.82350652833404,
98.9305089797165));
#16373=CARTESIAN_POINT('Ctrl Pts',(-0.19972491921502,-3.84839538607801,
98.879642802774));
#16374=CARTESIAN_POINT('Ctrl Pts',(-0.202891787383753,-3.87382238273612,
98.8305336609274));
#16375=CARTESIAN_POINT('',(-0.65993472335755,-5.90091411145701,99.1136624588985));
#16376=CARTESIAN_POINT('Origin',(-2.15437259634589,-5.90091411146028,99.915));
#16377=CARTESIAN_POINT('',(-0.663335521863986,-3.87382238273712,99.7090226045924));
#16378=CARTESIAN_POINT('Ctrl Pts',(-0.663335521863986,-3.87382238273712,
99.7090226045924));
#16379=CARTESIAN_POINT('Ctrl Pts',(-0.890677256406693,-3.99153198439424,
99.7236830379758));
#16380=CARTESIAN_POINT('Ctrl Pts',(-1.33562209862342,-4.22689021691322,
99.752811788246));
#16381=CARTESIAN_POINT('',(-0.65993472335755,-5.90091411145701,99.8863375411015));
#16382=CARTESIAN_POINT('Origin',(0.421130817213091,-5.90091411145464,101.660503413559));
#16383=CARTESIAN_POINT('Ctrl Pts',(0.215153421801057,-3.8738223827352,100.169466339073));
#16384=CARTESIAN_POINT('Ctrl Pts',(0.229813855184753,-3.99153198439179,
100.396808073616));
#16385=CARTESIAN_POINT('Ctrl Pts',(0.258942605455439,-4.22689021690973,
100.841752915833));
#16386=CARTESIAN_POINT('Origin',(-0.380206723888393,-5.90091411145639,100.166065540571));
#16387=CARTESIAN_POINT('',(-0.202891787383751,-3.87382238273611,100.169466339073));
#16388=CARTESIAN_POINT('',(-0.380206723888393,-5.90091411145639,100.166065540571));
#16389=CARTESIAN_POINT('Ctrl Pts',(-0.246680971036587,-4.22689021691083,
100.841752915833));
#16390=CARTESIAN_POINT('Ctrl Pts',(-0.217552220766932,-3.99153198439276,
100.396808073616));
#16391=CARTESIAN_POINT('Ctrl Pts',(-0.202891787383751,-3.87382238273611,
100.169466339073));
#16392=CARTESIAN_POINT('Origin',(-0.654670662862191,-5.90091411145699,100.160801480075));
#16393=CARTESIAN_POINT('Ctrl Pts',(-0.202891787383753,-3.87382238273611,
100.169466339073));
#16394=CARTESIAN_POINT('Ctrl Pts',(-0.19972491921502,-3.84839538607801,
100.120357197226));
#16395=CARTESIAN_POINT('Ctrl Pts',(-0.205147067369411,-3.82350652833404,
100.069491020283));
#16396=CARTESIAN_POINT('Ctrl Pts',(-0.226509806383564,-3.78979933749078,
99.9914326954453));
#16397=CARTESIAN_POINT('Ctrl Pts',(-0.240329456212065,-3.7761886257059,
99.9565144278319));
#16398=CARTESIAN_POINT('Ctrl Pts',(-0.277938614362155,-3.75708552984018,
99.8905672320578));
#16399=CARTESIAN_POINT('Ctrl Pts',(-0.301835244333855,-3.75187201959363,
99.8595189521497));
#16400=CARTESIAN_POINT('Ctrl Pts',(-0.353388134941344,-3.75187201959375,
99.8079660615422));
#16401=CARTESIAN_POINT('Ctrl Pts',(-0.384436414849439,-3.75708552984041,
99.7840694315705));
#16402=CARTESIAN_POINT('Ctrl Pts',(-0.450383610623477,-3.77618862570636,
99.7464602734205));
#16403=CARTESIAN_POINT('Ctrl Pts',(-0.485301878236792,-3.78979933749134,
99.732640623592));
#16404=CARTESIAN_POINT('Ctrl Pts',(-0.563360203074943,-3.82350652833482,
99.7112778845779));
#16405=CARTESIAN_POINT('Ctrl Pts',(-0.614226380017379,-3.84839538607892,
99.7058557364236));
#16406=CARTESIAN_POINT('Ctrl Pts',(-0.663335521863986,-3.87382238273712,
99.7090226045924));
#16407=CARTESIAN_POINT('Origin',(-0.65993472335755,-5.90091411145701,99.1136624588985));
#16408=CARTESIAN_POINT('Ctrl Pts',(-1.33562209862342,-4.22689021691322,
99.247188211754));
#16409=CARTESIAN_POINT('Ctrl Pts',(-0.890677256406676,-3.99153198439424,
99.2763169620241));
#16410=CARTESIAN_POINT('Ctrl Pts',(-0.663335521863984,-3.87382238273712,
99.2909773954076));
#16411=CARTESIAN_POINT('Origin',(0.006130817208627,-3.8639021641829,99.5));
#16412=CARTESIAN_POINT('',(0.00613081720783214,-3.50091411145555,99.5));
#16413=CARTESIAN_POINT('',(0.6888120545775,-3.86390216418142,99.5));
#16414=CARTESIAN_POINT('Origin',(-2.8991466827937,-2.80091411146191,99.5));
#16415=CARTESIAN_POINT('',(1.8166858172063,-2.80091411145162,99.5));
#16416=CARTESIAN_POINT('Origin',(0.00613081720629929,-2.80091411145555,
99.5));
#16417=CARTESIAN_POINT('Origin',(0.00613081720523661,-2.31562161145555,
99.5));
#16418=CARTESIAN_POINT('',(1.81668581720417,-1.83032911145158,99.5));
#16419=CARTESIAN_POINT('Origin',(0.00613081720417393,-1.83032911145555,
99.5));
#16420=CARTESIAN_POINT('',(1.81668581720524,-2.3156216114516,99.5));
#16421=CARTESIAN_POINT('Origin',(0.00613081720370377,-1.61562161145555,
99.5));
#16422=CARTESIAN_POINT('',(1.9114083172037,-1.6156216114514,99.5));
#16423=CARTESIAN_POINT('Origin',(0.00613081718924941,4.98432838854444,109.5));
#16424=CARTESIAN_POINT('',(-1.56445418281122,5.19908588854101,109.5));
#16425=CARTESIAN_POINT('Origin',(0.00613081718877914,5.19908588854445,109.5));
#16426=CARTESIAN_POINT('',(-1.99386918281028,4.76957088854007,109.5));
#16427=CARTESIAN_POINT('',(-1.77916168281075,4.98432838854054,109.5));
#16428=CARTESIAN_POINT('',(2.00613081718972,4.76957088854881,109.5));
#16429=CARTESIAN_POINT('Origin',(0.00613081718971968,4.76957088854443,109.5));
#16430=CARTESIAN_POINT('Origin',(0.00613081718971968,4.76957088854443,109.5));
#16431=CARTESIAN_POINT('Origin',(0.0061308171960054,1.89908588854445,109.5));
#16432=CARTESIAN_POINT('',(2.00613081720323,-1.40091411145121,109.5));
#16433=CARTESIAN_POINT('',(2.00613081719601,1.89908588854881,109.5));
#16434=CARTESIAN_POINT('Origin',(0.00613081720323166,-1.40091411145555,
109.5));
#16435=CARTESIAN_POINT('Origin',(-0.993869182811222,5.19908588854226,109.5));
#16436=CARTESIAN_POINT('Origin',(0.0061308172119218,-5.36941951938473,109.5));
#16437=CARTESIAN_POINT('',(-2.13617626546084,-5.52584072206013,109.118169699612));
#16438=CARTESIAN_POINT('',(-1.93065097656033,-5.4434883563652,109.129317779902));
#16439=CARTESIAN_POINT('Ctrl Pts',(-1.93065145076464,-5.44348812012953,
109.129317791478));
#16440=CARTESIAN_POINT('Ctrl Pts',(-1.93832900788943,-5.45918587985921,
109.127796911754));
#16441=CARTESIAN_POINT('Ctrl Pts',(-1.94963063018234,-5.47479719125847,
109.126214089184));
#16442=CARTESIAN_POINT('Ctrl Pts',(-1.97578269852254,-5.50111515597995,
109.123409560541));
#16443=CARTESIAN_POINT('Ctrl Pts',(-1.99626417843516,-5.51479229593888,
109.121819922776));
#16444=CARTESIAN_POINT('Ctrl Pts',(-2.03444905727636,-5.53059501201031,
109.119704745989));
#16445=CARTESIAN_POINT('Ctrl Pts',(-2.05893855695993,-5.53541951938925,
109.118812884141));
#16446=CARTESIAN_POINT('Ctrl Pts',(-2.09771221558979,-5.53541951938934,
109.118069227669));
#16447=CARTESIAN_POINT('Ctrl Pts',(-2.11849217408395,-5.53201353301932,
109.117968720013));
#16448=CARTESIAN_POINT('Ctrl Pts',(-2.13617626546049,-5.52584072206025,
109.118169699612));
#16449=CARTESIAN_POINT('',(-1.93065097656033,-5.4434883563652,109.870682220098));
#16450=CARTESIAN_POINT('Origin',(0.00613081721207491,-5.44348835636097,
109.5));
#16451=CARTESIAN_POINT('',(-2.13617626546084,-5.52584072206013,109.881830300387));
#16452=CARTESIAN_POINT('Ctrl Pts',(-2.13617626546084,-5.52584072206013,
109.881830300387));
#16453=CARTESIAN_POINT('Ctrl Pts',(-2.11849217408422,-5.53201353301927,
109.882031279987));
#16454=CARTESIAN_POINT('Ctrl Pts',(-2.0977122155899,-5.53541951938934,109.881930772331));
#16455=CARTESIAN_POINT('Ctrl Pts',(-2.05893855695993,-5.53541951938925,
109.881187115859));
#16456=CARTESIAN_POINT('Ctrl Pts',(-2.03444905727636,-5.53059501201031,
109.880295254011));
#16457=CARTESIAN_POINT('Ctrl Pts',(-1.99626417843516,-5.51479229593888,
109.878180077224));
#16458=CARTESIAN_POINT('Ctrl Pts',(-1.97578269852254,-5.50111515597995,
109.876590439459));
#16459=CARTESIAN_POINT('Ctrl Pts',(-1.94963063018234,-5.47479719125847,
109.873785910816));
#16460=CARTESIAN_POINT('Ctrl Pts',(-1.93832900788943,-5.45918587985921,
109.872203088246));
#16461=CARTESIAN_POINT('Ctrl Pts',(-1.93065145076463,-5.44348812012952,
109.870682208522));
#16462=CARTESIAN_POINT('Origin',(0.00613081721226433,-5.52584072205544,
109.5));
#16463=CARTESIAN_POINT('Origin',(0.00613081721089437,-4.9002230352248,109.5));
#16464=CARTESIAN_POINT('',(-1.33562209862339,-4.2268902169132,109.247188211754));
#16465=CARTESIAN_POINT('',(-1.66494404838465,-4.90022303522847,109.181952183931));
#16466=CARTESIAN_POINT('',(-1.33562209862339,-4.2268902169132,109.752811788246));
#16467=CARTESIAN_POINT('Origin',(0.00613081720941992,-4.22689021691026,
109.5));
#16468=CARTESIAN_POINT('',(-1.66494404838465,-4.90022303522847,109.818047816069));
#16469=CARTESIAN_POINT('Origin',(0.0061308172119218,-5.36941951938473,109.5));
#16470=CARTESIAN_POINT('',(0.387961117599778,-5.5258407220546,107.357692917327));
#16471=CARTESIAN_POINT('',(0.376813037310404,-5.44348835636015,107.563218206228));
#16472=CARTESIAN_POINT('Ctrl Pts',(0.376813025733625,-5.44348812012447,
107.563217732023));
#16473=CARTESIAN_POINT('Ctrl Pts',(0.378333905457963,-5.45918587985414,
107.555540174898));
#16474=CARTESIAN_POINT('Ctrl Pts',(0.379916728028056,-5.47479719125337,
107.544238552606));
#16475=CARTESIAN_POINT('Ctrl Pts',(0.382721256671174,-5.50111515597479,
107.518086484265));
#16476=CARTESIAN_POINT('Ctrl Pts',(0.384310894435793,-5.51479229593367,
107.497605004353));
#16477=CARTESIAN_POINT('Ctrl Pts',(0.386426071223583,-5.53059501200501,
107.459420125511));
#16478=CARTESIAN_POINT('Ctrl Pts',(0.387317933071258,-5.5354195193839,107.434930625828));
#16479=CARTESIAN_POINT('Ctrl Pts',(0.388061589543641,-5.5354195193839,107.396156967198));
#16480=CARTESIAN_POINT('Ctrl Pts',(0.388162097198802,-5.53201353301382,
107.375377008704));
#16481=CARTESIAN_POINT('Ctrl Pts',(0.387961117599782,-5.52584072205472,
107.357692917327));
#16482=CARTESIAN_POINT('',(-0.36455140288623,-5.44348835636178,107.563218206228));
#16483=CARTESIAN_POINT('Origin',(0.00613081721208409,-5.44348835636097,
109.5));
#16484=CARTESIAN_POINT('',(-0.375699483175243,-5.52584072205627,107.357692917327));
#16485=CARTESIAN_POINT('Ctrl Pts',(-0.375699483175243,-5.52584072205628,
107.357692917327));
#16486=CARTESIAN_POINT('Ctrl Pts',(-0.37590046277424,-5.53201353301545,
107.375377008703));
#16487=CARTESIAN_POINT('Ctrl Pts',(-0.375799955119067,-5.53541951938557,
107.396156967198));
#16488=CARTESIAN_POINT('Ctrl Pts',(-0.37505629864668,-5.53541951938557,
107.434930625828));
#16489=CARTESIAN_POINT('Ctrl Pts',(-0.374164436799027,-5.53059501200667,
107.459420125511));
#16490=CARTESIAN_POINT('Ctrl Pts',(-0.372049260011306,-5.51479229593533,
107.497605004353));
#16491=CARTESIAN_POINT('Ctrl Pts',(-0.370459622246748,-5.50111515597643,
107.518086484265));
#16492=CARTESIAN_POINT('Ctrl Pts',(-0.367655093603745,-5.474797191255,107.544238552606));
#16493=CARTESIAN_POINT('Ctrl Pts',(-0.366072271033721,-5.45918587985577,
107.555540174898));
#16494=CARTESIAN_POINT('Ctrl Pts',(-0.364551391309451,-5.4434881201261,
107.563217732023));
#16495=CARTESIAN_POINT('Origin',(0.00613081721226433,-5.52584072205544,
109.5));
#16496=CARTESIAN_POINT('Origin',(0.00613081721089437,-4.9002230352248,109.5));
#16497=CARTESIAN_POINT('',(0.258942605455435,-4.22689021690971,108.158247084167));
#16498=CARTESIAN_POINT('',(0.324178633280278,-4.90022303522411,107.828925134404));
#16499=CARTESIAN_POINT('',(-0.246680971036588,-4.22689021691082,108.158247084167));
#16500=CARTESIAN_POINT('Origin',(0.00613081720941992,-4.22689021691026,
109.5));
#16501=CARTESIAN_POINT('',(-0.311916998858483,-4.9002230352255,107.828925134404));
#16502=CARTESIAN_POINT('Origin',(0.0061308172119218,-5.36941951938473,109.5));
#16503=CARTESIAN_POINT('',(2.14843789988537,-5.52584072205074,109.881830300387));
#16504=CARTESIAN_POINT('',(1.9429126109845,-5.44348835635673,109.870682220098));
#16505=CARTESIAN_POINT('Ctrl Pts',(1.94291308518881,-5.44348812012105,109.870682208522));
#16506=CARTESIAN_POINT('Ctrl Pts',(1.95059064231367,-5.4591858798507,109.872203088246));
#16507=CARTESIAN_POINT('Ctrl Pts',(1.96189226460665,-5.4747971912499,109.873785910816));
#16508=CARTESIAN_POINT('Ctrl Pts',(1.98804433294696,-5.50111515597127,109.876590439459));
#16509=CARTESIAN_POINT('Ctrl Pts',(2.00852581285964,-5.51479229593011,109.878180077224));
#16510=CARTESIAN_POINT('Ctrl Pts',(2.04671069170091,-5.53059501200137,109.880295254011));
#16511=CARTESIAN_POINT('Ctrl Pts',(2.07120019138451,-5.53541951938021,109.881187115859));
#16512=CARTESIAN_POINT('Ctrl Pts',(2.10997385001436,-5.53541951938013,109.881930772331));
#16513=CARTESIAN_POINT('Ctrl Pts',(2.13075380850851,-5.53201353301001,109.882031279987));
#16514=CARTESIAN_POINT('Ctrl Pts',(2.14843789988502,-5.52584072205087,109.881830300387));
#16515=CARTESIAN_POINT('',(1.9429126109845,-5.44348835635673,109.129317779902));
#16516=CARTESIAN_POINT('Origin',(0.00613081721207491,-5.44348835636097,
109.5));
#16517=CARTESIAN_POINT('',(2.14843789988536,-5.52584072205074,109.118169699612));
#16518=CARTESIAN_POINT('Ctrl Pts',(2.14843789988537,-5.52584072205075,109.118169699612));
#16519=CARTESIAN_POINT('Ctrl Pts',(2.13075380850878,-5.53201353300996,109.117968720013));
#16520=CARTESIAN_POINT('Ctrl Pts',(2.10997385001447,-5.53541951938013,109.118069227669));
#16521=CARTESIAN_POINT('Ctrl Pts',(2.07120019138451,-5.53541951938021,109.118812884141));
#16522=CARTESIAN_POINT('Ctrl Pts',(2.04671069170091,-5.53059501200137,109.119704745989));
#16523=CARTESIAN_POINT('Ctrl Pts',(2.00852581285964,-5.51479229593011,109.121819922776));
#16524=CARTESIAN_POINT('Ctrl Pts',(1.98804433294696,-5.50111515597127,109.123409560541));
#16525=CARTESIAN_POINT('Ctrl Pts',(1.96189226460665,-5.4747971912499,109.126214089184));
#16526=CARTESIAN_POINT('Ctrl Pts',(1.95059064231367,-5.4591858798507,109.127796911754));
#16527=CARTESIAN_POINT('Ctrl Pts',(1.94291308518881,-5.44348812012105,109.129317791478));
#16528=CARTESIAN_POINT('Origin',(0.00613081721226433,-5.52584072205543,
109.5));
#16529=CARTESIAN_POINT('Origin',(0.00613081721089437,-4.9002230352248,109.5));
#16530=CARTESIAN_POINT('',(1.34788373304223,-4.22689021690733,109.752811788246));
#16531=CARTESIAN_POINT('',(1.67720568280644,-4.90022303522115,109.818047816069));
#16532=CARTESIAN_POINT('',(1.37149329194721,-4.22689021690731,109.5));
#16533=CARTESIAN_POINT('Origin',(0.00613081720941992,-4.22689021691026,
109.5));
#16534=CARTESIAN_POINT('',(1.34788373304223,-4.22689021690733,109.247188211754));
#16535=CARTESIAN_POINT('Origin',(0.00613081720941992,-4.22689021691026,
109.5));
#16536=CARTESIAN_POINT('',(1.67720568280644,-4.90022303522115,109.181952183931));
#16537=CARTESIAN_POINT('Origin',(0.0061308172119218,-5.36941951938473,109.5));
#16538=CARTESIAN_POINT('',(-0.375699483175243,-5.52584072205627,111.642307082673));
#16539=CARTESIAN_POINT('',(-0.36455140288623,-5.44348835636178,111.436781793772));
#16540=CARTESIAN_POINT('Ctrl Pts',(-0.36455139130945,-5.44348812012609,
111.436782267977));
#16541=CARTESIAN_POINT('Ctrl Pts',(-0.366072271033719,-5.45918587985576,
111.444459825102));
#16542=CARTESIAN_POINT('Ctrl Pts',(-0.367655093603745,-5.474797191255,111.455761447394));
#16543=CARTESIAN_POINT('Ctrl Pts',(-0.370459622246748,-5.50111515597643,
111.481913515735));
#16544=CARTESIAN_POINT('Ctrl Pts',(-0.372049260011306,-5.51479229593533,
111.502394995647));
#16545=CARTESIAN_POINT('Ctrl Pts',(-0.374164436799027,-5.53059501200667,
111.540579874489));
#16546=CARTESIAN_POINT('Ctrl Pts',(-0.37505629864668,-5.53541951938557,
111.565069374172));
#16547=CARTESIAN_POINT('Ctrl Pts',(-0.375799955119064,-5.53541951938557,
111.603843032802));
#16548=CARTESIAN_POINT('Ctrl Pts',(-0.37590046277424,-5.5320135330155,111.624622991296));
#16549=CARTESIAN_POINT('Ctrl Pts',(-0.375699483175247,-5.52584072205639,
111.642307082673));
#16550=CARTESIAN_POINT('',(0.376813037310404,-5.44348835636015,111.436781793772));
#16551=CARTESIAN_POINT('Origin',(0.00613081721208409,-5.44348835636097,
109.5));
#16552=CARTESIAN_POINT('',(0.387961117599778,-5.5258407220546,111.642307082673));
#16553=CARTESIAN_POINT('Ctrl Pts',(0.387961117599778,-5.5258407220546,111.642307082673));
#16554=CARTESIAN_POINT('Ctrl Pts',(0.388162097198803,-5.53201353301378,
111.624622991296));
#16555=CARTESIAN_POINT('Ctrl Pts',(0.388061589543644,-5.5354195193839,111.603843032802));
#16556=CARTESIAN_POINT('Ctrl Pts',(0.387317933071258,-5.5354195193839,111.565069374172));
#16557=CARTESIAN_POINT('Ctrl Pts',(0.386426071223583,-5.53059501200501,
111.540579874489));
#16558=CARTESIAN_POINT('Ctrl Pts',(0.384310894435793,-5.51479229593367,
111.502394995647));
#16559=CARTESIAN_POINT('Ctrl Pts',(0.382721256671174,-5.50111515597479,
111.481913515735));
#16560=CARTESIAN_POINT('Ctrl Pts',(0.379916728028056,-5.47479719125337,
111.455761447394));
#16561=CARTESIAN_POINT('Ctrl Pts',(0.378333905457964,-5.45918587985414,
111.444459825102));
#16562=CARTESIAN_POINT('Ctrl Pts',(0.376813025733626,-5.44348812012448,
111.436782267977));
#16563=CARTESIAN_POINT('Origin',(0.00613081721226433,-5.52584072205544,
109.5));
#16564=CARTESIAN_POINT('Origin',(0.00613081721089437,-4.9002230352248,109.5));
#16565=CARTESIAN_POINT('',(-0.246680971036587,-4.22689021691082,110.841752915833));
#16566=CARTESIAN_POINT('',(-0.311916998858483,-4.9002230352255,111.171074865596));
#16567=CARTESIAN_POINT('',(0.258942605455435,-4.22689021690971,110.841752915833));
#16568=CARTESIAN_POINT('Origin',(0.00613081720941992,-4.22689021691026,
109.5));
#16569=CARTESIAN_POINT('',(0.324178633280279,-4.90022303522411,111.171074865596));
#16570=CARTESIAN_POINT('Origin',(0.00613081720863383,-3.86790822099976,
109.5));
#16571=CARTESIAN_POINT('',(0.00613081720873366,-3.91327756671301,113.461155412188));
#16572=CARTESIAN_POINT('',(3.96728622939664,-3.91327756670443,109.5));
#16573=CARTESIAN_POINT('Origin',(0.00613081720873471,-3.91327756671301,
109.5));
#16574=CARTESIAN_POINT('Origin',(0.00613081720873471,-3.91327756671301,
109.5));
#16575=CARTESIAN_POINT('',(0.00613081721107967,-4.98465674838582,112.827434171329));
#16576=CARTESIAN_POINT('Origin',(0.00613081720863416,-3.86790822099976,
112.161947337063));
#16577=CARTESIAN_POINT('Origin',(0.00613081721107926,-4.98465674838582,
109.5));
#16578=CARTESIAN_POINT('Origin',(0.0061308171988521,0.599085888544454,109.5));
#16579=CARTESIAN_POINT('',(-0.660011123789538,-5.85537460552716,109.882354083181));
#16580=CARTESIAN_POINT('Origin',(0.00241645364038283,0.58213937061783,109.306336030152));
#16581=CARTESIAN_POINT('',(-0.376223265967869,-5.85537460552654,110.166141941003));
#16582=CARTESIAN_POINT('Ctrl Pts',(-0.37622326596787,-5.85537460552654,
110.166141941003));
#16583=CARTESIAN_POINT('Ctrl Pts',(-0.375872345979344,-5.85898266358814,
110.131383744433));
#16584=CARTESIAN_POINT('Ctrl Pts',(-0.382346056252858,-5.86214247186588,
110.094131269886));
#16585=CARTESIAN_POINT('Ctrl Pts',(-0.409682763566594,-5.86640784982233,
110.025231337245));
#16586=CARTESIAN_POINT('Ctrl Pts',(-0.43054811655892,-5.86751343511706,
109.993584814889));
#16587=CARTESIAN_POINT('Ctrl Pts',(-0.479014015408286,-5.86770456702548,
109.943255493125));
#16588=CARTESIAN_POINT('Ctrl Pts',(-0.509833848894198,-5.86680404039186,
109.921217645572));
#16589=CARTESIAN_POINT('Ctrl Pts',(-0.577624121209367,-5.86291770848075,
109.89130052215));
#16590=CARTESIAN_POINT('Ctrl Pts',(-0.614593610311845,-5.85993189432066,
109.883419095462));
#16591=CARTESIAN_POINT('Ctrl Pts',(-0.652868494854133,-5.85610896966342,
109.88235048111));
#16592=CARTESIAN_POINT('Ctrl Pts',(-0.656430004520586,-5.85574634190945,
109.882317928073));
#16593=CARTESIAN_POINT('Ctrl Pts',(-0.660011123789538,-5.85537460552716,
109.882354083181));
#16594=CARTESIAN_POINT('Origin',(0.19979478704648,0.582139370618261,109.503714363559));
#16595=CARTESIAN_POINT('',(0.388484900393847,-5.85537460552487,110.166141941003));
#16596=CARTESIAN_POINT('Origin',(-0.187533152648691,0.582139370617414,109.503714363559));
#16597=CARTESIAN_POINT('',(0.672272758215516,-5.85537460552425,109.882354083181));
#16598=CARTESIAN_POINT('Ctrl Pts',(0.672272758215516,-5.85537460552425,
109.882354083181));
#16599=CARTESIAN_POINT('Ctrl Pts',(0.63751456164624,-5.85898266358592,109.882003163192));
#16600=CARTESIAN_POINT('Ctrl Pts',(0.600262087098605,-5.86214247186373,
109.888476873466));
#16601=CARTESIAN_POINT('Ctrl Pts',(0.531362154458307,-5.86640784982027,
109.91581358078));
#16602=CARTESIAN_POINT('Ctrl Pts',(0.499715632102233,-5.86751343511503,
109.936678933772));
#16603=CARTESIAN_POINT('Ctrl Pts',(0.449386310337913,-5.86770456702345,
109.985144832621));
#16604=CARTESIAN_POINT('Ctrl Pts',(0.427348462784788,-5.86680404038981,
110.015964666107));
#16605=CARTESIAN_POINT('Ctrl Pts',(0.397431339363131,-5.86291770847861,
110.083754938422));
#16606=CARTESIAN_POINT('Ctrl Pts',(0.389549912675037,-5.85993189431847,
110.120724427525));
#16607=CARTESIAN_POINT('Ctrl Pts',(0.388481298552889,-5.8561089704824,110.158999303845));
#16608=CARTESIAN_POINT('Ctrl Pts',(0.388448745208156,-5.85574634271133,
110.162560813987));
#16609=CARTESIAN_POINT('Ctrl Pts',(0.388484900393848,-5.85537460552487,
110.166141941003));
#16610=CARTESIAN_POINT('Origin',(0.0098451807573956,0.582139370617846,109.306336030152));
#16611=CARTESIAN_POINT('',(0.672272758215516,-5.85537460552425,109.117645916819));
#16612=CARTESIAN_POINT('Origin',(0.00984518075739559,0.582139370617846,
109.693663969848));
#16613=CARTESIAN_POINT('',(0.388484900393847,-5.85537460552487,108.833858058997));
#16614=CARTESIAN_POINT('Ctrl Pts',(0.388484900393848,-5.85537460552487,
108.833858058997));
#16615=CARTESIAN_POINT('Ctrl Pts',(0.388133980405338,-5.85898266358646,
108.868616255567));
#16616=CARTESIAN_POINT('Ctrl Pts',(0.394607690678866,-5.86214247186418,
108.905868730114));
#16617=CARTESIAN_POINT('Ctrl Pts',(0.421944397992621,-5.86640784982051,
108.974768662755));
#16618=CARTESIAN_POINT('Ctrl Pts',(0.442809750984951,-5.86751343511515,
109.006415185111));
#16619=CARTESIAN_POINT('Ctrl Pts',(0.491275649834318,-5.86770456702336,
109.056744506875));
#16620=CARTESIAN_POINT('Ctrl Pts',(0.522095483320226,-5.8668040403896,109.078782354428));
#16621=CARTESIAN_POINT('Ctrl Pts',(0.589885755635378,-5.86291770847819,
109.10869947785));
#16622=CARTESIAN_POINT('Ctrl Pts',(0.626855244737843,-5.85993189431794,
109.116580904538));
#16623=CARTESIAN_POINT('Ctrl Pts',(0.665130129280115,-5.85610896966053,
109.11764951889));
#16624=CARTESIAN_POINT('Ctrl Pts',(0.668691638946566,-5.85574634190655,
109.117682071927));
#16625=CARTESIAN_POINT('Ctrl Pts',(0.672272758215516,-5.85537460552425,
109.117645916819));
#16626=CARTESIAN_POINT('Origin',(-0.187533152648692,0.582139370617414,109.496285636441));
#16627=CARTESIAN_POINT('',(-0.376223265967869,-5.85537460552654,108.833858058997));
#16628=CARTESIAN_POINT('Origin',(0.19979478704648,0.582139370618261,109.496285636441));
#16629=CARTESIAN_POINT('',(-0.660011123789538,-5.85537460552716,109.117645916819));
#16630=CARTESIAN_POINT('Ctrl Pts',(-0.660011123789538,-5.85537460552716,
109.117645916819));
#16631=CARTESIAN_POINT('Ctrl Pts',(-0.625252927220246,-5.85898266358868,
109.117996836808));
#16632=CARTESIAN_POINT('Ctrl Pts',(-0.588000452672597,-5.86214247186633,
109.111523126534));
#16633=CARTESIAN_POINT('Ctrl Pts',(-0.51910052003228,-5.86640784982257,
109.08418641922));
#16634=CARTESIAN_POINT('Ctrl Pts',(-0.487453997676201,-5.86751343511719,
109.063321066228));
#16635=CARTESIAN_POINT('Ctrl Pts',(-0.437124675911881,-5.86770456702539,
109.014855167379));
#16636=CARTESIAN_POINT('Ctrl Pts',(-0.41508682835876,-5.86680404039165,
108.984035333893));
#16637=CARTESIAN_POINT('Ctrl Pts',(-0.385169704937119,-5.86291770848033,
108.916245061578));
#16638=CARTESIAN_POINT('Ctrl Pts',(-0.377288278249039,-5.85993189432014,
108.879275572475));
#16639=CARTESIAN_POINT('Ctrl Pts',(-0.376219664126907,-5.85610897048408,
108.841000696155));
#16640=CARTESIAN_POINT('Ctrl Pts',(-0.376187110782177,-5.85574634271301,
108.837439186013));
#16641=CARTESIAN_POINT('Ctrl Pts',(-0.37622326596787,-5.85537460552654,
108.833858058997));
#16642=CARTESIAN_POINT('Origin',(0.00241645364038282,0.58213937061783,109.693663969848));
#16643=CARTESIAN_POINT('Origin',(0.00613081720823658,-3.6864981323639,109.5));
#16644=CARTESIAN_POINT('',(4.0061308172063,-2.80091411144679,109.5));
#16645=CARTESIAN_POINT('Origin',(0.00613081720629735,-2.80091411145555,
109.5));
#16646=CARTESIAN_POINT('',(3.97520554174852,-3.68649813235525,109.5));
#16647=CARTESIAN_POINT('Origin',(-0.408869182786911,-5.90091411145646,107.339496586441));
#16648=CARTESIAN_POINT('',(-0.202891787383754,-3.87382238273612,108.830533660927));
#16649=CARTESIAN_POINT('Ctrl Pts',(-0.202891787383754,-3.87382238273612,
108.830533660927));
#16650=CARTESIAN_POINT('Ctrl Pts',(-0.217552220766934,-3.99153198439277,
108.603191926384));
#16651=CARTESIAN_POINT('Ctrl Pts',(-0.24668097103659,-4.22689021691083,
108.158247084167));
#16652=CARTESIAN_POINT('',(-0.380206723888395,-5.90091411145639,108.833934459429));
#16653=CARTESIAN_POINT('Origin',(0.392468358314573,-5.9009141114547,108.833934459429));
#16654=CARTESIAN_POINT('',(0.215153421801055,-3.8738223827352,108.830533660927));
#16655=CARTESIAN_POINT('',(0.392468358314573,-5.9009141114547,108.833934459429));
#16656=CARTESIAN_POINT('Ctrl Pts',(0.258942605455437,-4.22689021690973,
108.158247084167));
#16657=CARTESIAN_POINT('Ctrl Pts',(0.22981385518475,-3.99153198439178,108.603191926384));
#16658=CARTESIAN_POINT('Ctrl Pts',(0.215153421801055,-3.8738223827352,108.830533660927));
#16659=CARTESIAN_POINT('Origin',(0.666932297288371,-5.9009141114541,108.839198519925));
#16660=CARTESIAN_POINT('',(0.675597156281289,-3.87382238273419,109.290977395408));
#16661=CARTESIAN_POINT('',(0.67219635778373,-5.90091411145409,109.113662458899));
#16662=CARTESIAN_POINT('Ctrl Pts',(0.215153421801056,-3.8738223827352,108.830533660927));
#16663=CARTESIAN_POINT('Ctrl Pts',(0.211986553632212,-3.84839538607712,
108.879642802774));
#16664=CARTESIAN_POINT('Ctrl Pts',(0.217408701786493,-3.82350652833312,
108.930508979717));
#16665=CARTESIAN_POINT('Ctrl Pts',(0.238771440800498,-3.78979933748976,
109.008567304555));
#16666=CARTESIAN_POINT('Ctrl Pts',(0.252591090628941,-3.77618862570483,
109.043485572168));
#16667=CARTESIAN_POINT('Ctrl Pts',(0.290200248778947,-3.75708552983894,
109.109432767942));
#16668=CARTESIAN_POINT('Ctrl Pts',(0.314096878750623,-3.75187201959229,
109.14048104785));
#16669=CARTESIAN_POINT('Ctrl Pts',(0.365649769358111,-3.75187201959217,
109.192033938458));
#16670=CARTESIAN_POINT('Ctrl Pts',(0.396698049266228,-3.75708552983871,
109.215930568429));
#16671=CARTESIAN_POINT('Ctrl Pts',(0.46264524504035,-3.77618862570437,109.253539726579));
#16672=CARTESIAN_POINT('Ctrl Pts',(0.497563512653726,-3.78979933748919,
109.267359376408));
#16673=CARTESIAN_POINT('Ctrl Pts',(0.575621837492024,-3.82350652833233,
109.288722115422));
#16674=CARTESIAN_POINT('Ctrl Pts',(0.626488014434565,-3.84839538607622,
109.294144263576));
#16675=CARTESIAN_POINT('Ctrl Pts',(0.675597156281283,-3.8738223827342,109.290977395408));
#16676=CARTESIAN_POINT('Origin',(2.16663423077207,-5.90091411145082,109.085));
#16677=CARTESIAN_POINT('Ctrl Pts',(0.675597156281289,-3.87382238273419,
109.290977395408));
#16678=CARTESIAN_POINT('Ctrl Pts',(0.902938890824478,-3.9915319843903,109.276316962024));
#16679=CARTESIAN_POINT('Ctrl Pts',(1.34788373304226,-4.22689021690734,109.247188211754));
#16680=CARTESIAN_POINT('Origin',(0.67219635778373,-5.90091411145409,109.886337541101));
#16681=CARTESIAN_POINT('',(0.675597156281287,-3.87382238273419,109.709022604592));
#16682=CARTESIAN_POINT('',(0.67219635778373,-5.90091411145409,109.886337541101));
#16683=CARTESIAN_POINT('Ctrl Pts',(1.34788373304226,-4.22689021690734,109.752811788246));
#16684=CARTESIAN_POINT('Ctrl Pts',(0.902938890824494,-3.99153198439031,
109.723683037976));
#16685=CARTESIAN_POINT('Ctrl Pts',(0.675597156281287,-3.87382238273419,
109.709022604592));
#16686=CARTESIAN_POINT('Origin',(0.666932297288371,-5.9009141114541,110.160801480075));
#16687=CARTESIAN_POINT('',(0.215153421801055,-3.8738223827352,110.169466339073));
#16688=CARTESIAN_POINT('',(0.392468358314573,-5.9009141114547,110.166065540571));
#16689=CARTESIAN_POINT('Ctrl Pts',(0.675597156281284,-3.8738223827342,109.709022604592));
#16690=CARTESIAN_POINT('Ctrl Pts',(0.626488014434568,-3.84839538607621,
109.705855736424));
#16691=CARTESIAN_POINT('Ctrl Pts',(0.575621837492023,-3.82350652833233,
109.711277884578));
#16692=CARTESIAN_POINT('Ctrl Pts',(0.497563512653725,-3.78979933748919,
109.732640623592));
#16693=CARTESIAN_POINT('Ctrl Pts',(0.462645245040349,-3.77618862570437,
109.74646027342));
#16694=CARTESIAN_POINT('Ctrl Pts',(0.396698049266227,-3.75708552983871,
109.784069431571));
#16695=CARTESIAN_POINT('Ctrl Pts',(0.365649769358111,-3.75187201959217,
109.807966061542));
#16696=CARTESIAN_POINT('Ctrl Pts',(0.314096878750623,-3.75187201959229,
109.85951895215));
#16697=CARTESIAN_POINT('Ctrl Pts',(0.290200248778947,-3.75708552983894,
109.890567232058));
#16698=CARTESIAN_POINT('Ctrl Pts',(0.252591090628941,-3.77618862570483,
109.956514427832));
#16699=CARTESIAN_POINT('Ctrl Pts',(0.238771440800498,-3.78979933748976,
109.991432695445));
#16700=CARTESIAN_POINT('Ctrl Pts',(0.217408701786493,-3.82350652833312,
110.069491020283));
#16701=CARTESIAN_POINT('Ctrl Pts',(0.211986553632212,-3.84839538607712,
110.120357197226));
#16702=CARTESIAN_POINT('Ctrl Pts',(0.215153421801056,-3.8738223827352,110.169466339073));
#16703=CARTESIAN_POINT('Origin',(-0.654670662862193,-5.90091411145699,108.839198519925));
#16704=CARTESIAN_POINT('',(-0.663335521863986,-3.87382238273712,109.290977395408));
#16705=CARTESIAN_POINT('Ctrl Pts',(-0.66333552186399,-3.87382238273711,
109.290977395408));
#16706=CARTESIAN_POINT('Ctrl Pts',(-0.614226380017383,-3.84839538607891,
109.294144263576));
#16707=CARTESIAN_POINT('Ctrl Pts',(-0.563360203074944,-3.82350652833482,
109.288722115422));
#16708=CARTESIAN_POINT('Ctrl Pts',(-0.485301878236794,-3.78979933749134,
109.267359376408));
#16709=CARTESIAN_POINT('Ctrl Pts',(-0.450383610623479,-3.77618862570636,
109.253539726579));
#16710=CARTESIAN_POINT('Ctrl Pts',(-0.384436414849441,-3.75708552984041,
109.215930568429));
#16711=CARTESIAN_POINT('Ctrl Pts',(-0.353388134941345,-3.75187201959375,
109.192033938458));
#16712=CARTESIAN_POINT('Ctrl Pts',(-0.301835244333857,-3.75187201959363,
109.14048104785));
#16713=CARTESIAN_POINT('Ctrl Pts',(-0.277938614362157,-3.75708552984018,
109.109432767942));
#16714=CARTESIAN_POINT('Ctrl Pts',(-0.240329456212067,-3.7761886257059,
109.043485572168));
#16715=CARTESIAN_POINT('Ctrl Pts',(-0.226509806383566,-3.78979933749078,
109.008567304555));
#16716=CARTESIAN_POINT('Ctrl Pts',(-0.205147067369412,-3.82350652833404,
108.930508979717));
#16717=CARTESIAN_POINT('Ctrl Pts',(-0.199724919215022,-3.84839538607801,
108.879642802774));
#16718=CARTESIAN_POINT('Ctrl Pts',(-0.202891787383755,-3.87382238273612,
108.830533660927));
#16719=CARTESIAN_POINT('',(-0.659934723357552,-5.90091411145701,109.113662458899));
#16720=CARTESIAN_POINT('Origin',(-2.15437259634589,-5.90091411146028,109.915));
#16721=CARTESIAN_POINT('',(-0.663335521863988,-3.87382238273712,109.709022604592));
#16722=CARTESIAN_POINT('Ctrl Pts',(-0.663335521863988,-3.87382238273712,
109.709022604592));
#16723=CARTESIAN_POINT('Ctrl Pts',(-0.890677256406695,-3.99153198439424,
109.723683037976));
#16724=CARTESIAN_POINT('Ctrl Pts',(-1.33562209862342,-4.22689021691322,
109.752811788246));
#16725=CARTESIAN_POINT('',(-0.659934723357552,-5.90091411145701,109.886337541101));
#16726=CARTESIAN_POINT('Origin',(0.421130817213089,-5.90091411145464,111.660503413559));
#16727=CARTESIAN_POINT('Ctrl Pts',(0.215153421801055,-3.8738223827352,110.169466339073));
#16728=CARTESIAN_POINT('Ctrl Pts',(0.229813855184751,-3.99153198439179,
110.396808073616));
#16729=CARTESIAN_POINT('Ctrl Pts',(0.258942605455437,-4.22689021690973,
110.841752915833));
#16730=CARTESIAN_POINT('Origin',(-0.380206723888395,-5.90091411145639,110.166065540571));
#16731=CARTESIAN_POINT('',(-0.202891787383753,-3.87382238273611,110.169466339073));
#16732=CARTESIAN_POINT('',(-0.380206723888395,-5.90091411145639,110.166065540571));
#16733=CARTESIAN_POINT('Ctrl Pts',(-0.246680971036589,-4.22689021691083,
110.841752915833));
#16734=CARTESIAN_POINT('Ctrl Pts',(-0.217552220766934,-3.99153198439276,
110.396808073616));
#16735=CARTESIAN_POINT('Ctrl Pts',(-0.202891787383753,-3.87382238273611,
110.169466339073));
#16736=CARTESIAN_POINT('Origin',(-0.654670662862193,-5.90091411145699,110.160801480075));
#16737=CARTESIAN_POINT('Ctrl Pts',(-0.202891787383755,-3.87382238273611,
110.169466339073));
#16738=CARTESIAN_POINT('Ctrl Pts',(-0.199724919215022,-3.84839538607801,
110.120357197226));
#16739=CARTESIAN_POINT('Ctrl Pts',(-0.205147067369413,-3.82350652833404,
110.069491020283));
#16740=CARTESIAN_POINT('Ctrl Pts',(-0.226509806383566,-3.78979933749078,
109.991432695445));
#16741=CARTESIAN_POINT('Ctrl Pts',(-0.240329456212067,-3.7761886257059,
109.956514427832));
#16742=CARTESIAN_POINT('Ctrl Pts',(-0.277938614362157,-3.75708552984018,
109.890567232058));
#16743=CARTESIAN_POINT('Ctrl Pts',(-0.301835244333857,-3.75187201959363,
109.85951895215));
#16744=CARTESIAN_POINT('Ctrl Pts',(-0.353388134941346,-3.75187201959375,
109.807966061542));
#16745=CARTESIAN_POINT('Ctrl Pts',(-0.384436414849441,-3.75708552984041,
109.784069431571));
#16746=CARTESIAN_POINT('Ctrl Pts',(-0.450383610623479,-3.77618862570636,
109.74646027342));
#16747=CARTESIAN_POINT('Ctrl Pts',(-0.485301878236794,-3.78979933749134,
109.732640623592));
#16748=CARTESIAN_POINT('Ctrl Pts',(-0.563360203074944,-3.82350652833482,
109.711277884578));
#16749=CARTESIAN_POINT('Ctrl Pts',(-0.614226380017381,-3.84839538607892,
109.705855736424));
#16750=CARTESIAN_POINT('Ctrl Pts',(-0.663335521863988,-3.87382238273712,
109.709022604592));
#16751=CARTESIAN_POINT('Origin',(-0.659934723357552,-5.90091411145701,109.113662458899));
#16752=CARTESIAN_POINT('Ctrl Pts',(-1.33562209862342,-4.22689021691322,
109.247188211754));
#16753=CARTESIAN_POINT('Ctrl Pts',(-0.890677256406678,-3.99153198439424,
109.276316962024));
#16754=CARTESIAN_POINT('Ctrl Pts',(-0.663335521863986,-3.87382238273712,
109.290977395408));
#16755=CARTESIAN_POINT('Origin',(0.00613081720862506,-3.8639021641829,109.5));
#16756=CARTESIAN_POINT('',(0.00613081720783019,-3.50091411145555,109.5));
#16757=CARTESIAN_POINT('',(0.688812054577498,-3.86390216418142,109.5));
#16758=CARTESIAN_POINT('Origin',(-2.8991466827937,-2.80091411146191,109.5));
#16759=CARTESIAN_POINT('',(1.8166858172063,-2.80091411145162,109.5));
#16760=CARTESIAN_POINT('Origin',(0.00613081720629735,-2.80091411145555,
109.5));
#16761=CARTESIAN_POINT('Origin',(0.00613081720523467,-2.31562161145555,
109.5));
#16762=CARTESIAN_POINT('',(1.81668581720417,-1.83032911145158,109.5));
#16763=CARTESIAN_POINT('Origin',(0.00613081720417199,-1.83032911145555,
109.5));
#16764=CARTESIAN_POINT('',(1.81668581720523,-2.3156216114516,109.5));
#16765=CARTESIAN_POINT('Origin',(0.00613081720370183,-1.61562161145555,
109.5));
#16766=CARTESIAN_POINT('',(1.9114083172037,-1.6156216114514,109.5));
#16767=UNCERTAINTY_MEASURE_WITH_UNIT(LENGTH_MEASURE(0.01),#16771,
'DISTANCE_ACCURACY_VALUE',
'Maximum model space distance between geometric entities at asserted c
onnectivities');
#16768=UNCERTAINTY_MEASURE_WITH_UNIT(LENGTH_MEASURE(0.01),#16771,
'DISTANCE_ACCURACY_VALUE',
'Maximum model space distance between geometric entities at asserted c
onnectivities');
#16769=(
GEOMETRIC_REPRESENTATION_CONTEXT(3)
GLOBAL_UNCERTAINTY_ASSIGNED_CONTEXT((#16767))
GLOBAL_UNIT_ASSIGNED_CONTEXT((#16771,#16773,#16774))
REPRESENTATION_CONTEXT('','3D')
);
#16770=(
GEOMETRIC_REPRESENTATION_CONTEXT(3)
GLOBAL_UNCERTAINTY_ASSIGNED_CONTEXT((#16768))
GLOBAL_UNIT_ASSIGNED_CONTEXT((#16771,#16773,#16774))
REPRESENTATION_CONTEXT('','3D')
);
#16771=(
LENGTH_UNIT()
NAMED_UNIT(*)
SI_UNIT(.MILLI.,.METRE.)
);
#16772=(
LENGTH_UNIT()
NAMED_UNIT(*)
SI_UNIT(.CENTI.,.METRE.)
);
#16773=(
NAMED_UNIT(*)
PLANE_ANGLE_UNIT()
SI_UNIT($,.RADIAN.)
);
#16774=(
NAMED_UNIT(*)
SI_UNIT($,.STERADIAN.)
SOLID_ANGLE_UNIT()
);
#16775=SHAPE_DEFINITION_REPRESENTATION(#16776,#16777);
#16776=PRODUCT_DEFINITION_SHAPE('',$,#16779);
#16777=SHAPE_REPRESENTATION('',(#8963),#16769);
#16778=PRODUCT_DEFINITION_CONTEXT('part definition',#16783,'design');
#16779=PRODUCT_DEFINITION('PE Crocodile','PE Crocodile',#16780,#16778);
#16780=PRODUCT_DEFINITION_FORMATION('',$,#16785);
#16781=PRODUCT_RELATED_PRODUCT_CATEGORY('PE Crocodile','PE Crocodile',(#16785));
#16782=APPLICATION_PROTOCOL_DEFINITION('international standard',
'automotive_design',2009,#16783);
#16783=APPLICATION_CONTEXT(
'Core Data for Automotive Mechanical Design Process');
#16784=PRODUCT_CONTEXT('part definition',#16783,'mechanical');
#16785=PRODUCT('PE Crocodile','PE Crocodile',$,(#16784));
#16786=PRESENTATION_STYLE_ASSIGNMENT((#16791));
#16787=PRESENTATION_STYLE_ASSIGNMENT((#16792));
#16788=PRESENTATION_STYLE_ASSIGNMENT((#16793));
#16789=PRESENTATION_STYLE_ASSIGNMENT((#16794));
#16790=PRESENTATION_STYLE_ASSIGNMENT((#16795));
#16791=SURFACE_STYLE_USAGE(.BOTH.,#16804);
#16792=SURFACE_STYLE_USAGE(.BOTH.,#16805);
#16793=SURFACE_STYLE_USAGE(.BOTH.,#16806);
#16794=SURFACE_STYLE_USAGE(.BOTH.,#16807);
#16795=SURFACE_STYLE_USAGE(.BOTH.,#16808);
#16796=SURFACE_STYLE_RENDERING_WITH_PROPERTIES($,#16824,(#16800));
#16797=SURFACE_STYLE_RENDERING_WITH_PROPERTIES($,#16825,(#16801));
#16798=SURFACE_STYLE_RENDERING_WITH_PROPERTIES($,#16826,(#16802));
#16799=SURFACE_STYLE_RENDERING_WITH_PROPERTIES($,#16827,(#16803));
#16800=SURFACE_STYLE_TRANSPARENT(0.);
#16801=SURFACE_STYLE_TRANSPARENT(0.);
#16802=SURFACE_STYLE_TRANSPARENT(0.);
#16803=SURFACE_STYLE_TRANSPARENT(0.);
#16804=SURFACE_SIDE_STYLE('',(#16809,#16796));
#16805=SURFACE_SIDE_STYLE('',(#16810,#16797));
#16806=SURFACE_SIDE_STYLE('',(#16811,#16798));
#16807=SURFACE_SIDE_STYLE('',(#16812,#16799));
#16808=SURFACE_SIDE_STYLE('',(#16813));
#16809=SURFACE_STYLE_FILL_AREA(#16814);
#16810=SURFACE_STYLE_FILL_AREA(#16815);
#16811=SURFACE_STYLE_FILL_AREA(#16816);
#16812=SURFACE_STYLE_FILL_AREA(#16817);
#16813=SURFACE_STYLE_FILL_AREA(#16818);
#16814=FILL_AREA_STYLE('',(#16819));
#16815=FILL_AREA_STYLE('',(#16820));
#16816=FILL_AREA_STYLE('',(#16821));
#16817=FILL_AREA_STYLE('',(#16822));
#16818=FILL_AREA_STYLE('',(#16823));
#16819=FILL_AREA_STYLE_COLOUR('',#16824);
#16820=FILL_AREA_STYLE_COLOUR('',#16825);
#16821=FILL_AREA_STYLE_COLOUR('',#16826);
#16822=FILL_AREA_STYLE_COLOUR('',#16827);
#16823=FILL_AREA_STYLE_COLOUR('',#16828);
#16824=COLOUR_RGB('',0.749019607843137,0.749019607843137,0.749019607843137);
#16825=COLOUR_RGB('',0.745098039215686,0.737254901960784,0.729411764705882);
#16826=COLOUR_RGB('',0.0196078431372549,0.0196078431372549,0.0196078431372549);
#16827=COLOUR_RGB('',0.250980392156863,0.250980392156863,0.250980392156863);
#16828=COLOUR_RGB('',0.301960784313725,0.305882352941176,0.290196078431373);
ENDSEC;
END-ISO-10303-21;
